date,warehouse_id,shift_id,workers,labor_hours,shipments,units_procced,Productivity,capacity,utilization_perct,backlog,errors,errors_percet,on_time_ships_percet,late_shipments,on_time_ships,year,month,month_nm,day_of_week,is_weekend,utilization_band,is_peak,backlog_rate_pct,high_pressure
2025-01-01,WH01,S1,25,200,11752,23504,7.345,17850,65.84,0,99,0.84,96.39,424,11328,2025,1,January,Wednesday,False,Normal,False,0.0,False
2025-01-01,WH01,S2,24,192,10112,10112,6.583333333333333,16320,61.96,0,74,0.73,94.3,577,9535,2025,1,January,Wednesday,False,Normal,False,0.0,False
2025-01-01,WH01,S3,19,152,7488,14976,6.157894736842105,10982,68.18,0,69,0.92,94.96,377,7111,2025,1,January,Wednesday,False,Normal,False,0.0,False
2025-01-01,WH02,S1,30,240,14048,28096,7.316666666666666,22680,61.94,0,107,0.76,97.15,400,13648,2025,1,January,Wednesday,False,Normal,False,0.0,False
2025-01-01,WH02,S2,28,224,10936,10936,6.102678571428571,20160,54.25,0,103,0.94,95.79,460,10476,2025,1,January,Wednesday,False,Low,False,0.0,False
2025-01-01,WH02,S3,22,176,9968,9968,7.079545454545454,13464,74.03,0,86,0.86,95.93,406,9562,2025,1,January,Wednesday,False,Normal,False,0.0,False
2025-01-01,WH03,S1,20,160,9576,9576,7.48125,12600,76.0,0,75,0.78,96.38,347,9229,2025,1,January,Wednesday,False,High,False,0.0,False
2025-01-01,WH03,S2,19,152,8288,8288,6.815789473684211,11400,72.7,0,38,0.46,95.62,363,7925,2025,1,January,Wednesday,False,Normal,False,0.0,False
2025-01-01,WH03,S3,15,120,5872,5872,6.116666666666666,7650,76.76,0,36,0.61,96.13,227,5645,2025,1,January,Wednesday,False,High,False,0.0,False
2025-01-01,WH04,S1,23,184,9936,19872,6.75,15842,62.72,0,69,0.69,96.56,342,9594,2025,1,January,Wednesday,False,Normal,False,0.0,False
2025-01-01,WH04,S2,22,176,8824,8824,6.267045454545454,14432,61.14,0,78,0.88,96.69,292,8532,2025,1,January,Wednesday,False,Normal,False,0.0,False
2025-01-01,WH04,S3,17,136,6288,6288,5.779411764705882,9479,66.34,0,48,0.76,97.13,181,6107,2025,1,January,Wednesday,False,Normal,False,0.0,False
2025-01-01,WH05,S1,18,144,7448,7448,6.465277777777778,10584,70.37,0,77,1.03,95.29,351,7097,2025,1,January,Wednesday,False,Normal,False,0.0,False
2025-01-01,WH05,S2,17,136,6864,6864,6.3088235294117645,9520,72.1,0,65,0.95,94.54,375,6489,2025,1,January,Wednesday,False,Normal,False,0.0,False
2025-01-01,WH05,S3,14,112,5312,15936,5.928571428571429,6664,79.71,0,38,0.72,95.78,224,5088,2025,1,January,Wednesday,False,High,False,0.0,False
2025-01-02,WH01,S1,25,200,10864,10864,6.79,17850,60.86,0,78,0.72,95.69,468,10396,2025,1,January,Thursday,False,Normal,False,0.0,False
2025-01-02,WH01,S2,24,192,10512,21024,6.84375,16320,64.41,0,88,0.84,95.81,441,10071,2025,1,January,Thursday,False,Normal,False,0.0,False
2025-01-02,WH01,S3,19,152,7928,7928,6.519736842105263,10982,72.19,0,55,0.69,96.38,287,7641,2025,1,January,Thursday,False,Normal,False,0.0,False
2025-01-02,WH02,S1,30,240,13296,26592,6.925,22680,58.62,0,127,0.96,95.9,546,12750,2025,1,January,Thursday,False,Low,False,0.0,False
2025-01-02,WH02,S2,28,224,11664,23328,6.508928571428571,20160,57.86,0,76,0.65,96.01,466,11198,2025,1,January,Thursday,False,Low,False,0.0,False
2025-01-02,WH02,S3,22,176,8824,8824,6.267045454545454,13464,65.54,0,70,0.79,95.79,371,8453,2025,1,January,Thursday,False,Normal,False,0.0,False
2025-01-02,WH03,S1,20,160,10560,21120,8.25,12600,83.81,0,97,0.92,96.37,383,10177,2025,1,January,Thursday,False,High,False,0.0,False
2025-01-02,WH03,S2,19,152,8552,17104,7.032894736842105,11400,75.02,0,73,0.85,97.34,228,8324,2025,1,January,Thursday,False,High,False,0.0,False
2025-01-02,WH03,S3,15,120,6760,6760,7.041666666666667,7650,88.37,0,59,0.87,96.92,208,6552,2025,1,January,Thursday,False,Very High,True,0.0,False
2025-01-02,WH04,S1,23,184,10120,20240,6.875,15842,63.88,0,107,1.06,97.8,223,9897,2025,1,January,Thursday,False,Normal,False,0.0,False
2025-01-02,WH04,S2,22,176,9000,9000,6.392045454545454,14432,62.36,0,87,0.97,96.18,344,8656,2025,1,January,Thursday,False,Normal,False,0.0,False
2025-01-02,WH04,S3,17,136,5736,11472,5.272058823529412,9479,60.51,0,44,0.77,95.86,238,5498,2025,1,January,Thursday,False,Normal,False,0.0,False
2025-01-02,WH05,S1,18,144,8312,8312,7.215277777777778,10584,78.53,0,54,0.65,93.67,526,7786,2025,1,January,Thursday,False,High,False,0.0,False
2025-01-02,WH05,S2,17,136,7280,7280,6.691176470588236,9520,76.47,0,65,0.89,95.85,302,6978,2025,1,January,Thursday,False,High,False,0.0,False
2025-01-02,WH05,S3,14,112,5088,15264,5.678571428571429,6664,76.35,0,33,0.65,94.23,293,4795,2025,1,January,Thursday,False,High,False,0.0,False
2025-01-03,WH01,S1,25,200,15416,15416,9.635,17850,86.36,0,156,1.01,95.85,640,14776,2025,1,January,Friday,False,Very High,True,0.0,False
2025-01-03,WH01,S2,24,192,10432,10432,6.791666666666667,16320,63.92,0,92,0.88,97.62,248,10184,2025,1,January,Friday,False,Normal,False,0.0,False
2025-01-03,WH01,S3,19,152,7160,7160,5.8881578947368425,10982,65.2,0,41,0.57,95.94,291,6869,2025,1,January,Friday,False,Normal,False,0.0,False
2025-01-03,WH02,S1,30,240,13064,39192,6.804166666666666,22680,57.6,0,110,0.84,96.24,491,12573,2025,1,January,Friday,False,Low,False,0.0,False
2025-01-03,WH02,S2,28,224,16744,16744,9.34375,20160,83.06,0,130,0.78,93.86,1029,15715,2025,1,January,Friday,False,High,False,0.0,False
2025-01-03,WH02,S3,22,176,9600,19200,6.818181818181818,13464,71.3,0,64,0.67,97.18,270,9330,2025,1,January,Friday,False,Normal,False,0.0,False
2025-01-03,WH03,S1,20,160,10880,21760,8.5,12600,86.35,0,126,1.16,98.77,134,10746,2025,1,January,Friday,False,Very High,True,0.0,False
2025-01-03,WH03,S2,19,152,8400,16800,6.907894736842105,11400,73.68,0,61,0.73,95.75,357,8043,2025,1,January,Friday,False,Normal,False,0.0,False
2025-01-03,WH03,S3,15,120,6568,13136,6.841666666666667,7650,85.86,0,81,1.23,96.08,258,6310,2025,1,January,Friday,False,Very High,True,0.0,False
2025-01-03,WH04,S1,23,184,11848,11848,8.048913043478262,15842,74.79,0,74,0.62,96.08,464,11384,2025,1,January,Friday,False,Normal,False,0.0,False
2025-01-03,WH04,S2,22,176,10152,10152,7.210227272727272,14432,70.34,0,100,0.99,95.9,416,9736,2025,1,January,Friday,False,Normal,False,0.0,False
2025-01-03,WH04,S3,17,136,6768,13536,6.220588235294118,9479,71.4,0,46,0.68,96.48,238,6530,2025,1,January,Friday,False,Normal,False,0.0,False
2025-01-03,WH05,S1,18,144,9648,9648,8.375,10584,91.16,0,86,0.89,94.62,519,9129,2025,1,January,Friday,False,Very High,True,0.0,False
2025-01-03,WH05,S2,17,136,8616,8616,7.919117647058823,9520,90.5,0,97,1.13,96.62,291,8325,2025,1,January,Friday,False,Very High,True,0.0,False
2025-01-03,WH05,S3,14,112,4352,4352,4.857142857142857,6664,65.31,0,36,0.83,95.75,185,4167,2025,1,January,Friday,False,Normal,False,0.0,False
2025-01-04,WH01,S1,25,200,7216,7216,4.51,17850,40.43,0,59,0.82,96.69,239,6977,2025,1,January,Saturday,False,Low,False,0.0,False
2025-01-04,WH01,S2,24,192,5384,5384,3.505208333333333,16320,32.99,0,44,0.82,93.03,375,5009,2025,1,January,Saturday,False,Low,False,0.0,False
2025-01-04,WH01,S3,19,152,3976,3976,3.2697368421052637,10982,36.2,0,32,0.8,95.5,179,3797,2025,1,January,Saturday,False,Low,False,0.0,False
2025-01-04,WH02,S1,30,240,9808,9808,5.108333333333333,22680,43.25,0,94,0.96,95.89,403,9405,2025,1,January,Saturday,False,Low,False,0.0,False
2025-01-04,WH02,S2,28,224,9248,18496,5.160714285714286,20160,45.87,0,76,0.82,95.61,406,8842,2025,1,January,Saturday,False,Low,False,0.0,False
2025-01-04,WH02,S3,22,176,5640,5640,4.005681818181818,13464,41.89,0,48,0.85,94.97,284,5356,2025,1,January,Saturday,False,Low,False,0.0,False
2025-01-04,WH03,S1,20,160,6016,12032,4.7,12600,47.75,0,50,0.83,94.86,310,5706,2025,1,January,Saturday,False,Low,False,0.0,False
2025-01-04,WH03,S2,19,152,4528,4528,3.723684210526316,11400,39.72,0,28,0.62,95.93,185,4343,2025,1,January,Saturday,False,Low,False,0.0,False
2025-01-04,WH03,S3,15,120,4024,4024,4.191666666666666,7650,52.6,0,30,0.75,94.26,231,3793,2025,1,January,Saturday,False,Low,False,0.0,False
2025-01-04,WH04,S1,23,184,7400,7400,5.027173913043479,15842,46.71,0,65,0.88,96.09,290,7110,2025,1,January,Saturday,False,Low,False,0.0,False
2025-01-04,WH04,S2,22,176,5576,11152,3.960227272727273,14432,38.64,0,48,0.86,95.4,256,5320,2025,1,January,Saturday,False,Low,False,0.0,False
2025-01-04,WH04,S3,17,136,4376,13128,4.022058823529412,9479,46.17,0,36,0.82,96.11,170,4206,2025,1,January,Saturday,False,Low,False,0.0,False
2025-01-04,WH05,S1,18,144,5000,10000,4.340277777777778,10584,47.24,0,41,0.82,96.06,197,4803,2025,1,January,Saturday,False,Low,False,0.0,False
2025-01-04,WH05,S2,17,136,5184,10368,4.764705882352941,9520,54.45,0,42,0.81,95.11,253,4931,2025,1,January,Saturday,False,Low,False,0.0,False
2025-01-04,WH05,S3,14,112,3336,6672,3.7232142857142856,6664,50.06,0,25,0.75,95.75,142,3194,2025,1,January,Saturday,False,Low,False,0.0,False
2025-01-05,WH01,S1,25,200,5160,5160,3.225,17850,28.91,0,34,0.66,96.08,202,4958,2025,1,January,Sunday,True,Low,False,0.0,False
2025-01-05,WH01,S2,24,192,5120,10240,3.333333333333333,16320,31.37,0,42,0.82,96.9,159,4961,2025,1,January,Sunday,True,Low,False,0.0,False
2025-01-05,WH01,S3,19,152,3616,3616,2.973684210526316,10982,32.93,0,33,0.91,96.52,126,3490,2025,1,January,Sunday,True,Low,False,0.0,False
2025-01-05,WH02,S1,30,240,8320,8320,4.333333333333333,22680,36.68,0,69,0.83,95.31,390,7930,2025,1,January,Sunday,True,Low,False,0.0,False
2025-01-05,WH02,S2,28,224,6920,6920,3.861607142857143,20160,34.33,0,63,0.91,95.14,336,6584,2025,1,January,Sunday,True,Low,False,0.0,False
2025-01-05,WH02,S3,22,176,5248,5248,3.727272727272727,13464,38.98,0,46,0.88,96.07,206,5042,2025,1,January,Sunday,True,Low,False,0.0,False
2025-01-05,WH03,S1,20,160,5368,5368,4.19375,12600,42.6,0,42,0.78,97.34,143,5225,2025,1,January,Sunday,True,Low,False,0.0,False
2025-01-05,WH03,S2,19,152,3792,3792,3.1184210526315788,11400,33.26,0,35,0.92,95.87,156,3636,2025,1,January,Sunday,True,Low,False,0.0,False
2025-01-05,WH03,S3,15,120,3296,6592,3.433333333333333,7650,43.08,0,27,0.82,95.72,141,3155,2025,1,January,Sunday,True,Low,False,0.0,False
2025-01-05,WH04,S1,23,184,5632,11264,3.8260869565217392,15842,35.55,0,52,0.92,95.99,226,5406,2025,1,January,Sunday,True,Low,False,0.0,False
2025-01-05,WH04,S2,22,176,4600,4600,3.2670454545454546,14432,31.87,0,37,0.8,96.61,156,4444,2025,1,January,Sunday,True,Low,False,0.0,False
2025-01-05,WH04,S3,17,136,4056,4056,3.727941176470588,9479,42.79,0,36,0.89,93.66,257,3799,2025,1,January,Sunday,True,Low,False,0.0,False
2025-01-05,WH05,S1,18,144,4144,4144,3.5972222222222223,10584,39.15,0,26,0.63,96.82,132,4012,2025,1,January,Sunday,True,Low,False,0.0,False
2025-01-05,WH05,S2,17,136,3392,3392,3.117647058823529,9520,35.63,0,29,0.85,96.74,111,3281,2025,1,January,Sunday,True,Low,False,0.0,False
2025-01-05,WH05,S3,14,112,2592,2592,2.892857142857143,6664,38.9,0,20,0.77,95.48,117,2475,2025,1,January,Sunday,True,Low,False,0.0,False
2025-01-06,WH01,S1,25,200,11168,11168,6.98,17850,62.57,0,66,0.59,96.18,427,10741,2025,1,January,Monday,False,Normal,False,0.0,False
2025-01-06,WH01,S2,24,192,10296,30888,6.703125,16320,63.09,0,89,0.86,95.84,428,9868,2025,1,January,Monday,False,Normal,False,0.0,False
2025-01-06,WH01,S3,19,152,7672,7672,6.309210526315789,10982,69.86,0,56,0.73,95.85,318,7354,2025,1,January,Monday,False,Normal,False,0.0,False
2025-01-06,WH02,S1,30,240,14408,14408,7.504166666666666,22680,63.53,0,126,0.87,95.93,586,13822,2025,1,January,Monday,False,Normal,False,0.0,False
2025-01-06,WH02,S2,28,224,11976,23952,6.683035714285714,20160,59.4,0,114,0.95,98.11,226,11750,2025,1,January,Monday,False,Low,False,0.0,False
2025-01-06,WH02,S3,22,176,8744,8744,6.2102272727272725,13464,64.94,0,67,0.77,94.2,507,8237,2025,1,January,Monday,False,Normal,False,0.0,False
2025-01-06,WH03,S1,20,160,10464,20928,8.175,12600,83.05,0,84,0.8,97.31,282,10182,2025,1,January,Monday,False,High,False,0.0,False
2025-01-06,WH03,S2,19,152,7800,7800,6.414473684210527,11400,68.42,0,53,0.68,94.66,416,7384,2025,1,January,Monday,False,Normal,False,0.0,False
2025-01-06,WH03,S3,15,120,5824,11648,6.066666666666666,7650,76.13,0,60,1.03,95.83,243,5581,2025,1,January,Monday,False,High,False,0.0,False
2025-01-06,WH04,S1,23,184,12256,12256,8.326086956521738,15842,77.36,0,90,0.73,98.02,242,12014,2025,1,January,Monday,False,High,False,0.0,False
2025-01-06,WH04,S2,22,176,10720,10720,7.613636363636363,14432,74.28,0,91,0.85,95.53,479,10241,2025,1,January,Monday,False,Normal,False,0.0,False
2025-01-06,WH04,S3,17,136,5808,5808,5.338235294117647,9479,61.27,0,42,0.72,93.68,367,5441,2025,1,January,Monday,False,Normal,False,0.0,False
2025-01-06,WH05,S1,18,144,9112,9112,7.909722222222222,10584,86.09,0,89,0.98,95.88,376,8736,2025,1,January,Monday,False,Very High,True,0.0,False
2025-01-06,WH05,S2,17,136,7872,15744,7.235294117647059,9520,82.69,0,59,0.75,94.99,394,7478,2025,1,January,Monday,False,High,False,0.0,False
2025-01-06,WH05,S3,14,112,5328,5328,5.946428571428571,6664,79.95,0,32,0.6,95.51,239,5089,2025,1,January,Monday,False,High,False,0.0,False
2025-01-07,WH01,S1,25,200,10184,10184,6.365,17850,57.05,0,96,0.94,96.68,338,9846,2025,1,January,Tuesday,False,Low,False,0.0,False
2025-01-07,WH01,S2,24,192,9152,9152,5.958333333333333,16320,56.08,0,57,0.62,95.39,422,8730,2025,1,January,Tuesday,False,Low,False,0.0,False
2025-01-07,WH01,S3,19,152,5384,16152,4.427631578947368,10982,49.03,0,48,0.89,97.45,137,5247,2025,1,January,Tuesday,False,Low,False,0.0,False
2025-01-07,WH02,S1,30,240,14944,29888,7.783333333333333,22680,65.89,0,111,0.74,96.77,483,14461,2025,1,January,Tuesday,False,Normal,False,0.0,False
2025-01-07,WH02,S2,28,224,11280,33840,6.294642857142857,20160,55.95,0,70,0.62,95.61,495,10785,2025,1,January,Tuesday,False,Low,False,0.0,False
2025-01-07,WH02,S3,22,176,8400,8400,5.965909090909091,13464,62.39,0,46,0.55,96.41,301,8099,2025,1,January,Tuesday,False,Normal,False,0.0,False
2025-01-07,WH03,S1,20,160,10832,10832,8.4625,12600,85.97,0,102,0.94,95.05,536,10296,2025,1,January,Tuesday,False,Very High,True,0.0,False
2025-01-07,WH03,S2,19,152,7832,15664,6.440789473684211,11400,68.7,0,70,0.89,96.58,268,7564,2025,1,January,Tuesday,False,Normal,False,0.0,False
2025-01-07,WH03,S3,15,120,6072,6072,6.325,7650,79.37,0,52,0.86,95.72,260,5812,2025,1,January,Tuesday,False,High,False,0.0,False
2025-01-07,WH04,S1,23,184,10616,21232,7.211956521739131,15842,67.01,0,84,0.79,96.37,385,10231,2025,1,January,Tuesday,False,Normal,False,0.0,False
2025-01-07,WH04,S2,22,176,9272,9272,6.5852272727272725,14432,64.25,0,76,0.82,95.9,380,8892,2025,1,January,Tuesday,False,Normal,False,0.0,False
2025-01-07,WH04,S3,17,136,7184,7184,6.602941176470588,9479,75.79,0,45,0.63,96.45,255,6929,2025,1,January,Tuesday,False,High,False,0.0,False
2025-01-07,WH05,S1,18,144,7976,7976,6.923611111111111,10584,75.36,0,65,0.81,96.51,279,7697,2025,1,January,Tuesday,False,High,False,0.0,False
2025-01-07,WH05,S2,17,136,7600,7600,6.985294117647059,9520,79.83,0,46,0.61,96.79,244,7356,2025,1,January,Tuesday,False,High,False,0.0,False
2025-01-07,WH05,S3,14,112,5288,5288,5.901785714285714,6664,79.35,0,44,0.83,97.53,130,5158,2025,1,January,Tuesday,False,High,False,0.0,False
2025-01-08,WH01,S1,25,200,10416,10416,6.51,17850,58.35,0,80,0.77,97.97,212,10204,2025,1,January,Wednesday,False,Low,False,0.0,False
2025-01-08,WH01,S2,24,192,8536,8536,5.557291666666667,16320,52.3,0,58,0.68,96.27,319,8217,2025,1,January,Wednesday,False,Low,False,0.0,False
2025-01-08,WH01,S3,19,152,7264,14528,5.973684210526316,10982,66.14,0,45,0.62,97.26,199,7065,2025,1,January,Wednesday,False,Normal,False,0.0,False
2025-01-08,WH02,S1,30,240,11264,11264,5.866666666666666,22680,49.66,0,81,0.72,96.66,376,10888,2025,1,January,Wednesday,False,Low,False,0.0,False
2025-01-08,WH02,S2,28,224,12568,12568,7.013392857142857,20160,62.34,0,104,0.83,95.69,542,12026,2025,1,January,Wednesday,False,Normal,False,0.0,False
2025-01-08,WH02,S3,22,176,9160,9160,6.505681818181818,13464,68.03,0,71,0.78,96.31,338,8822,2025,1,January,Wednesday,False,Normal,False,0.0,False
2025-01-08,WH03,S1,20,160,9872,19744,7.7125,12600,78.35,0,63,0.64,96.77,319,9553,2025,1,January,Wednesday,False,High,False,0.0,False
2025-01-08,WH03,S2,19,152,8040,8040,6.6118421052631575,11400,70.53,0,54,0.67,96.25,302,7738,2025,1,January,Wednesday,False,Normal,False,0.0,False
2025-01-08,WH03,S3,15,120,6264,6264,6.525,7650,81.88,0,38,0.61,95.61,275,5989,2025,1,January,Wednesday,False,High,False,0.0,False
2025-01-08,WH04,S1,23,184,10408,10408,7.070652173913044,15842,65.7,0,100,0.96,95.16,504,9904,2025,1,January,Wednesday,False,Normal,False,0.0,False
2025-01-08,WH04,S2,22,176,8312,8312,5.903409090909091,14432,57.59,0,59,0.71,95.08,409,7903,2025,1,January,Wednesday,False,Low,False,0.0,False
2025-01-08,WH04,S3,17,136,5776,5776,5.3088235294117645,9479,60.93,0,33,0.57,96.33,212,5564,2025,1,January,Wednesday,False,Normal,False,0.0,False
2025-01-08,WH05,S1,18,144,8616,8616,7.479166666666667,10584,81.41,0,69,0.8,96.37,313,8303,2025,1,January,Wednesday,False,High,False,0.0,False
2025-01-08,WH05,S2,17,136,6888,6888,6.330882352941177,9520,72.35,0,57,0.83,96.91,213,6675,2025,1,January,Wednesday,False,Normal,False,0.0,False
2025-01-08,WH05,S3,14,112,4624,4624,5.160714285714286,6664,69.39,0,31,0.67,95.88,190,4434,2025,1,January,Wednesday,False,Normal,False,0.0,False
2025-01-09,WH01,S1,25,200,11176,33528,6.985,17850,62.61,0,60,0.54,98.09,213,10963,2025,1,January,Thursday,False,Normal,False,0.0,False
2025-01-09,WH01,S2,24,192,11304,11304,7.359375,16320,69.26,0,73,0.65,96.05,446,10858,2025,1,January,Thursday,False,Normal,False,0.0,False
2025-01-09,WH01,S3,19,152,8608,8608,7.078947368421052,10982,78.38,0,78,0.91,96.3,318,8290,2025,1,January,Thursday,False,High,False,0.0,False
2025-01-09,WH02,S1,30,240,16040,32080,8.354166666666666,22680,70.72,0,158,0.99,95.77,678,15362,2025,1,January,Thursday,False,Normal,False,0.0,False
2025-01-09,WH02,S2,28,224,13584,13584,7.580357142857143,20160,67.38,0,119,0.88,96.44,483,13101,2025,1,January,Thursday,False,Normal,False,0.0,False
2025-01-09,WH02,S3,22,176,9688,9688,6.880681818181818,13464,71.95,0,84,0.87,94.81,503,9185,2025,1,January,Thursday,False,Normal,False,0.0,False
2025-01-09,WH03,S1,20,160,11176,11176,8.73125,12600,88.7,0,131,1.17,95.95,453,10723,2025,1,January,Thursday,False,Very High,True,0.0,False
2025-01-09,WH03,S2,19,152,9288,18576,7.638157894736842,11400,81.47,0,84,0.9,94.8,483,8805,2025,1,January,Thursday,False,High,False,0.0,False
2025-01-09,WH03,S3,15,120,6016,12032,6.266666666666667,7650,78.64,0,31,0.52,96.92,185,5831,2025,1,January,Thursday,False,High,False,0.0,False
2025-01-09,WH04,S1,23,184,9640,28920,6.548913043478261,15842,60.85,0,55,0.57,95.9,395,9245,2025,1,January,Thursday,False,Normal,False,0.0,False
2025-01-09,WH04,S2,22,176,9480,18960,6.732954545454546,14432,65.69,0,71,0.75,97.13,272,9208,2025,1,January,Thursday,False,Normal,False,0.0,False
2025-01-09,WH04,S3,17,136,6680,6680,6.139705882352941,9479,70.47,0,53,0.79,95.79,281,6399,2025,1,January,Thursday,False,Normal,False,0.0,False
2025-01-09,WH05,S1,18,144,8136,8136,7.0625,10584,76.87,0,68,0.84,96.08,319,7817,2025,1,January,Thursday,False,High,False,0.0,False
2025-01-09,WH05,S2,17,136,8160,16320,7.5,9520,85.71,0,108,1.32,96.87,255,7905,2025,1,January,Thursday,False,Very High,True,0.0,False
2025-01-09,WH05,S3,14,112,5352,5352,5.973214285714286,6664,80.31,0,39,0.73,96.06,211,5141,2025,1,January,Thursday,False,High,False,0.0,False
2025-01-10,WH01,S1,25,200,15432,15432,9.645,17850,86.45,0,196,1.27,97.5,385,15047,2025,1,January,Friday,False,Very High,True,0.0,False
2025-01-10,WH01,S2,24,192,10944,21888,7.125,16320,67.06,0,63,0.58,95.53,489,10455,2025,1,January,Friday,False,Normal,False,0.0,False
2025-01-10,WH01,S3,19,152,7976,15952,6.559210526315789,10982,72.63,0,54,0.68,97.19,224,7752,2025,1,January,Friday,False,Normal,False,0.0,False
2025-01-10,WH02,S1,30,240,11880,11880,6.1875,22680,52.38,0,93,0.78,96.3,439,11441,2025,1,January,Friday,False,Low,False,0.0,False
2025-01-10,WH02,S2,28,224,11904,23808,6.642857142857143,20160,59.05,0,78,0.66,96.76,386,11518,2025,1,January,Friday,False,Low,False,0.0,False
2025-01-10,WH02,S3,22,176,8592,8592,6.102272727272728,13464,63.81,0,69,0.8,96.5,301,8291,2025,1,January,Friday,False,Normal,False,0.0,False
2025-01-10,WH03,S1,20,160,10144,10144,7.925,12600,80.51,0,63,0.62,95.84,422,9722,2025,1,January,Friday,False,High,False,0.0,False
2025-01-10,WH03,S2,19,152,10384,10384,8.539473684210526,11400,91.09,0,84,0.81,94.03,620,9764,2025,1,January,Friday,False,Very High,True,0.0,False
2025-01-10,WH03,S3,15,120,7256,14512,7.558333333333334,7650,94.85,0,105,1.45,97.28,197,7059,2025,1,January,Friday,False,Very High,True,0.0,False
2025-01-10,WH04,S1,23,184,11896,11896,8.081521739130435,15842,75.09,0,93,0.78,93.08,823,11073,2025,1,January,Friday,False,High,False,0.0,False
2025-01-10,WH04,S2,22,176,9656,9656,6.857954545454546,14432,66.91,0,83,0.86,95.69,416,9240,2025,1,January,Friday,False,Normal,False,0.0,False
2025-01-10,WH04,S3,17,136,6664,13328,6.125,9479,70.3,0,51,0.77,96.63,225,6439,2025,1,January,Friday,False,Normal,False,0.0,False
2025-01-10,WH05,S1,18,144,8176,8176,7.097222222222222,10584,77.25,0,51,0.62,97.35,217,7959,2025,1,January,Friday,False,High,False,0.0,False
2025-01-10,WH05,S2,17,136,8088,8088,7.433823529411764,9520,84.96,0,63,0.78,96.37,294,7794,2025,1,January,Friday,False,High,False,0.0,False
2025-01-10,WH05,S3,14,112,4752,4752,5.303571428571429,6664,71.31,0,43,0.9,96.36,173,4579,2025,1,January,Friday,False,Normal,False,0.0,False
2025-01-11,WH01,S1,25,200,7280,7280,4.55,17850,40.78,0,54,0.74,95.4,335,6945,2025,1,January,Saturday,False,Low,False,0.0,False
2025-01-11,WH01,S2,24,192,6368,6368,4.145833333333333,16320,39.02,0,59,0.93,95.84,265,6103,2025,1,January,Saturday,False,Low,False,0.0,False
2025-01-11,WH01,S3,19,152,4480,4480,3.684210526315789,10982,40.79,0,31,0.69,96.39,162,4318,2025,1,January,Saturday,False,Low,False,0.0,False
2025-01-11,WH02,S1,30,240,8624,8624,4.491666666666666,22680,38.02,0,75,0.87,96.12,335,8289,2025,1,January,Saturday,False,Low,False,0.0,False
2025-01-11,WH02,S2,28,224,7792,23376,4.348214285714286,20160,38.65,0,58,0.74,96.41,280,7512,2025,1,January,Saturday,False,Low,False,0.0,False
2025-01-11,WH02,S3,22,176,5840,5840,4.1477272727272725,13464,43.37,0,41,0.7,95.43,267,5573,2025,1,January,Saturday,False,Low,False,0.0,False
2025-01-11,WH03,S1,20,160,5264,5264,4.1125,12600,41.78,0,55,1.04,96.96,160,5104,2025,1,January,Saturday,False,Low,False,0.0,False
2025-01-11,WH03,S2,19,152,5536,16608,4.552631578947368,11400,48.56,0,50,0.9,96.05,218,5318,2025,1,January,Saturday,False,Low,False,0.0,False
2025-01-11,WH03,S3,15,120,3672,11016,3.825,7650,48.0,0,30,0.82,96.63,124,3548,2025,1,January,Saturday,False,Low,False,0.0,False
2025-01-11,WH04,S1,23,184,6848,20544,4.652173913043479,15842,43.23,0,42,0.61,95.23,327,6521,2025,1,January,Saturday,False,Low,False,0.0,False
2025-01-11,WH04,S2,22,176,5968,5968,4.238636363636363,14432,41.35,0,51,0.85,95.19,287,5681,2025,1,January,Saturday,False,Low,False,0.0,False
2025-01-11,WH04,S3,17,136,4360,13080,4.007352941176471,9479,46.0,0,33,0.76,95.9,179,4181,2025,1,January,Saturday,False,Low,False,0.0,False
2025-01-11,WH05,S1,18,144,4264,4264,3.701388888888889,10584,40.29,0,32,0.75,94.81,221,4043,2025,1,January,Saturday,False,Low,False,0.0,False
2025-01-11,WH05,S2,17,136,4648,9296,4.272058823529412,9520,48.82,0,32,0.69,95.97,187,4461,2025,1,January,Saturday,False,Low,False,0.0,False
2025-01-11,WH05,S3,14,112,3280,6560,3.6607142857142856,6664,49.22,0,27,0.82,94.73,173,3107,2025,1,January,Saturday,False,Low,False,0.0,False
2025-01-12,WH01,S1,25,200,5920,11840,3.7,17850,33.17,0,45,0.76,95.85,246,5674,2025,1,January,Sunday,True,Low,False,0.0,False
2025-01-12,WH01,S2,24,192,4992,4992,3.25,16320,30.59,0,39,0.78,94.86,257,4735,2025,1,January,Sunday,True,Low,False,0.0,False
2025-01-12,WH01,S3,19,152,4072,4072,3.348684210526316,10982,37.08,0,30,0.74,96.97,123,3949,2025,1,January,Sunday,True,Low,False,0.0,False
2025-01-12,WH02,S1,30,240,7224,7224,3.7625,22680,31.85,0,65,0.9,96.1,282,6942,2025,1,January,Sunday,True,Low,False,0.0,False
2025-01-12,WH02,S2,28,224,5800,5800,3.236607142857143,20160,28.77,0,44,0.76,95.49,262,5538,2025,1,January,Sunday,True,Low,False,0.0,False
2025-01-12,WH02,S3,22,176,5000,10000,3.551136363636364,13464,37.14,0,39,0.78,97.01,150,4850,2025,1,January,Sunday,True,Low,False,0.0,False
2025-01-12,WH03,S1,20,160,5120,5120,4.0,12600,40.63,0,37,0.72,96.22,193,4927,2025,1,January,Sunday,True,Low,False,0.0,False
2025-01-12,WH03,S2,19,152,4648,4648,3.822368421052632,11400,40.77,0,38,0.82,95.82,194,4454,2025,1,January,Sunday,True,Low,False,0.0,False
2025-01-12,WH03,S3,15,120,3048,6096,3.175,7650,39.84,0,23,0.75,95.18,147,2901,2025,1,January,Sunday,True,Low,False,0.0,False
2025-01-12,WH04,S1,23,184,6192,12384,4.206521739130435,15842,39.09,0,72,1.16,96.47,219,5973,2025,1,January,Sunday,True,Low,False,0.0,False
2025-01-12,WH04,S2,22,176,4872,9744,3.460227272727273,14432,33.76,0,38,0.78,95.88,201,4671,2025,1,January,Sunday,True,Low,False,0.0,False
2025-01-12,WH04,S3,17,136,3616,3616,3.323529411764706,9479,38.15,0,35,0.97,96.91,112,3504,2025,1,January,Sunday,True,Low,False,0.0,False
2025-01-12,WH05,S1,18,144,4744,4744,4.118055555555555,10584,44.82,0,45,0.95,97.59,115,4629,2025,1,January,Sunday,True,Low,False,0.0,False
2025-01-12,WH05,S2,17,136,3320,3320,3.051470588235294,9520,34.87,0,29,0.87,94.96,167,3153,2025,1,January,Sunday,True,Low,False,0.0,False
2025-01-12,WH05,S3,14,112,3104,3104,3.4642857142857144,6664,46.58,0,26,0.84,95.47,141,2963,2025,1,January,Sunday,True,Low,False,0.0,False
2025-01-13,WH01,S1,25,200,12344,12344,7.715,17850,69.15,0,112,0.91,95.98,497,11847,2025,1,January,Monday,False,Normal,False,0.0,False
2025-01-13,WH01,S2,24,192,11368,11368,7.401041666666667,16320,69.66,0,87,0.77,95.92,464,10904,2025,1,January,Monday,False,Normal,False,0.0,False
2025-01-13,WH01,S3,19,152,7888,7888,6.4868421052631575,10982,71.83,0,53,0.67,97.34,210,7678,2025,1,January,Monday,False,Normal,False,0.0,False
2025-01-13,WH02,S1,30,240,14712,29424,7.6625,22680,64.87,0,146,0.99,95.2,706,14006,2025,1,January,Monday,False,Normal,False,0.0,False
2025-01-13,WH02,S2,28,224,10792,10792,6.022321428571429,20160,53.53,0,86,0.8,96.18,412,10380,2025,1,January,Monday,False,Low,False,0.0,False
2025-01-13,WH02,S3,22,176,9464,9464,6.721590909090909,13464,70.29,0,78,0.82,95.84,394,9070,2025,1,January,Monday,False,Normal,False,0.0,False
2025-01-13,WH03,S1,20,160,10192,10192,7.9625,12600,80.89,0,95,0.93,95.92,416,9776,2025,1,January,Monday,False,High,False,0.0,False
2025-01-13,WH03,S2,19,152,6688,6688,5.5,11400,58.67,0,57,0.85,94.63,359,6329,2025,1,January,Monday,False,Low,False,0.0,False
2025-01-13,WH03,S3,15,120,6632,6632,6.908333333333333,7650,86.69,0,87,1.31,95.08,326,6306,2025,1,January,Monday,False,Very High,True,0.0,False
2025-01-13,WH04,S1,23,184,12088,12088,8.21195652173913,15842,76.3,0,99,0.82,96.9,374,11714,2025,1,January,Monday,False,High,False,0.0,False
2025-01-13,WH04,S2,22,176,9656,9656,6.857954545454546,14432,66.91,0,63,0.65,95.92,394,9262,2025,1,January,Monday,False,Normal,False,0.0,False
2025-01-13,WH04,S3,17,136,7312,7312,6.720588235294118,9479,77.14,0,53,0.72,95.58,323,6989,2025,1,January,Monday,False,High,False,0.0,False
2025-01-13,WH05,S1,18,144,8736,8736,7.583333333333333,10584,82.54,0,68,0.78,95.68,377,8359,2025,1,January,Monday,False,High,False,0.0,False
2025-01-13,WH05,S2,17,136,7848,7848,7.213235294117647,9520,82.44,0,64,0.82,95.86,325,7523,2025,1,January,Monday,False,High,False,0.0,False
2025-01-13,WH05,S3,14,112,4744,4744,5.294642857142857,6664,71.19,0,30,0.63,97.02,141,4603,2025,1,January,Monday,False,Normal,False,0.0,False
2025-01-14,WH01,S1,25,200,10624,10624,6.64,17850,59.52,0,80,0.75,96.27,397,10227,2025,1,January,Tuesday,False,Low,False,0.0,False
2025-01-14,WH01,S2,24,192,8712,17424,5.671875,16320,53.38,0,37,0.42,97.27,238,8474,2025,1,January,Tuesday,False,Low,False,0.0,False
2025-01-14,WH01,S3,19,152,7784,7784,6.401315789473684,10982,70.88,0,57,0.73,94.52,426,7358,2025,1,January,Tuesday,False,Normal,False,0.0,False
2025-01-14,WH02,S1,30,240,13704,13704,7.1375,22680,60.42,0,128,0.93,95.71,587,13117,2025,1,January,Tuesday,False,Normal,False,0.0,False
2025-01-14,WH02,S2,28,224,11400,11400,6.361607142857143,20160,56.55,0,97,0.85,95.25,542,10858,2025,1,January,Tuesday,False,Low,False,0.0,False
2025-01-14,WH02,S3,22,176,7728,15456,5.488636363636363,13464,57.4,0,70,0.91,93.31,517,7211,2025,1,January,Tuesday,False,Low,False,0.0,False
2025-01-14,WH03,S1,20,160,6776,13552,5.29375,12600,53.78,0,60,0.89,95.92,277,6499,2025,1,January,Tuesday,False,Low,False,0.0,False
2025-01-14,WH03,S2,19,152,9808,19616,8.06578947368421,11400,86.04,0,116,1.18,97.0,294,9514,2025,1,January,Tuesday,False,Very High,True,0.0,False
2025-01-14,WH03,S3,15,120,5200,10400,5.416666666666667,7650,67.97,0,27,0.52,96.31,192,5008,2025,1,January,Tuesday,False,Normal,False,0.0,False
2025-01-14,WH04,S1,23,184,10936,10936,7.429347826086956,15842,69.03,0,90,0.82,96.2,416,10520,2025,1,January,Tuesday,False,Normal,False,0.0,False
2025-01-14,WH04,S2,22,176,8616,8616,6.119318181818182,14432,59.7,0,59,0.68,95.48,389,8227,2025,1,January,Tuesday,False,Low,False,0.0,False
2025-01-14,WH04,S3,17,136,6024,12048,5.536764705882353,9479,63.55,0,42,0.7,95.99,241,5783,2025,1,January,Tuesday,False,Normal,False,0.0,False
2025-01-14,WH05,S1,18,144,7992,7992,6.9375,10584,75.51,0,52,0.65,95.4,368,7624,2025,1,January,Tuesday,False,High,False,0.0,False
2025-01-14,WH05,S2,17,136,8288,8288,7.617647058823529,9520,87.06,0,78,0.94,96.54,286,8002,2025,1,January,Tuesday,False,Very High,True,0.0,False
2025-01-14,WH05,S3,14,112,5280,10560,5.892857142857143,6664,79.23,0,50,0.95,95.5,237,5043,2025,1,January,Tuesday,False,High,False,0.0,False
2025-01-15,WH01,S1,25,200,11928,11928,7.455,17850,66.82,0,107,0.9,96.15,459,11469,2025,1,January,Wednesday,False,Normal,False,0.0,False
2025-01-15,WH01,S2,24,192,9376,9376,6.104166666666667,16320,57.45,0,72,0.77,96.23,353,9023,2025,1,January,Wednesday,False,Low,False,0.0,False
2025-01-15,WH01,S3,19,152,7248,7248,5.9605263157894735,10982,66.0,0,57,0.79,97.25,199,7049,2025,1,January,Wednesday,False,Normal,False,0.0,False
2025-01-15,WH02,S1,30,240,13328,26656,6.941666666666666,22680,58.77,0,94,0.71,99.0,133,13195,2025,1,January,Wednesday,False,Low,False,0.0,False
2025-01-15,WH02,S2,28,224,12536,12536,6.995535714285714,20160,62.18,0,129,1.03,96.19,478,12058,2025,1,January,Wednesday,False,Normal,False,0.0,False
2025-01-15,WH02,S3,22,176,9528,19056,6.767045454545454,13464,70.77,0,72,0.76,94.06,566,8962,2025,1,January,Wednesday,False,Normal,False,0.0,False
2025-01-15,WH03,S1,20,160,10688,10688,8.35,12600,84.83,0,76,0.71,94.88,547,10141,2025,1,January,Wednesday,False,High,False,0.0,False
2025-01-15,WH03,S2,19,152,8504,25512,6.993421052631579,11400,74.6,0,67,0.79,95.68,367,8137,2025,1,January,Wednesday,False,Normal,False,0.0,False
2025-01-15,WH03,S3,15,120,5888,5888,6.133333333333334,7650,76.97,0,47,0.8,95.59,260,5628,2025,1,January,Wednesday,False,High,False,0.0,False
2025-01-15,WH04,S1,23,184,12072,12072,8.201086956521738,15842,76.2,0,119,0.99,96.55,416,11656,2025,1,January,Wednesday,False,High,False,0.0,False
2025-01-15,WH04,S2,22,176,7904,7904,5.613636363636363,14432,54.77,0,56,0.71,93.91,482,7422,2025,1,January,Wednesday,False,Low,False,0.0,False
2025-01-15,WH04,S3,17,136,6208,12416,5.705882352941177,9479,65.49,0,57,0.92,96.09,243,5965,2025,1,January,Wednesday,False,Normal,False,0.0,False
2025-01-15,WH05,S1,18,144,8864,8864,7.694444444444445,10584,83.75,0,48,0.54,95.68,383,8481,2025,1,January,Wednesday,False,High,False,0.0,False
2025-01-15,WH05,S2,17,136,8192,8192,7.529411764705882,9520,86.05,0,98,1.2,95.83,342,7850,2025,1,January,Wednesday,False,Very High,True,0.0,False
2025-01-15,WH05,S3,14,112,4912,9824,5.482142857142857,6664,73.71,0,35,0.71,96.93,151,4761,2025,1,January,Wednesday,False,Normal,False,0.0,False
2025-01-16,WH01,S1,25,200,10136,20272,6.335,17850,56.78,0,106,1.05,94.75,532,9604,2025,1,January,Thursday,False,Low,False,0.0,False
2025-01-16,WH01,S2,24,192,11176,11176,7.276041666666667,16320,68.48,0,70,0.63,96.81,356,10820,2025,1,January,Thursday,False,Normal,False,0.0,False
2025-01-16,WH01,S3,19,152,6064,6064,4.9868421052631575,10982,55.22,0,38,0.63,96.14,234,5830,2025,1,January,Thursday,False,Low,False,0.0,False
2025-01-16,WH02,S1,30,240,13280,13280,6.916666666666667,22680,58.55,0,93,0.7,94.76,696,12584,2025,1,January,Thursday,False,Low,False,0.0,False
2025-01-16,WH02,S2,28,224,11256,11256,6.28125,20160,55.83,0,79,0.7,94.06,669,10587,2025,1,January,Thursday,False,Low,False,0.0,False
2025-01-16,WH02,S3,22,176,7592,7592,5.392045454545454,13464,56.39,0,57,0.75,96.71,250,7342,2025,1,January,Thursday,False,Low,False,0.0,False
2025-01-16,WH03,S1,20,160,8360,8360,6.53125,12600,66.35,0,58,0.69,96.58,286,8074,2025,1,January,Thursday,False,Normal,False,0.0,False
2025-01-16,WH03,S2,19,152,10040,20080,8.256578947368421,11400,88.07,0,122,1.22,95.75,426,9614,2025,1,January,Thursday,False,Very High,True,0.0,False
2025-01-16,WH03,S3,15,120,6608,19824,6.883333333333334,7650,86.38,0,95,1.44,95.92,270,6338,2025,1,January,Thursday,False,Very High,True,0.0,False
2025-01-16,WH04,S1,23,184,11168,11168,7.586956521739131,15842,70.5,0,89,0.8,96.54,387,10781,2025,1,January,Thursday,False,Normal,False,0.0,False
2025-01-16,WH04,S2,22,176,10056,10056,7.142045454545454,14432,69.68,0,108,1.07,95.42,460,9596,2025,1,January,Thursday,False,Normal,False,0.0,False
2025-01-16,WH04,S3,17,136,7256,14512,6.669117647058823,9479,76.55,0,56,0.77,96.62,245,7011,2025,1,January,Thursday,False,High,False,0.0,False
2025-01-16,WH05,S1,18,144,7616,15232,6.611111111111111,10584,71.96,0,51,0.67,95.81,319,7297,2025,1,January,Thursday,False,Normal,False,0.0,False
2025-01-16,WH05,S2,17,136,8056,8056,7.404411764705882,9520,84.62,0,66,0.82,95.67,349,7707,2025,1,January,Thursday,False,High,False,0.0,False
2025-01-16,WH05,S3,14,112,5128,5128,5.723214285714286,6664,76.95,0,43,0.84,96.72,168,4960,2025,1,January,Thursday,False,High,False,0.0,False
2025-01-17,WH01,S1,25,200,12400,24800,7.75,17850,69.47,0,91,0.73,98.22,221,12179,2025,1,January,Friday,False,Normal,False,0.0,False
2025-01-17,WH01,S2,24,192,10104,20208,6.578125,16320,61.91,0,79,0.78,96.11,393,9711,2025,1,January,Friday,False,Normal,False,0.0,False
2025-01-17,WH01,S3,19,152,6584,19752,5.414473684210527,10982,59.95,0,43,0.65,96.95,201,6383,2025,1,January,Friday,False,Low,False,0.0,False
2025-01-17,WH02,S1,30,240,15200,30400,7.916666666666667,22680,67.02,0,132,0.87,96.83,482,14718,2025,1,January,Friday,False,Normal,False,0.0,False
2025-01-17,WH02,S2,28,224,11744,11744,6.553571428571429,20160,58.25,0,92,0.78,95.14,571,11173,2025,1,January,Friday,False,Low,False,0.0,False
2025-01-17,WH02,S3,22,176,8248,8248,5.857954545454546,13464,61.26,0,69,0.84,95.89,339,7909,2025,1,January,Friday,False,Normal,False,0.0,False
2025-01-17,WH03,S1,20,160,9440,9440,7.375,12600,74.92,0,44,0.47,94.5,519,8921,2025,1,January,Friday,False,Normal,False,0.0,False
2025-01-17,WH03,S2,19,152,7968,15936,6.552631578947368,11400,69.89,0,77,0.97,96.85,251,7717,2025,1,January,Friday,False,Normal,False,0.0,False
2025-01-17,WH03,S3,15,120,6800,6800,7.083333333333333,7650,88.89,0,72,1.06,97.15,194,6606,2025,1,January,Friday,False,Very High,True,0.0,False
2025-01-17,WH04,S1,23,184,11904,11904,8.08695652173913,15842,75.14,0,89,0.75,95.62,521,11383,2025,1,January,Friday,False,High,False,0.0,False
2025-01-17,WH04,S2,22,176,10688,10688,7.590909090909091,14432,74.06,0,88,0.82,95.3,502,10186,2025,1,January,Friday,False,Normal,False,0.0,False
2025-01-17,WH04,S3,17,136,5864,11728,5.389705882352941,9479,61.86,0,48,0.82,95.74,250,5614,2025,1,January,Friday,False,Normal,False,0.0,False
2025-01-17,WH05,S1,18,144,8280,24840,7.1875,10584,78.23,0,68,0.82,98.96,86,8194,2025,1,January,Friday,False,High,False,0.0,False
2025-01-17,WH05,S2,17,136,7344,7344,6.75,9520,77.14,0,60,0.82,96.31,271,7073,2025,1,January,Friday,False,High,False,0.0,False
2025-01-17,WH05,S3,14,112,5176,5176,5.776785714285714,6664,77.67,0,38,0.73,97.49,130,5046,2025,1,January,Friday,False,High,False,0.0,False
2025-01-18,WH01,S1,25,200,7088,7088,4.43,17850,39.71,0,47,0.66,95.71,304,6784,2025,1,January,Saturday,False,Low,False,0.0,False
2025-01-18,WH01,S2,24,192,7472,7472,4.864583333333333,16320,45.78,0,59,0.79,96.68,248,7224,2025,1,January,Saturday,False,Low,False,0.0,False
2025-01-18,WH01,S3,19,152,4632,4632,3.809210526315789,10982,42.18,0,35,0.76,96.83,147,4485,2025,1,January,Saturday,False,Low,False,0.0,False
2025-01-18,WH02,S1,30,240,7960,7960,4.145833333333333,22680,35.1,0,65,0.82,95.4,366,7594,2025,1,January,Saturday,False,Low,False,0.0,False
2025-01-18,WH02,S2,28,224,8056,24168,4.495535714285714,20160,39.96,0,59,0.73,94.44,448,7608,2025,1,January,Saturday,False,Low,False,0.0,False
2025-01-18,WH02,S3,22,176,4832,4832,3.4318181818181817,13464,35.89,0,32,0.66,95.28,228,4604,2025,1,January,Saturday,False,Low,False,0.0,False
2025-01-18,WH03,S1,20,160,6032,6032,4.7125,12600,47.87,0,51,0.85,97.25,166,5866,2025,1,January,Saturday,False,Low,False,0.0,False
2025-01-18,WH03,S2,19,152,6056,12112,4.980263157894737,11400,53.12,0,45,0.74,96.16,233,5823,2025,1,January,Saturday,False,Low,False,0.0,False
2025-01-18,WH03,S3,15,120,3544,3544,3.691666666666667,7650,46.33,0,25,0.71,96.22,134,3410,2025,1,January,Saturday,False,Low,False,0.0,False
2025-01-18,WH04,S1,23,184,6968,6968,4.733695652173913,15842,43.98,0,72,1.03,94.85,359,6609,2025,1,January,Saturday,False,Low,False,0.0,False
2025-01-18,WH04,S2,22,176,6976,6976,4.954545454545454,14432,48.34,0,41,0.59,95.7,300,6676,2025,1,January,Saturday,False,Low,False,0.0,False
2025-01-18,WH04,S3,17,136,4680,4680,4.301470588235294,9479,49.37,0,35,0.75,95.47,212,4468,2025,1,January,Saturday,False,Low,False,0.0,False
2025-01-18,WH05,S1,18,144,5088,10176,4.416666666666667,10584,48.07,0,37,0.73,96.7,168,4920,2025,1,January,Saturday,False,Low,False,0.0,False
2025-01-18,WH05,S2,17,136,5392,5392,4.955882352941177,9520,56.64,0,42,0.78,95.36,250,5142,2025,1,January,Saturday,False,Low,False,0.0,False
2025-01-18,WH05,S3,14,112,3256,3256,3.633928571428572,6664,48.86,0,21,0.64,98.04,64,3192,2025,1,January,Saturday,False,Low,False,0.0,False
2025-01-19,WH01,S1,25,200,6896,13792,4.31,17850,38.63,0,49,0.71,95.62,302,6594,2025,1,January,Sunday,True,Low,False,0.0,False
2025-01-19,WH01,S2,24,192,6184,6184,4.026041666666667,16320,37.89,0,48,0.78,96.56,213,5971,2025,1,January,Sunday,True,Low,False,0.0,False
2025-01-19,WH01,S3,19,152,4056,4056,3.335526315789474,10982,36.93,0,34,0.84,95.72,174,3882,2025,1,January,Sunday,True,Low,False,0.0,False
2025-01-19,WH02,S1,30,240,7296,7296,3.8,22680,32.17,0,56,0.77,96.62,246,7050,2025,1,January,Sunday,True,Low,False,0.0,False
2025-01-19,WH02,S2,28,224,6640,13280,3.705357142857143,20160,32.94,0,55,0.83,96.4,239,6401,2025,1,January,Sunday,True,Low,False,0.0,False
2025-01-19,WH02,S3,22,176,5232,15696,3.715909090909091,13464,38.86,0,44,0.84,95.53,234,4998,2025,1,January,Sunday,True,Low,False,0.0,False
2025-01-19,WH03,S1,20,160,4976,4976,3.8875,12600,39.49,0,33,0.66,94.56,271,4705,2025,1,January,Sunday,True,Low,False,0.0,False
2025-01-19,WH03,S2,19,152,4496,4496,3.697368421052632,11400,39.44,0,39,0.87,97.06,132,4364,2025,1,January,Sunday,True,Low,False,0.0,False
2025-01-19,WH03,S3,15,120,3424,3424,3.566666666666667,7650,44.76,0,25,0.73,95.49,154,3270,2025,1,January,Sunday,True,Low,False,0.0,False
2025-01-19,WH04,S1,23,184,5168,10336,3.510869565217391,15842,32.62,0,37,0.72,97.51,129,5039,2025,1,January,Sunday,True,Low,False,0.0,False
2025-01-19,WH04,S2,22,176,5472,5472,3.886363636363636,14432,37.92,0,49,0.9,96.83,174,5298,2025,1,January,Sunday,True,Low,False,0.0,False
2025-01-19,WH04,S3,17,136,3888,11664,3.573529411764706,9479,41.02,0,37,0.95,95.99,156,3732,2025,1,January,Sunday,True,Low,False,0.0,False
2025-01-19,WH05,S1,18,144,4728,4728,4.104166666666667,10584,44.67,0,33,0.7,95.42,216,4512,2025,1,January,Sunday,True,Low,False,0.0,False
2025-01-19,WH05,S2,17,136,3472,3472,3.1911764705882355,9520,36.47,0,21,0.6,96.2,132,3340,2025,1,January,Sunday,True,Low,False,0.0,False
2025-01-19,WH05,S3,14,112,2592,2592,2.892857142857143,6664,38.9,0,20,0.77,97.49,65,2527,2025,1,January,Sunday,True,Low,False,0.0,False
2025-01-20,WH01,S1,25,200,15320,15320,9.575,17850,85.83,0,156,1.02,96.5,536,14784,2025,1,January,Monday,False,Very High,True,0.0,False
2025-01-20,WH01,S2,24,192,11192,11192,7.286458333333333,16320,68.58,0,82,0.73,96.38,405,10787,2025,1,January,Monday,False,Normal,False,0.0,False
2025-01-20,WH01,S3,19,152,7336,7336,6.032894736842105,10982,66.8,0,56,0.76,97.46,186,7150,2025,1,January,Monday,False,Normal,False,0.0,False
2025-01-20,WH02,S1,30,240,13456,13456,7.008333333333334,22680,59.33,0,115,0.85,97.6,323,13133,2025,1,January,Monday,False,Low,False,0.0,False
2025-01-20,WH02,S2,28,224,12768,38304,7.125,20160,63.33,0,82,0.64,96.73,418,12350,2025,1,January,Monday,False,Normal,False,0.0,False
2025-01-20,WH02,S3,22,176,9304,9304,6.607954545454546,13464,69.1,0,77,0.83,95.84,387,8917,2025,1,January,Monday,False,Normal,False,0.0,False
2025-01-20,WH03,S1,20,160,8456,8456,6.60625,12600,67.11,0,72,0.85,96.44,301,8155,2025,1,January,Monday,False,Normal,False,0.0,False
2025-01-20,WH03,S2,19,152,8664,8664,7.125,11400,76.0,0,66,0.76,94.74,456,8208,2025,1,January,Monday,False,High,False,0.0,False
2025-01-20,WH03,S3,15,120,5896,11792,6.141666666666667,7650,77.07,0,44,0.75,98.11,111,5785,2025,1,January,Monday,False,High,False,0.0,False
2025-01-20,WH04,S1,23,184,10096,10096,6.858695652173913,15842,63.73,0,71,0.7,95.11,494,9602,2025,1,January,Monday,False,Normal,False,0.0,False
2025-01-20,WH04,S2,22,176,9056,9056,6.431818181818182,14432,62.75,0,91,1.0,94.48,500,8556,2025,1,January,Monday,False,Normal,False,0.0,False
2025-01-20,WH04,S3,17,136,7704,7704,7.080882352941177,9479,81.27,0,55,0.71,95.27,365,7339,2025,1,January,Monday,False,High,False,0.0,False
2025-01-20,WH05,S1,18,144,9184,9184,7.972222222222222,10584,86.77,0,114,1.24,97.43,236,8948,2025,1,January,Monday,False,Very High,True,0.0,False
2025-01-20,WH05,S2,17,136,8248,8248,7.580882352941177,9520,86.64,0,82,0.99,94.84,426,7822,2025,1,January,Monday,False,Very High,True,0.0,False
2025-01-20,WH05,S3,14,112,4776,4776,5.330357142857143,6664,71.67,0,33,0.69,94.41,267,4509,2025,1,January,Monday,False,Normal,False,0.0,False
2025-01-21,WH01,S1,25,200,12000,36000,7.5,17850,67.23,0,85,0.71,95.98,483,11517,2025,1,January,Tuesday,False,Normal,False,0.0,False
2025-01-21,WH01,S2,24,192,9696,9696,6.3125,16320,59.41,0,83,0.86,94.3,552,9144,2025,1,January,Tuesday,False,Low,False,0.0,False
2025-01-21,WH01,S3,19,152,6288,6288,5.171052631578948,10982,57.26,0,54,0.86,97.22,175,6113,2025,1,January,Tuesday,False,Low,False,0.0,False
2025-01-21,WH02,S1,30,240,14816,14816,7.716666666666667,22680,65.33,0,106,0.72,96.26,554,14262,2025,1,January,Tuesday,False,Normal,False,0.0,False
2025-01-21,WH02,S2,28,224,12072,12072,6.736607142857143,20160,59.88,0,97,0.8,96.24,454,11618,2025,1,January,Tuesday,False,Low,False,0.0,False
2025-01-21,WH02,S3,22,176,10328,10328,7.335227272727272,13464,76.71,0,59,0.57,96.65,346,9982,2025,1,January,Tuesday,False,High,False,0.0,False
2025-01-21,WH03,S1,20,160,8720,8720,6.8125,12600,69.21,0,64,0.73,96.52,304,8416,2025,1,January,Tuesday,False,Normal,False,0.0,False
2025-01-21,WH03,S2,19,152,7728,15456,6.355263157894737,11400,67.79,0,62,0.8,94.96,389,7339,2025,1,January,Tuesday,False,Normal,False,0.0,False
2025-01-21,WH03,S3,15,120,6480,12960,6.75,7650,84.71,0,63,0.97,98.29,111,6369,2025,1,January,Tuesday,False,High,False,0.0,False
2025-01-21,WH04,S1,23,184,10256,10256,6.967391304347826,15842,64.74,0,103,1.0,96.65,344,9912,2025,1,January,Tuesday,False,Normal,False,0.0,False
2025-01-21,WH04,S2,22,176,7808,15616,5.545454545454546,14432,54.1,0,54,0.69,96.0,312,7496,2025,1,January,Tuesday,False,Low,False,0.0,False
2025-01-21,WH04,S3,17,136,5944,11888,5.463235294117647,9479,62.71,0,44,0.74,94.29,339,5605,2025,1,January,Tuesday,False,Normal,False,0.0,False
2025-01-21,WH05,S1,18,144,7024,7024,6.097222222222222,10584,66.36,0,67,0.95,96.19,268,6756,2025,1,January,Tuesday,False,Normal,False,0.0,False
2025-01-21,WH05,S2,17,136,6472,19416,5.948529411764706,9520,67.98,0,62,0.96,95.14,314,6158,2025,1,January,Tuesday,False,Normal,False,0.0,False
2025-01-21,WH05,S3,14,112,4544,13632,5.071428571428571,6664,68.19,0,45,0.99,97.0,136,4408,2025,1,January,Tuesday,False,Normal,False,0.0,False
2025-01-22,WH01,S1,25,200,9088,9088,5.68,17850,50.91,0,70,0.77,96.16,349,8739,2025,1,January,Wednesday,False,Low,False,0.0,False
2025-01-22,WH01,S2,24,192,10696,10696,6.963541666666667,16320,65.54,0,81,0.76,94.42,597,10099,2025,1,January,Wednesday,False,Normal,False,0.0,False
2025-01-22,WH01,S3,19,152,6784,6784,5.578947368421052,10982,61.77,0,41,0.6,95.88,280,6504,2025,1,January,Wednesday,False,Normal,False,0.0,False
2025-01-22,WH02,S1,30,240,12304,12304,6.408333333333333,22680,54.25,0,86,0.7,95.73,525,11779,2025,1,January,Wednesday,False,Low,False,0.0,False
2025-01-22,WH02,S2,28,224,9904,9904,5.526785714285714,20160,49.13,0,82,0.83,94.17,578,9326,2025,1,January,Wednesday,False,Low,False,0.0,False
2025-01-22,WH02,S3,22,176,7080,14160,5.028409090909091,13464,52.58,0,65,0.92,98.09,135,6945,2025,1,January,Wednesday,False,Low,False,0.0,False
2025-01-22,WH03,S1,20,160,8384,8384,6.55,12600,66.54,0,69,0.82,95.45,381,8003,2025,1,January,Wednesday,False,Normal,False,0.0,False
2025-01-22,WH03,S2,19,152,8848,8848,7.276315789473684,11400,77.61,0,92,1.04,94.11,521,8327,2025,1,January,Wednesday,False,High,False,0.0,False
2025-01-22,WH03,S3,15,120,5688,11376,5.925,7650,74.35,0,53,0.93,95.93,232,5456,2025,1,January,Wednesday,False,Normal,False,0.0,False
2025-01-22,WH04,S1,23,184,9848,9848,6.690217391304348,15842,62.16,0,109,1.11,96.01,393,9455,2025,1,January,Wednesday,False,Normal,False,0.0,False
2025-01-22,WH04,S2,22,176,10952,10952,7.778409090909091,14432,75.89,0,76,0.69,96.47,386,10566,2025,1,January,Wednesday,False,High,False,0.0,False
2025-01-22,WH04,S3,17,136,7552,22656,6.941176470588236,9479,79.67,0,55,0.73,95.48,342,7210,2025,1,January,Wednesday,False,High,False,0.0,False
2025-01-22,WH05,S1,18,144,8072,24216,7.006944444444445,10584,76.27,0,88,1.09,96.36,294,7778,2025,1,January,Wednesday,False,High,False,0.0,False
2025-01-22,WH05,S2,17,136,8536,8536,7.845588235294118,9520,89.66,0,88,1.03,96.24,321,8215,2025,1,January,Wednesday,False,Very High,True,0.0,False
2025-01-22,WH05,S3,14,112,5688,17064,6.348214285714286,6664,85.35,0,55,0.97,94.36,321,5367,2025,1,January,Wednesday,False,Very High,True,0.0,False
2025-01-23,WH01,S1,25,200,14128,14128,8.83,17850,79.15,0,122,0.86,96.64,474,13654,2025,1,January,Thursday,False,High,False,0.0,False
2025-01-23,WH01,S2,24,192,10832,10832,7.052083333333333,16320,66.37,0,97,0.9,96.65,363,10469,2025,1,January,Thursday,False,Normal,False,0.0,False
2025-01-23,WH01,S3,19,152,7656,15312,6.296052631578948,10982,69.71,0,81,1.06,95.72,328,7328,2025,1,January,Thursday,False,Normal,False,0.0,False
2025-01-23,WH02,S1,30,240,16840,33680,8.770833333333334,22680,74.25,0,109,0.65,96.8,540,16300,2025,1,January,Thursday,False,Normal,False,0.0,False
2025-01-23,WH02,S2,28,224,13176,26352,7.352678571428571,20160,65.36,0,101,0.77,95.62,577,12599,2025,1,January,Thursday,False,Normal,False,0.0,False
2025-01-23,WH02,S3,22,176,11448,11448,8.130681818181818,13464,85.03,0,108,0.94,96.09,448,11000,2025,1,January,Thursday,False,Very High,True,0.0,False
2025-01-23,WH03,S1,20,160,10464,10464,8.175,12600,83.05,0,77,0.74,95.82,438,10026,2025,1,January,Thursday,False,High,False,0.0,False
2025-01-23,WH03,S2,19,152,8096,8096,6.657894736842105,11400,71.02,0,68,0.84,96.54,280,7816,2025,1,January,Thursday,False,Normal,False,0.0,False
2025-01-23,WH03,S3,15,120,6840,6840,7.125,7650,89.41,0,71,1.04,96.65,229,6611,2025,1,January,Thursday,False,Very High,True,0.0,False
2025-01-23,WH04,S1,23,184,10896,10896,7.4021739130434785,15842,68.78,0,101,0.93,95.9,447,10449,2025,1,January,Thursday,False,Normal,False,0.0,False
2025-01-23,WH04,S2,22,176,7064,7064,5.017045454545454,14432,48.95,0,57,0.81,96.97,214,6850,2025,1,January,Thursday,False,Low,False,0.0,False
2025-01-23,WH04,S3,17,136,7920,23760,7.279411764705882,9479,83.55,0,71,0.9,96.23,299,7621,2025,1,January,Thursday,False,High,False,0.0,False
2025-01-23,WH05,S1,18,144,9120,18240,7.916666666666667,10584,86.17,0,94,1.03,96.51,319,8801,2025,1,January,Thursday,False,Very High,True,0.0,False
2025-01-23,WH05,S2,17,136,7424,7424,6.823529411764706,9520,77.98,0,64,0.86,95.36,344,7080,2025,1,January,Thursday,False,High,False,0.0,False
2025-01-23,WH05,S3,14,112,5848,5848,6.526785714285714,6664,87.76,0,76,1.3,95.94,237,5611,2025,1,January,Thursday,False,Very High,True,0.0,False
2025-01-24,WH01,S1,25,200,10864,21728,6.79,17850,60.86,0,90,0.83,95.1,532,10332,2025,1,January,Friday,False,Normal,False,0.0,False
2025-01-24,WH01,S2,24,192,10624,10624,6.916666666666667,16320,65.1,0,95,0.89,97.29,288,10336,2025,1,January,Friday,False,Normal,False,0.0,False
2025-01-24,WH01,S3,19,152,8488,16976,6.980263157894737,10982,77.29,0,66,0.78,96.69,281,8207,2025,1,January,Friday,False,High,False,0.0,False
2025-01-24,WH02,S1,30,240,16200,16200,8.4375,22680,71.43,0,137,0.85,96.46,574,15626,2025,1,January,Friday,False,Normal,False,0.0,False
2025-01-24,WH02,S2,28,224,15208,30416,8.486607142857142,20160,75.44,0,152,1.0,97.01,455,14753,2025,1,January,Friday,False,High,False,0.0,False
2025-01-24,WH02,S3,22,176,9712,19424,6.8977272727272725,13464,72.13,0,84,0.86,97.05,287,9425,2025,1,January,Friday,False,Normal,False,0.0,False
2025-01-24,WH03,S1,20,160,11512,11512,8.99375,12600,91.37,0,131,1.14,96.18,440,11072,2025,1,January,Friday,False,Very High,True,0.0,False
2025-01-24,WH03,S2,19,152,8240,16480,6.776315789473684,11400,72.28,0,74,0.9,96.78,265,7975,2025,1,January,Friday,False,Normal,False,0.0,False
2025-01-24,WH03,S3,15,120,6928,13856,7.216666666666667,7650,90.56,0,72,1.04,96.11,270,6658,2025,1,January,Friday,False,Very High,True,0.0,False
2025-01-24,WH04,S1,23,184,12712,12712,8.63586956521739,15842,80.24,0,116,0.91,96.37,462,12250,2025,1,January,Friday,False,High,False,0.0,False
2025-01-24,WH04,S2,22,176,9576,19152,6.801136363636363,14432,66.35,0,103,1.08,94.04,570,9006,2025,1,January,Friday,False,Normal,False,0.0,False
2025-01-24,WH04,S3,17,136,6488,12976,5.963235294117647,9479,68.45,0,53,0.82,95.21,311,6177,2025,1,January,Friday,False,Normal,False,0.0,False
2025-01-24,WH05,S1,18,144,9632,9632,8.36111111111111,10584,91.01,0,131,1.36,94.63,517,9115,2025,1,January,Friday,False,Very High,True,0.0,False
2025-01-24,WH05,S2,17,136,8312,8312,7.639705882352941,9520,87.31,0,101,1.22,96.39,300,8012,2025,1,January,Friday,False,Very High,True,0.0,False
2025-01-24,WH05,S3,14,112,5272,10544,5.883928571428571,6664,79.11,0,48,0.91,95.39,243,5029,2025,1,January,Friday,False,High,False,0.0,False
2025-01-25,WH01,S1,25,200,7024,7024,4.39,17850,39.35,0,50,0.71,95.79,296,6728,2025,1,January,Saturday,False,Low,False,0.0,False
2025-01-25,WH01,S2,24,192,6328,6328,4.119791666666667,16320,38.77,0,53,0.84,95.09,311,6017,2025,1,January,Saturday,False,Low,False,0.0,False
2025-01-25,WH01,S3,19,152,4072,4072,3.348684210526316,10982,37.08,0,37,0.91,95.06,201,3871,2025,1,January,Saturday,False,Low,False,0.0,False
2025-01-25,WH02,S1,30,240,8848,8848,4.608333333333333,22680,39.01,0,74,0.84,96.75,288,8560,2025,1,January,Saturday,False,Low,False,0.0,False
2025-01-25,WH02,S2,28,224,7400,22200,4.129464285714286,20160,36.71,0,61,0.82,96.29,275,7125,2025,1,January,Saturday,False,Low,False,0.0,False
2025-01-25,WH02,S3,22,176,5248,5248,3.727272727272727,13464,38.98,0,47,0.9,97.1,152,5096,2025,1,January,Saturday,False,Low,False,0.0,False
2025-01-25,WH03,S1,20,160,6488,19464,5.06875,12600,51.49,0,70,1.08,95.02,323,6165,2025,1,January,Saturday,False,Low,False,0.0,False
2025-01-25,WH03,S2,19,152,5488,5488,4.5131578947368425,11400,48.14,0,55,1.0,95.94,223,5265,2025,1,January,Saturday,False,Low,False,0.0,False
2025-01-25,WH03,S3,15,120,3792,7584,3.95,7650,49.57,0,31,0.82,95.73,162,3630,2025,1,January,Saturday,False,Low,False,0.0,False
2025-01-25,WH04,S1,23,184,7144,7144,4.853260869565218,15842,45.1,0,38,0.53,96.16,274,6870,2025,1,January,Saturday,False,Low,False,0.0,False
2025-01-25,WH04,S2,22,176,6496,12992,4.613636363636363,14432,45.01,0,49,0.75,94.67,346,6150,2025,1,January,Saturday,False,Low,False,0.0,False
2025-01-25,WH04,S3,17,136,3888,3888,3.573529411764706,9479,41.02,0,33,0.85,95.83,162,3726,2025,1,January,Saturday,False,Low,False,0.0,False
2025-01-25,WH05,S1,18,144,4704,4704,4.083333333333333,10584,44.44,0,34,0.72,94.66,251,4453,2025,1,January,Saturday,False,Low,False,0.0,False
2025-01-25,WH05,S2,17,136,4952,14856,4.551470588235294,9520,52.02,0,42,0.85,95.24,236,4716,2025,1,January,Saturday,False,Low,False,0.0,False
2025-01-25,WH05,S3,14,112,3624,7248,4.044642857142857,6664,54.38,0,28,0.77,94.34,205,3419,2025,1,January,Saturday,False,Low,False,0.0,False
2025-01-26,WH01,S1,25,200,6312,12624,3.945,17850,35.36,0,44,0.7,96.36,230,6082,2025,1,January,Sunday,True,Low,False,0.0,False
2025-01-26,WH01,S2,24,192,6368,12736,4.145833333333333,16320,39.02,0,63,0.99,96.65,214,6154,2025,1,January,Sunday,True,Low,False,0.0,False
2025-01-26,WH01,S3,19,152,3592,10776,2.9539473684210527,10982,32.71,0,36,1.0,95.72,154,3438,2025,1,January,Sunday,True,Low,False,0.0,False
2025-01-26,WH02,S1,30,240,6936,6936,3.6125,22680,30.58,0,64,0.92,96.01,276,6660,2025,1,January,Sunday,True,Low,False,0.0,False
2025-01-26,WH02,S2,28,224,7024,14048,3.919642857142857,20160,34.84,0,43,0.61,97.84,152,6872,2025,1,January,Sunday,True,Low,False,0.0,False
2025-01-26,WH02,S3,22,176,4752,4752,3.375,13464,35.29,0,39,0.82,96.67,158,4594,2025,1,January,Sunday,True,Low,False,0.0,False
2025-01-26,WH03,S1,20,160,5040,5040,3.9375,12600,40.0,0,32,0.63,95.42,231,4809,2025,1,January,Sunday,True,Low,False,0.0,False
2025-01-26,WH03,S2,19,152,4240,4240,3.486842105263158,11400,37.19,0,38,0.9,95.48,192,4048,2025,1,January,Sunday,True,Low,False,0.0,False
2025-01-26,WH03,S3,15,120,3232,6464,3.3666666666666667,7650,42.25,0,22,0.68,97.36,85,3147,2025,1,January,Sunday,True,Low,False,0.0,False
2025-01-26,WH04,S1,23,184,5656,11312,3.842391304347826,15842,35.7,0,39,0.69,98.17,103,5553,2025,1,January,Sunday,True,Low,False,0.0,False
2025-01-26,WH04,S2,22,176,5240,5240,3.721590909090909,14432,36.31,0,44,0.84,96.89,163,5077,2025,1,January,Sunday,True,Low,False,0.0,False
2025-01-26,WH04,S3,17,136,3560,3560,3.272058823529412,9479,37.56,0,34,0.96,95.36,165,3395,2025,1,January,Sunday,True,Low,False,0.0,False
2025-01-26,WH05,S1,18,144,4232,4232,3.673611111111111,10584,39.98,0,30,0.71,96.35,154,4078,2025,1,January,Sunday,True,Low,False,0.0,False
2025-01-26,WH05,S2,17,136,2896,2896,2.661764705882353,9520,30.42,0,28,0.97,93.81,179,2717,2025,1,January,Sunday,True,Low,False,0.0,False
2025-01-26,WH05,S3,14,112,3432,6864,3.830357142857143,6664,51.5,0,31,0.9,94.55,187,3245,2025,1,January,Sunday,True,Low,False,0.0,False
2025-01-27,WH01,S1,25,200,9744,9744,6.09,17850,54.59,0,80,0.82,96.67,325,9419,2025,1,January,Monday,False,Low,False,0.0,False
2025-01-27,WH01,S2,24,192,11848,23696,7.713541666666667,16320,72.6,0,97,0.82,95.82,495,11353,2025,1,January,Monday,False,Normal,False,0.0,False
2025-01-27,WH01,S3,19,152,6744,13488,5.546052631578948,10982,61.41,0,46,0.68,95.37,312,6432,2025,1,January,Monday,False,Normal,False,0.0,False
2025-01-27,WH02,S1,30,240,13024,13024,6.783333333333333,22680,57.43,0,78,0.6,96.5,456,12568,2025,1,January,Monday,False,Low,False,0.0,False
2025-01-27,WH02,S2,28,224,13568,13568,7.571428571428571,20160,67.3,0,128,0.94,97.81,296,13272,2025,1,January,Monday,False,Normal,False,0.0,False
2025-01-27,WH02,S3,22,176,9776,9776,6.943181818181818,13464,72.61,0,77,0.79,96.8,312,9464,2025,1,January,Monday,False,Normal,False,0.0,False
2025-01-27,WH03,S1,20,160,11256,11256,8.79375,12600,89.33,0,143,1.27,96.24,423,10833,2025,1,January,Monday,False,Very High,True,0.0,False
2025-01-27,WH03,S2,19,152,9008,9008,7.407894736842105,11400,79.02,0,68,0.75,94.65,482,8526,2025,1,January,Monday,False,High,False,0.0,False
2025-01-27,WH03,S3,15,120,6848,6848,7.133333333333334,7650,89.52,0,75,1.1,96.22,259,6589,2025,1,January,Monday,False,Very High,True,0.0,False
2025-01-27,WH04,S1,23,184,11304,22608,7.679347826086956,15842,71.35,0,79,0.7,95.86,468,10836,2025,1,January,Monday,False,Normal,False,0.0,False
2025-01-27,WH04,S2,22,176,10352,20704,7.352272727272727,14432,71.73,0,92,0.89,95.72,443,9909,2025,1,January,Monday,False,Normal,False,0.0,False
2025-01-27,WH04,S3,17,136,6976,6976,6.411764705882353,9479,73.59,0,50,0.72,95.67,302,6674,2025,1,January,Monday,False,Normal,False,0.0,False
2025-01-27,WH05,S1,18,144,7432,7432,6.451388888888889,10584,70.22,0,57,0.77,93.81,460,6972,2025,1,January,Monday,False,Normal,False,0.0,False
2025-01-27,WH05,S2,17,136,7696,15392,7.073529411764706,9520,80.84,0,48,0.62,94.23,444,7252,2025,1,January,Monday,False,High,False,0.0,False
2025-01-27,WH05,S3,14,112,5800,11600,6.473214285714286,6664,87.03,0,72,1.24,96.21,220,5580,2025,1,January,Monday,False,Very High,True,0.0,False
2025-01-28,WH01,S1,25,200,12408,24816,7.755,17850,69.51,0,125,1.01,95.83,517,11891,2025,1,January,Tuesday,False,Normal,False,0.0,False
2025-01-28,WH01,S2,24,192,10104,20208,6.578125,16320,61.91,0,97,0.96,95.99,405,9699,2025,1,January,Tuesday,False,Normal,False,0.0,False
2025-01-28,WH01,S3,19,152,7160,14320,5.8881578947368425,10982,65.2,0,55,0.77,94.81,372,6788,2025,1,January,Tuesday,False,Normal,False,0.0,False
2025-01-28,WH02,S1,30,240,13504,27008,7.033333333333333,22680,59.54,0,103,0.76,95.01,674,12830,2025,1,January,Tuesday,False,Low,False,0.0,False
2025-01-28,WH02,S2,28,224,12568,12568,7.013392857142857,20160,62.34,0,90,0.72,96.59,428,12140,2025,1,January,Tuesday,False,Normal,False,0.0,False
2025-01-28,WH02,S3,22,176,7600,7600,5.3977272727272725,13464,56.45,0,58,0.76,95.56,338,7262,2025,1,January,Tuesday,False,Low,False,0.0,False
2025-01-28,WH03,S1,20,160,8512,17024,6.65,12600,67.56,0,59,0.69,96.19,325,8187,2025,1,January,Tuesday,False,Normal,False,0.0,False
2025-01-28,WH03,S2,19,152,6832,13664,5.618421052631579,11400,59.93,0,54,0.79,95.99,274,6558,2025,1,January,Tuesday,False,Low,False,0.0,False
2025-01-28,WH03,S3,15,120,6360,12720,6.625,7650,83.14,0,50,0.79,95.66,276,6084,2025,1,January,Tuesday,False,High,False,0.0,False
2025-01-28,WH04,S1,23,184,10024,10024,6.809782608695652,15842,63.27,0,83,0.83,97.23,278,9746,2025,1,January,Tuesday,False,Normal,False,0.0,False
2025-01-28,WH04,S2,22,176,9888,19776,7.0227272727272725,14432,68.51,0,62,0.63,94.99,495,9393,2025,1,January,Tuesday,False,Normal,False,0.0,False
2025-01-28,WH04,S3,17,136,5976,5976,5.492647058823529,9479,63.04,0,45,0.75,97.16,170,5806,2025,1,January,Tuesday,False,Normal,False,0.0,False
2025-01-28,WH05,S1,18,144,9200,18400,7.986111111111111,10584,86.92,0,99,1.08,97.32,247,8953,2025,1,January,Tuesday,False,Very High,True,0.0,False
2025-01-28,WH05,S2,17,136,7504,7504,6.897058823529412,9520,78.82,0,62,0.83,96.51,262,7242,2025,1,January,Tuesday,False,High,False,0.0,False
2025-01-28,WH05,S3,14,112,4736,4736,5.285714285714286,6664,71.07,0,47,0.99,94.76,248,4488,2025,1,January,Tuesday,False,Normal,False,0.0,False
2025-01-29,WH01,S1,25,200,12976,25952,8.11,17850,72.69,0,81,0.62,95.24,617,12359,2025,1,January,Wednesday,False,Normal,False,0.0,False
2025-01-29,WH01,S2,24,192,9704,9704,6.317708333333333,16320,59.46,0,66,0.68,95.64,423,9281,2025,1,January,Wednesday,False,Low,False,0.0,False
2025-01-29,WH01,S3,19,152,5696,5696,4.684210526315789,10982,51.87,0,32,0.56,96.98,172,5524,2025,1,January,Wednesday,False,Low,False,0.0,False
2025-01-29,WH02,S1,30,240,14368,28736,7.483333333333333,22680,63.35,0,116,0.81,97.45,366,14002,2025,1,January,Wednesday,False,Normal,False,0.0,False
2025-01-29,WH02,S2,28,224,10184,20368,5.683035714285714,20160,50.52,0,71,0.7,95.98,409,9775,2025,1,January,Wednesday,False,Low,False,0.0,False
2025-01-29,WH02,S3,22,176,10392,20784,7.380681818181818,13464,77.18,0,89,0.86,96.97,315,10077,2025,1,January,Wednesday,False,High,False,0.0,False
2025-01-29,WH03,S1,20,160,10384,10384,8.1125,12600,82.41,0,72,0.69,95.5,467,9917,2025,1,January,Wednesday,False,High,False,0.0,False
2025-01-29,WH03,S2,19,152,7688,7688,6.322368421052632,11400,67.44,0,71,0.92,96.69,254,7434,2025,1,January,Wednesday,False,Normal,False,0.0,False
2025-01-29,WH03,S3,15,120,6376,19128,6.641666666666667,7650,83.35,0,43,0.67,95.58,282,6094,2025,1,January,Wednesday,False,High,False,0.0,False
2025-01-29,WH04,S1,23,184,9488,9488,6.445652173913044,15842,59.89,0,88,0.93,95.89,390,9098,2025,1,January,Wednesday,False,Low,False,0.0,False
2025-01-29,WH04,S2,22,176,8880,17760,6.306818181818182,14432,61.53,0,59,0.66,96.37,322,8558,2025,1,January,Wednesday,False,Normal,False,0.0,False
2025-01-29,WH04,S3,17,136,6992,6992,6.426470588235294,9479,73.76,0,63,0.9,96.31,258,6734,2025,1,January,Wednesday,False,Normal,False,0.0,False
2025-01-29,WH05,S1,18,144,9216,9216,8.0,10584,87.07,0,108,1.17,95.54,411,8805,2025,1,January,Wednesday,False,Very High,True,0.0,False
2025-01-29,WH05,S2,17,136,7144,7144,6.566176470588236,9520,75.04,0,55,0.77,96.44,254,6890,2025,1,January,Wednesday,False,High,False,0.0,False
2025-01-29,WH05,S3,14,112,5864,11728,6.544642857142857,6664,88.0,0,78,1.33,95.82,245,5619,2025,1,January,Wednesday,False,Very High,True,0.0,False
2025-01-30,WH01,S1,25,200,12424,24848,7.765,17850,69.6,0,101,0.81,97.57,302,12122,2025,1,January,Thursday,False,Normal,False,0.0,False
2025-01-30,WH01,S2,24,192,9688,9688,6.307291666666667,16320,59.36,0,68,0.7,95.89,398,9290,2025,1,January,Thursday,False,Low,False,0.0,False
2025-01-30,WH01,S3,19,152,6376,6376,5.243421052631579,10982,58.06,0,52,0.82,95.03,317,6059,2025,1,January,Thursday,False,Low,False,0.0,False
2025-01-30,WH02,S1,30,240,16448,32896,8.566666666666666,22680,72.52,0,106,0.64,96.0,659,15789,2025,1,January,Thursday,False,Normal,False,0.0,False
2025-01-30,WH02,S2,28,224,10576,10576,5.901785714285714,20160,52.46,0,69,0.65,97.24,292,10284,2025,1,January,Thursday,False,Low,False,0.0,False
2025-01-30,WH02,S3,22,176,10448,10448,7.420454545454546,13464,77.6,0,77,0.74,95.19,503,9945,2025,1,January,Thursday,False,High,False,0.0,False
2025-01-30,WH03,S1,20,160,11592,11592,9.05625,12600,92.0,0,122,1.05,96.2,440,11152,2025,1,January,Thursday,False,Very High,True,0.0,False
2025-01-30,WH03,S2,19,152,8712,8712,7.164473684210527,11400,76.42,0,61,0.7,95.24,415,8297,2025,1,January,Thursday,False,High,False,0.0,False
2025-01-30,WH03,S3,15,120,5928,5928,6.175,7650,77.49,0,51,0.86,95.94,241,5687,2025,1,January,Thursday,False,High,False,0.0,False
2025-01-30,WH04,S1,23,184,9040,18080,6.141304347826087,15842,57.06,0,86,0.95,96.73,295,8745,2025,1,January,Thursday,False,Low,False,0.0,False
2025-01-30,WH04,S2,22,176,12176,12176,8.647727272727273,14432,84.37,0,105,0.86,95.98,489,11687,2025,1,January,Thursday,False,High,False,0.0,False
2025-01-30,WH04,S3,17,136,5920,5920,5.441176470588236,9479,62.45,0,52,0.88,96.48,209,5711,2025,1,January,Thursday,False,Normal,False,0.0,False
2025-01-30,WH05,S1,18,144,7816,7816,6.784722222222222,10584,73.85,0,74,0.95,97.67,182,7634,2025,1,January,Thursday,False,Normal,False,0.0,False
2025-01-30,WH05,S2,17,136,5952,5952,5.470588235294118,9520,62.52,0,47,0.79,96.94,182,5770,2025,1,January,Thursday,False,Normal,False,0.0,False
2025-01-30,WH05,S3,14,112,4768,4768,5.321428571428571,6664,71.55,0,35,0.73,95.72,204,4564,2025,1,January,Thursday,False,Normal,False,0.0,False
2025-01-31,WH01,S1,25,200,13656,27312,8.535,17850,76.5,0,119,0.87,95.95,553,13103,2025,1,January,Friday,False,High,False,0.0,False
2025-01-31,WH01,S2,24,192,12096,24192,7.875,16320,74.12,0,105,0.87,97.43,311,11785,2025,1,January,Friday,False,Normal,False,0.0,False
2025-01-31,WH01,S3,19,152,7624,7624,6.269736842105263,10982,69.42,0,62,0.81,96.14,294,7330,2025,1,January,Friday,False,Normal,False,0.0,False
2025-01-31,WH02,S1,30,240,14336,28672,7.466666666666667,22680,63.21,0,104,0.73,97.31,385,13951,2025,1,January,Friday,False,Normal,False,0.0,False
2025-01-31,WH02,S2,28,224,12912,25824,7.205357142857143,20160,64.05,0,102,0.79,96.56,444,12468,2025,1,January,Friday,False,Normal,False,0.0,False
2025-01-31,WH02,S3,22,176,9256,27768,6.573863636363637,13464,68.75,0,91,0.98,95.67,401,8855,2025,1,January,Friday,False,Normal,False,0.0,False
2025-01-31,WH03,S1,20,160,10768,10768,8.4125,12600,85.46,0,116,1.08,96.94,329,10439,2025,1,January,Friday,False,Very High,True,0.0,False
2025-01-31,WH03,S2,19,152,9168,18336,7.5394736842105265,11400,80.42,0,88,0.96,97.11,265,8903,2025,1,January,Friday,False,High,False,0.0,False
2025-01-31,WH03,S3,15,120,6824,6824,7.108333333333333,7650,89.2,0,74,1.08,95.71,293,6531,2025,1,January,Friday,False,Very High,True,0.0,False
2025-01-31,WH04,S1,23,184,11752,11752,7.983695652173913,15842,74.18,0,78,0.66,95.76,498,11254,2025,1,January,Friday,False,Normal,False,0.0,False
2025-01-31,WH04,S2,22,176,9088,9088,6.454545454545454,14432,62.97,0,76,0.84,96.66,304,8784,2025,1,January,Friday,False,Normal,False,0.0,False
2025-01-31,WH04,S3,17,136,6936,6936,6.375,9479,73.17,0,49,0.71,96.15,267,6669,2025,1,January,Friday,False,Normal,False,0.0,False
2025-01-31,WH05,S1,18,144,9344,9344,8.11111111111111,10584,88.28,0,118,1.26,95.47,423,8921,2025,1,January,Friday,False,Very High,True,0.0,False
2025-01-31,WH05,S2,17,136,8008,8008,7.360294117647059,9520,84.12,0,63,0.79,97.0,240,7768,2025,1,January,Friday,False,High,False,0.0,False
2025-01-31,WH05,S3,14,112,5392,5392,6.017857142857143,6664,80.91,0,42,0.78,95.59,238,5154,2025,1,January,Friday,False,High,False,0.0,False
2025-02-01,WH01,S1,25,200,8536,8536,5.335,17850,47.82,0,65,0.76,97.27,233,8303,2025,2,February,Saturday,False,Low,False,0.0,False
2025-02-01,WH01,S2,24,192,5584,16752,3.6354166666666665,16320,34.22,0,47,0.84,95.5,251,5333,2025,2,February,Saturday,False,Low,False,0.0,False
2025-02-01,WH01,S3,19,152,4632,9264,3.809210526315789,10982,42.18,0,41,0.89,96.12,180,4452,2025,2,February,Saturday,False,Low,False,0.0,False
2025-02-01,WH02,S1,30,240,8440,8440,4.395833333333333,22680,37.21,0,52,0.62,97.25,232,8208,2025,2,February,Saturday,False,Low,False,0.0,False
2025-02-01,WH02,S2,28,224,6592,13184,3.678571428571429,20160,32.7,0,48,0.73,97.25,181,6411,2025,2,February,Saturday,False,Low,False,0.0,False
2025-02-01,WH02,S3,22,176,3472,6944,2.465909090909091,13464,25.79,0,34,0.98,97.71,80,3392,2025,2,February,Saturday,False,Low,False,0.0,False
2025-02-01,WH03,S1,20,160,5744,5744,4.4875,12600,45.59,0,42,0.73,96.88,179,5565,2025,2,February,Saturday,False,Low,False,0.0,False
2025-02-01,WH03,S2,19,152,4688,4688,3.8552631578947367,11400,41.12,0,32,0.68,95.5,211,4477,2025,2,February,Saturday,False,Low,False,0.0,False
2025-02-01,WH03,S3,15,120,3608,3608,3.758333333333333,7650,47.16,0,33,0.91,96.12,140,3468,2025,2,February,Saturday,False,Low,False,0.0,False
2025-02-01,WH04,S1,23,184,5848,17544,3.972826086956522,15842,36.91,0,50,0.85,97.84,126,5722,2025,2,February,Saturday,False,Low,False,0.0,False
2025-02-01,WH04,S2,22,176,4888,9776,3.471590909090909,14432,33.87,0,41,0.84,96.5,171,4717,2025,2,February,Saturday,False,Low,False,0.0,False
2025-02-01,WH04,S3,17,136,4216,4216,3.875,9479,44.48,0,39,0.93,98.32,71,4145,2025,2,February,Saturday,False,Low,False,0.0,False
2025-02-01,WH05,S1,18,144,5344,10688,4.638888888888889,10584,50.49,0,40,0.75,96.15,206,5138,2025,2,February,Saturday,False,Low,False,0.0,False
2025-02-01,WH05,S2,17,136,5016,5016,4.610294117647059,9520,52.69,0,34,0.68,95.89,206,4810,2025,2,February,Saturday,False,Low,False,0.0,False
2025-02-01,WH05,S3,14,112,3200,6400,3.571428571428572,6664,48.02,0,22,0.69,95.94,130,3070,2025,2,February,Saturday,False,Low,False,0.0,False
2025-02-02,WH01,S1,25,200,5544,5544,3.465,17850,31.06,0,50,0.9,94.65,297,5247,2025,2,February,Sunday,True,Low,False,0.0,False
2025-02-02,WH01,S2,24,192,5176,5176,3.3697916666666665,16320,31.72,0,40,0.77,95.41,238,4938,2025,2,February,Sunday,True,Low,False,0.0,False
2025-02-02,WH01,S3,19,152,3312,6624,2.723684210526316,10982,30.16,0,21,0.63,94.29,189,3123,2025,2,February,Sunday,True,Low,False,0.0,False
2025-02-02,WH02,S1,30,240,7048,14096,3.670833333333333,22680,31.08,0,45,0.64,96.13,273,6775,2025,2,February,Sunday,True,Low,False,0.0,False
2025-02-02,WH02,S2,28,224,6240,6240,3.482142857142857,20160,30.95,0,54,0.87,95.96,252,5988,2025,2,February,Sunday,True,Low,False,0.0,False
2025-02-02,WH02,S3,22,176,3952,3952,2.8068181818181817,13464,29.35,0,33,0.84,95.47,179,3773,2025,2,February,Sunday,True,Low,False,0.0,False
2025-02-02,WH03,S1,20,160,4928,14784,3.85,12600,39.11,0,30,0.61,95.71,211,4717,2025,2,February,Sunday,True,Low,False,0.0,False
2025-02-02,WH03,S2,19,152,3592,3592,2.9539473684210527,11400,31.51,0,25,0.7,95.95,146,3446,2025,2,February,Sunday,True,Low,False,0.0,False
2025-02-02,WH03,S3,15,120,3264,3264,3.4,7650,42.67,0,23,0.7,96.08,128,3136,2025,2,February,Sunday,True,Low,False,0.0,False
2025-02-02,WH04,S1,23,184,5144,10288,3.494565217391304,15842,32.47,0,36,0.7,95.78,217,4927,2025,2,February,Sunday,True,Low,False,0.0,False
2025-02-02,WH04,S2,22,176,3736,7472,2.653409090909091,14432,25.89,0,25,0.67,94.65,200,3536,2025,2,February,Sunday,True,Low,False,0.0,False
2025-02-02,WH04,S3,17,136,3824,3824,3.514705882352941,9479,40.34,0,31,0.81,93.54,247,3577,2025,2,February,Sunday,True,Low,False,0.0,False
2025-02-02,WH05,S1,18,144,4024,4024,3.493055555555556,10584,38.02,0,39,0.97,95.57,178,3846,2025,2,February,Sunday,True,Low,False,0.0,False
2025-02-02,WH05,S2,17,136,4088,4088,3.757352941176471,9520,42.94,0,33,0.81,95.78,173,3915,2025,2,February,Sunday,True,Low,False,0.0,False
2025-02-02,WH05,S3,14,112,2664,5328,2.9732142857142856,6664,39.98,0,23,0.86,96.14,103,2561,2025,2,February,Sunday,True,Low,False,0.0,False
2025-02-03,WH01,S1,25,200,11512,11512,7.195,17850,64.49,0,101,0.88,95.71,494,11018,2025,2,February,Monday,False,Normal,False,0.0,False
2025-02-03,WH01,S2,24,192,7672,23016,4.994791666666667,16320,47.01,0,38,0.5,96.44,273,7399,2025,2,February,Monday,False,Low,False,0.0,False
2025-02-03,WH01,S3,19,152,7280,7280,5.9868421052631575,10982,66.29,0,70,0.96,94.82,377,6903,2025,2,February,Monday,False,Normal,False,0.0,False
2025-02-03,WH02,S1,30,240,15248,15248,7.941666666666666,22680,67.23,0,120,0.79,94.76,799,14449,2025,2,February,Monday,False,Normal,False,0.0,False
2025-02-03,WH02,S2,28,224,12552,25104,7.004464285714286,20160,62.26,0,100,0.8,96.71,413,12139,2025,2,February,Monday,False,Normal,False,0.0,False
2025-02-03,WH02,S3,22,176,7432,7432,5.278409090909091,13464,55.2,0,45,0.61,96.49,261,7171,2025,2,February,Monday,False,Low,False,0.0,False
2025-02-03,WH03,S1,20,160,9600,9600,7.5,12600,76.19,0,81,0.84,96.88,300,9300,2025,2,February,Monday,False,High,False,0.0,False
2025-02-03,WH03,S2,19,152,8608,8608,7.078947368421052,11400,75.51,0,46,0.53,98.15,159,8449,2025,2,February,Monday,False,High,False,0.0,False
2025-02-03,WH03,S3,15,120,6288,12576,6.55,7650,82.2,0,56,0.89,95.62,275,6013,2025,2,February,Monday,False,High,False,0.0,False
2025-02-03,WH04,S1,23,184,10536,10536,7.157608695652174,15842,66.51,0,72,0.68,96.37,382,10154,2025,2,February,Monday,False,Normal,False,0.0,False
2025-02-03,WH04,S2,22,176,9400,9400,6.676136363636363,14432,65.13,0,87,0.93,96.97,285,9115,2025,2,February,Monday,False,Normal,False,0.0,False
2025-02-03,WH04,S3,17,136,6352,6352,5.838235294117647,9479,67.01,0,57,0.9,97.44,163,6189,2025,2,February,Monday,False,Normal,False,0.0,False
2025-02-03,WH05,S1,18,144,8152,8152,7.076388888888889,10584,77.02,0,48,0.59,95.93,332,7820,2025,2,February,Monday,False,High,False,0.0,False
2025-02-03,WH05,S2,17,136,7264,7264,6.676470588235294,9520,76.3,0,59,0.81,95.48,328,6936,2025,2,February,Monday,False,High,False,0.0,False
2025-02-03,WH05,S3,14,112,4744,9488,5.294642857142857,6664,71.19,0,41,0.86,94.97,238,4506,2025,2,February,Monday,False,Normal,False,0.0,False
2025-02-04,WH01,S1,25,200,11264,11264,7.04,17850,63.1,0,92,0.82,95.09,553,10711,2025,2,February,Tuesday,False,Normal,False,0.0,False
2025-02-04,WH01,S2,24,192,9608,9608,6.255208333333333,16320,58.87,0,54,0.56,96.81,307,9301,2025,2,February,Tuesday,False,Low,False,0.0,False
2025-02-04,WH01,S3,19,152,6456,19368,5.309210526315789,10982,58.79,0,57,0.88,96.22,244,6212,2025,2,February,Tuesday,False,Low,False,0.0,False
2025-02-04,WH02,S1,30,240,12768,12768,6.65,22680,56.3,0,107,0.84,96.29,474,12294,2025,2,February,Tuesday,False,Low,False,0.0,False
2025-02-04,WH02,S2,28,224,11640,11640,6.495535714285714,20160,57.74,0,60,0.52,95.19,560,11080,2025,2,February,Tuesday,False,Low,False,0.0,False
2025-02-04,WH02,S3,22,176,7936,15872,5.636363636363637,13464,58.94,0,79,1.0,96.47,280,7656,2025,2,February,Tuesday,False,Low,False,0.0,False
2025-02-04,WH03,S1,20,160,8976,17952,7.0125,12600,71.24,0,65,0.72,94.84,464,8512,2025,2,February,Tuesday,False,Normal,False,0.0,False
2025-02-04,WH03,S2,19,152,7736,23208,6.3618421052631575,11400,67.86,0,67,0.87,94.24,446,7290,2025,2,February,Tuesday,False,Normal,False,0.0,False
2025-02-04,WH03,S3,15,120,6104,6104,6.358333333333333,7650,79.79,0,34,0.56,97.25,168,5936,2025,2,February,Tuesday,False,High,False,0.0,False
2025-02-04,WH04,S1,23,184,10184,10184,6.918478260869565,15842,64.28,0,87,0.85,98.0,204,9980,2025,2,February,Tuesday,False,Normal,False,0.0,False
2025-02-04,WH04,S2,22,176,8168,8168,5.801136363636363,14432,56.6,0,63,0.77,95.11,399,7769,2025,2,February,Tuesday,False,Low,False,0.0,False
2025-02-04,WH04,S3,17,136,6280,18840,5.772058823529412,9479,66.25,0,42,0.67,95.95,255,6025,2025,2,February,Tuesday,False,Normal,False,0.0,False
2025-02-04,WH05,S1,18,144,8744,8744,7.590277777777778,10584,82.62,0,64,0.73,95.25,415,8329,2025,2,February,Tuesday,False,High,False,0.0,False
2025-02-04,WH05,S2,17,136,7048,14096,6.477941176470588,9520,74.03,0,38,0.54,96.47,248,6800,2025,2,February,Tuesday,False,Normal,False,0.0,False
2025-02-04,WH05,S3,14,112,4536,9072,5.0625,6664,68.07,0,40,0.88,96.34,166,4370,2025,2,February,Tuesday,False,Normal,False,0.0,False
2025-02-05,WH01,S1,25,200,10728,21456,6.705,17850,60.1,0,60,0.56,95.33,501,10227,2025,2,February,Wednesday,False,Normal,False,0.0,False
2025-02-05,WH01,S2,24,192,8592,17184,5.59375,16320,52.65,0,79,0.92,95.93,350,8242,2025,2,February,Wednesday,False,Low,False,0.0,False
2025-02-05,WH01,S3,19,152,6688,6688,5.5,10982,60.9,0,56,0.84,95.99,268,6420,2025,2,February,Wednesday,False,Normal,False,0.0,False
2025-02-05,WH02,S1,30,240,13360,13360,6.958333333333333,22680,58.91,0,94,0.7,94.8,695,12665,2025,2,February,Wednesday,False,Low,False,0.0,False
2025-02-05,WH02,S2,28,224,12160,36480,6.785714285714286,20160,60.32,0,98,0.81,96.34,444,11716,2025,2,February,Wednesday,False,Normal,False,0.0,False
2025-02-05,WH02,S3,22,176,7848,7848,5.573863636363637,13464,58.29,0,62,0.79,95.66,341,7507,2025,2,February,Wednesday,False,Low,False,0.0,False
2025-02-05,WH03,S1,20,160,9160,9160,7.15625,12600,72.7,0,67,0.73,97.25,252,8908,2025,2,February,Wednesday,False,Normal,False,0.0,False
2025-02-05,WH03,S2,19,152,7616,7616,6.2631578947368425,11400,66.81,0,71,0.93,96.55,262,7354,2025,2,February,Wednesday,False,Normal,False,0.0,False
2025-02-05,WH03,S3,15,120,5112,5112,5.325,7650,66.82,0,35,0.68,95.15,248,4864,2025,2,February,Wednesday,False,Normal,False,0.0,False
2025-02-05,WH04,S1,23,184,8456,16912,5.744565217391305,15842,53.38,0,80,0.95,96.11,329,8127,2025,2,February,Wednesday,False,Low,False,0.0,False
2025-02-05,WH04,S2,22,176,10120,20240,7.1875,14432,70.12,0,97,0.96,97.68,234,9886,2025,2,February,Wednesday,False,Normal,False,0.0,False
2025-02-05,WH04,S3,17,136,5384,5384,4.948529411764706,9479,56.8,0,44,0.82,94.06,320,5064,2025,2,February,Wednesday,False,Low,False,0.0,False
2025-02-05,WH05,S1,18,144,8088,16176,7.020833333333333,10584,76.42,0,65,0.8,97.04,240,7848,2025,2,February,Wednesday,False,High,False,0.0,False
2025-02-05,WH05,S2,17,136,6016,12032,5.529411764705882,9520,63.19,0,50,0.83,96.45,214,5802,2025,2,February,Wednesday,False,Normal,False,0.0,False
2025-02-05,WH05,S3,14,112,4688,4688,5.232142857142857,6664,70.35,0,42,0.9,96.56,161,4527,2025,2,February,Wednesday,False,Normal,False,0.0,False
2025-02-06,WH01,S1,25,200,12368,12368,7.73,17850,69.29,0,81,0.65,96.65,415,11953,2025,2,February,Thursday,False,Normal,False,0.0,False
2025-02-06,WH01,S2,24,192,10392,20784,6.765625,16320,63.68,0,80,0.77,96.15,400,9992,2025,2,February,Thursday,False,Normal,False,0.0,False
2025-02-06,WH01,S3,19,152,8712,8712,7.164473684210527,10982,79.33,0,72,0.83,97.55,213,8499,2025,2,February,Thursday,False,High,False,0.0,False
2025-02-06,WH02,S1,30,240,14160,14160,7.375,22680,62.43,0,78,0.55,96.79,455,13705,2025,2,February,Thursday,False,Normal,False,0.0,False
2025-02-06,WH02,S2,28,224,11232,22464,6.267857142857143,20160,55.71,0,76,0.68,94.95,567,10665,2025,2,February,Thursday,False,Low,False,0.0,False
2025-02-06,WH02,S3,22,176,9120,9120,6.477272727272728,13464,67.74,0,55,0.6,95.13,444,8676,2025,2,February,Thursday,False,Normal,False,0.0,False
2025-02-06,WH03,S1,20,160,10008,20016,7.81875,12600,79.43,0,92,0.92,95.62,439,9569,2025,2,February,Thursday,False,High,False,0.0,False
2025-02-06,WH03,S2,19,152,8000,16000,6.578947368421052,11400,70.18,0,65,0.81,96.27,299,7701,2025,2,February,Thursday,False,Normal,False,0.0,False
2025-02-06,WH03,S3,15,120,5912,11824,6.158333333333333,7650,77.28,0,50,0.85,95.94,240,5672,2025,2,February,Thursday,False,High,False,0.0,False
2025-02-06,WH04,S1,23,184,12464,12464,8.467391304347826,15842,78.68,0,83,0.67,94.84,643,11821,2025,2,February,Thursday,False,High,False,0.0,False
2025-02-06,WH04,S2,22,176,8608,25824,6.113636363636363,14432,59.65,0,68,0.79,95.65,374,8234,2025,2,February,Thursday,False,Low,False,0.0,False
2025-02-06,WH04,S3,17,136,5616,5616,5.161764705882353,9479,59.25,0,50,0.89,96.02,223,5393,2025,2,February,Thursday,False,Low,False,0.0,False
2025-02-06,WH05,S1,18,144,8488,8488,7.368055555555555,10584,80.2,0,63,0.74,96.21,321,8167,2025,2,February,Thursday,False,High,False,0.0,False
2025-02-06,WH05,S2,17,136,6416,6416,5.897058823529412,9520,67.39,0,40,0.62,95.84,267,6149,2025,2,February,Thursday,False,Normal,False,0.0,False
2025-02-06,WH05,S3,14,112,5056,10112,5.642857142857143,6664,75.87,0,44,0.87,96.46,179,4877,2025,2,February,Thursday,False,High,False,0.0,False
2025-02-07,WH01,S1,25,200,11288,11288,7.055,17850,63.24,0,96,0.85,97.31,304,10984,2025,2,February,Friday,False,Normal,False,0.0,False
2025-02-07,WH01,S2,24,192,10584,21168,6.890625,16320,64.85,0,86,0.81,96.25,397,10187,2025,2,February,Friday,False,Normal,False,0.0,False
2025-02-07,WH01,S3,19,152,6704,6704,5.5131578947368425,10982,61.05,0,52,0.78,96.29,249,6455,2025,2,February,Friday,False,Normal,False,0.0,False
2025-02-07,WH02,S1,30,240,13192,26384,6.870833333333334,22680,58.17,0,112,0.85,95.97,532,12660,2025,2,February,Friday,False,Low,False,0.0,False
2025-02-07,WH02,S2,28,224,12904,12904,7.200892857142857,20160,64.01,0,99,0.77,95.0,646,12258,2025,2,February,Friday,False,Normal,False,0.0,False
2025-02-07,WH02,S3,22,176,8512,17024,6.045454545454546,13464,63.22,0,78,0.92,95.74,362,8150,2025,2,February,Friday,False,Normal,False,0.0,False
2025-02-07,WH03,S1,20,160,9384,28152,7.33125,12600,74.48,0,75,0.8,95.46,426,8958,2025,2,February,Friday,False,Normal,False,0.0,False
2025-02-07,WH03,S2,19,152,8864,8864,7.2894736842105265,11400,77.75,0,89,1.0,96.4,319,8545,2025,2,February,Friday,False,High,False,0.0,False
2025-02-07,WH03,S3,15,120,6984,20952,7.275,7650,91.29,0,62,0.89,94.85,360,6624,2025,2,February,Friday,False,Very High,True,0.0,False
2025-02-07,WH04,S1,23,184,12264,12264,8.331521739130435,15842,77.41,0,82,0.67,96.3,453,11811,2025,2,February,Friday,False,High,False,0.0,False
2025-02-07,WH04,S2,22,176,9392,28176,6.670454545454546,14432,65.08,0,70,0.75,94.33,533,8859,2025,2,February,Friday,False,Normal,False,0.0,False
2025-02-07,WH04,S3,17,136,5736,5736,5.272058823529412,9479,60.51,0,50,0.87,96.05,226,5510,2025,2,February,Friday,False,Normal,False,0.0,False
2025-02-07,WH05,S1,18,144,7792,15584,6.763888888888889,10584,73.62,0,75,0.96,96.32,287,7505,2025,2,February,Friday,False,Normal,False,0.0,False
2025-02-07,WH05,S2,17,136,7192,7192,6.610294117647059,9520,75.55,0,67,0.93,97.09,209,6983,2025,2,February,Friday,False,High,False,0.0,False
2025-02-07,WH05,S3,14,112,5232,5232,5.839285714285714,6664,78.51,0,44,0.84,95.33,244,4988,2025,2,February,Friday,False,High,False,0.0,False
2025-02-08,WH01,S1,25,200,6928,6928,4.33,17850,38.81,0,50,0.72,95.92,283,6645,2025,2,February,Saturday,False,Low,False,0.0,False
2025-02-08,WH01,S2,24,192,5952,5952,3.875,16320,36.47,0,54,0.91,96.81,190,5762,2025,2,February,Saturday,False,Low,False,0.0,False
2025-02-08,WH01,S3,19,152,3904,3904,3.210526315789474,10982,35.55,0,31,0.79,95.14,190,3714,2025,2,February,Saturday,False,Low,False,0.0,False
2025-02-08,WH02,S1,30,240,7232,7232,3.7666666666666666,22680,31.89,0,42,0.58,94.46,400,6832,2025,2,February,Saturday,False,Low,False,0.0,False
2025-02-08,WH02,S2,28,224,6224,6224,3.4732142857142856,20160,30.87,0,53,0.85,96.27,232,5992,2025,2,February,Saturday,False,Low,False,0.0,False
2025-02-08,WH02,S3,22,176,5112,5112,3.6306818181818175,13464,37.97,0,43,0.84,96.29,190,4922,2025,2,February,Saturday,False,Low,False,0.0,False
2025-02-08,WH03,S1,20,160,4824,4824,3.76875,12600,38.29,0,46,0.95,97.26,132,4692,2025,2,February,Saturday,False,Low,False,0.0,False
2025-02-08,WH03,S2,19,152,5152,15456,4.2368421052631575,11400,45.19,0,42,0.82,96.8,165,4987,2025,2,February,Saturday,False,Low,False,0.0,False
2025-02-08,WH03,S3,15,120,3512,7024,3.658333333333333,7650,45.91,0,30,0.85,95.89,144,3368,2025,2,February,Saturday,False,Low,False,0.0,False
2025-02-08,WH04,S1,23,184,8032,16064,5.456521739130435,15842,50.7,0,64,0.8,95.45,366,7666,2025,2,February,Saturday,False,Low,False,0.0,False
2025-02-08,WH04,S2,22,176,5736,5736,4.073863636363637,14432,39.75,0,32,0.56,97.49,144,5592,2025,2,February,Saturday,False,Low,False,0.0,False
2025-02-08,WH04,S3,17,136,4184,8368,3.8455882352941178,9479,44.14,0,30,0.72,97.43,107,4077,2025,2,February,Saturday,False,Low,False,0.0,False
2025-02-08,WH05,S1,18,144,5664,5664,4.916666666666667,10584,53.51,0,40,0.71,96.04,224,5440,2025,2,February,Saturday,False,Low,False,0.0,False
2025-02-08,WH05,S2,17,136,4072,4072,3.7426470588235294,9520,42.77,0,29,0.71,97.04,121,3951,2025,2,February,Saturday,False,Low,False,0.0,False
2025-02-08,WH05,S3,14,112,2584,2584,2.883928571428572,6664,38.78,0,21,0.81,94.94,131,2453,2025,2,February,Saturday,False,Low,False,0.0,False
2025-02-09,WH01,S1,25,200,6488,6488,4.055,17850,36.35,0,52,0.8,97.23,180,6308,2025,2,February,Sunday,True,Low,False,0.0,False
2025-02-09,WH01,S2,24,192,5328,5328,3.46875,16320,32.65,0,38,0.71,96.58,182,5146,2025,2,February,Sunday,True,Low,False,0.0,False
2025-02-09,WH01,S3,19,152,3504,3504,2.881578947368421,10982,31.91,0,37,1.06,93.76,219,3285,2025,2,February,Sunday,True,Low,False,0.0,False
2025-02-09,WH02,S1,30,240,6792,6792,3.5375,22680,29.95,0,42,0.62,97.25,186,6606,2025,2,February,Sunday,True,Low,False,0.0,False
2025-02-09,WH02,S2,28,224,6760,13520,3.772321428571429,20160,33.53,0,62,0.92,94.39,380,6380,2025,2,February,Sunday,True,Low,False,0.0,False
2025-02-09,WH02,S3,22,176,4376,4376,3.1079545454545454,13464,32.5,0,36,0.82,97.19,123,4253,2025,2,February,Sunday,True,Low,False,0.0,False
2025-02-09,WH03,S1,20,160,4288,8576,3.35,12600,34.03,0,44,1.03,96.5,150,4138,2025,2,February,Sunday,True,Low,False,0.0,False
2025-02-09,WH03,S2,19,152,4736,4736,3.8947368421052633,11400,41.54,0,42,0.89,94.53,259,4477,2025,2,February,Sunday,True,Low,False,0.0,False
2025-02-09,WH03,S3,15,120,3888,3888,4.05,7650,50.82,0,37,0.95,95.15,189,3699,2025,2,February,Sunday,True,Low,False,0.0,False
2025-02-09,WH04,S1,23,184,5656,5656,3.842391304347826,15842,35.7,0,43,0.76,95.79,238,5418,2025,2,February,Sunday,True,Low,False,0.0,False
2025-02-09,WH04,S2,22,176,4824,4824,3.426136363636364,14432,33.43,0,36,0.75,95.21,231,4593,2025,2,February,Sunday,True,Low,False,0.0,False
2025-02-09,WH04,S3,17,136,3720,3720,3.419117647058824,9479,39.24,0,29,0.78,96.29,138,3582,2025,2,February,Sunday,True,Low,False,0.0,False
2025-02-09,WH05,S1,18,144,4112,8224,3.5694444444444446,10584,38.85,0,38,0.92,95.26,195,3917,2025,2,February,Sunday,True,Low,False,0.0,False
2025-02-09,WH05,S2,17,136,3576,7152,3.286764705882353,9520,37.56,0,33,0.92,96.58,122,3454,2025,2,February,Sunday,True,Low,False,0.0,False
2025-02-09,WH05,S3,14,112,3032,3032,3.383928571428572,6664,45.5,0,25,0.82,95.22,145,2887,2025,2,February,Sunday,True,Low,False,0.0,False
2025-02-10,WH01,S1,25,200,11888,11888,7.43,17850,66.6,0,99,0.83,96.61,403,11485,2025,2,February,Monday,False,Normal,False,0.0,False
2025-02-10,WH01,S2,24,192,9984,9984,6.5,16320,61.18,0,79,0.79,96.11,389,9595,2025,2,February,Monday,False,Normal,False,0.0,False
2025-02-10,WH01,S3,19,152,7768,15536,6.3881578947368425,10982,70.73,0,69,0.89,95.18,375,7393,2025,2,February,Monday,False,Normal,False,0.0,False
2025-02-10,WH02,S1,30,240,16408,49224,8.545833333333333,22680,72.35,0,108,0.66,95.36,761,15647,2025,2,February,Monday,False,Normal,False,0.0,False
2025-02-10,WH02,S2,28,224,12240,12240,6.830357142857143,20160,60.71,0,100,0.82,94.83,633,11607,2025,2,February,Monday,False,Normal,False,0.0,False
2025-02-10,WH02,S3,22,176,6664,6664,4.732954545454546,13464,49.49,0,58,0.87,94.98,334,6330,2025,2,February,Monday,False,Low,False,0.0,False
2025-02-10,WH03,S1,20,160,9144,18288,7.14375,12600,72.57,0,69,0.75,96.57,314,8830,2025,2,February,Monday,False,Normal,False,0.0,False
2025-02-10,WH03,S2,19,152,7320,14640,6.019736842105263,11400,64.21,0,52,0.71,95.84,305,7015,2025,2,February,Monday,False,Normal,False,0.0,False
2025-02-10,WH03,S3,15,120,6168,6168,6.425,7650,80.63,0,53,0.86,96.78,198,5970,2025,2,February,Monday,False,High,False,0.0,False
2025-02-10,WH04,S1,23,184,9096,9096,6.179347826086956,15842,57.42,0,67,0.74,96.69,301,8795,2025,2,February,Monday,False,Low,False,0.0,False
2025-02-10,WH04,S2,22,176,8384,16768,5.954545454545454,14432,58.09,0,55,0.66,97.23,232,8152,2025,2,February,Monday,False,Low,False,0.0,False
2025-02-10,WH04,S3,17,136,6120,18360,5.625,9479,64.56,0,59,0.96,96.1,239,5881,2025,2,February,Monday,False,Normal,False,0.0,False
2025-02-10,WH05,S1,18,144,10136,10136,8.79861111111111,10584,95.77,0,106,1.05,95.47,459,9677,2025,2,February,Monday,False,Very High,True,0.0,False
2025-02-10,WH05,S2,17,136,6112,6112,5.617647058823529,9520,64.2,0,50,0.82,94.6,330,5782,2025,2,February,Monday,False,Normal,False,0.0,False
2025-02-10,WH05,S3,14,112,5104,5104,5.696428571428571,6664,76.59,0,44,0.86,95.11,250,4854,2025,2,February,Monday,False,High,False,0.0,False
2025-02-11,WH01,S1,25,200,11336,11336,7.085,17850,63.51,0,101,0.89,97.4,295,11041,2025,2,February,Tuesday,False,Normal,False,0.0,False
2025-02-11,WH01,S2,24,192,9784,19568,6.369791666666667,16320,59.95,0,88,0.9,95.4,450,9334,2025,2,February,Tuesday,False,Low,False,0.0,False
2025-02-11,WH01,S3,19,152,7168,7168,5.894736842105263,10982,65.27,0,50,0.7,95.58,317,6851,2025,2,February,Tuesday,False,Normal,False,0.0,False
2025-02-11,WH02,S1,30,240,13816,13816,7.195833333333334,22680,60.92,0,94,0.68,95.02,688,13128,2025,2,February,Tuesday,False,Normal,False,0.0,False
2025-02-11,WH02,S2,28,224,10824,10824,6.040178571428571,20160,53.69,0,106,0.98,95.03,538,10286,2025,2,February,Tuesday,False,Low,False,0.0,False
2025-02-11,WH02,S3,22,176,7280,21840,5.170454545454546,13464,54.07,0,61,0.84,96.45,259,7021,2025,2,February,Tuesday,False,Low,False,0.0,False
2025-02-11,WH03,S1,20,160,7168,14336,5.6,12600,56.89,0,72,1.0,95.27,339,6829,2025,2,February,Tuesday,False,Low,False,0.0,False
2025-02-11,WH03,S2,19,152,8120,8120,6.677631578947368,11400,71.23,0,76,0.94,96.41,292,7828,2025,2,February,Tuesday,False,Normal,False,0.0,False
2025-02-11,WH03,S3,15,120,4896,9792,5.1,7650,64.0,0,44,0.9,95.87,202,4694,2025,2,February,Tuesday,False,Normal,False,0.0,False
2025-02-11,WH04,S1,23,184,8560,8560,5.815217391304348,15842,54.03,0,73,0.85,95.33,400,8160,2025,2,February,Tuesday,False,Low,False,0.0,False
2025-02-11,WH04,S2,22,176,7680,7680,5.454545454545454,14432,53.22,0,48,0.62,95.64,335,7345,2025,2,February,Tuesday,False,Low,False,0.0,False
2025-02-11,WH04,S3,17,136,5752,5752,5.286764705882353,9479,60.68,0,52,0.9,97.47,145,5607,2025,2,February,Tuesday,False,Normal,False,0.0,False
2025-02-11,WH05,S1,18,144,6568,6568,5.701388888888889,10584,62.06,0,55,0.84,94.73,346,6222,2025,2,February,Tuesday,False,Normal,False,0.0,False
2025-02-11,WH05,S2,17,136,6552,6552,6.022058823529412,9520,68.82,0,47,0.72,94.03,391,6161,2025,2,February,Tuesday,False,Normal,False,0.0,False
2025-02-11,WH05,S3,14,112,5256,5256,5.866071428571429,6664,78.87,0,39,0.74,97.14,150,5106,2025,2,February,Tuesday,False,High,False,0.0,False
2025-02-12,WH01,S1,25,200,9624,19248,6.015,17850,53.92,0,61,0.63,96.76,312,9312,2025,2,February,Wednesday,False,Low,False,0.0,False
2025-02-12,WH01,S2,24,192,9912,19824,6.453125,16320,60.74,0,65,0.66,96.78,320,9592,2025,2,February,Wednesday,False,Normal,False,0.0,False
2025-02-12,WH01,S3,19,152,6736,6736,5.539473684210527,10982,61.34,0,57,0.85,96.65,226,6510,2025,2,February,Wednesday,False,Normal,False,0.0,False
2025-02-12,WH02,S1,30,240,13264,13264,6.908333333333333,22680,58.48,0,87,0.66,95.02,660,12604,2025,2,February,Wednesday,False,Low,False,0.0,False
2025-02-12,WH02,S2,28,224,12864,25728,7.178571428571429,20160,63.81,0,85,0.66,95.12,627,12237,2025,2,February,Wednesday,False,Normal,False,0.0,False
2025-02-12,WH02,S3,22,176,8744,17488,6.2102272727272725,13464,64.94,0,72,0.82,94.4,490,8254,2025,2,February,Wednesday,False,Normal,False,0.0,False
2025-02-12,WH03,S1,20,160,10440,20880,8.15625,12600,82.86,0,103,0.99,97.01,312,10128,2025,2,February,Wednesday,False,High,False,0.0,False
2025-02-12,WH03,S2,19,152,8136,16272,6.690789473684211,11400,71.37,0,47,0.58,96.25,305,7831,2025,2,February,Wednesday,False,Normal,False,0.0,False
2025-02-12,WH03,S3,15,120,6184,18552,6.441666666666666,7650,80.84,0,47,0.76,94.84,319,5865,2025,2,February,Wednesday,False,High,False,0.0,False
2025-02-12,WH04,S1,23,184,8792,17584,5.9728260869565215,15842,55.5,0,104,1.18,95.46,399,8393,2025,2,February,Wednesday,False,Low,False,0.0,False
2025-02-12,WH04,S2,22,176,8976,8976,6.375,14432,62.2,0,71,0.79,96.04,356,8620,2025,2,February,Wednesday,False,Normal,False,0.0,False
2025-02-12,WH04,S3,17,136,6464,6464,5.941176470588236,9479,68.19,0,45,0.7,96.73,211,6253,2025,2,February,Wednesday,False,Normal,False,0.0,False
2025-02-12,WH05,S1,18,144,7208,7208,6.256944444444445,10584,68.1,0,55,0.76,95.18,347,6861,2025,2,February,Wednesday,False,Normal,False,0.0,False
2025-02-12,WH05,S2,17,136,6952,6952,6.389705882352941,9520,73.03,0,62,0.89,96.12,270,6682,2025,2,February,Wednesday,False,Normal,False,0.0,False
2025-02-12,WH05,S3,14,112,5352,5352,5.973214285714286,6664,80.31,0,39,0.73,94.91,272,5080,2025,2,February,Wednesday,False,High,False,0.0,False
2025-02-13,WH01,S1,25,200,11664,11664,7.29,17850,65.34,0,99,0.85,96.43,417,11247,2025,2,February,Thursday,False,Normal,False,0.0,False
2025-02-13,WH01,S2,24,192,9320,9320,6.067708333333333,16320,57.11,0,65,0.7,96.82,297,9023,2025,2,February,Thursday,False,Low,False,0.0,False
2025-02-13,WH01,S3,19,152,6672,6672,5.4868421052631575,10982,60.75,0,59,0.88,94.82,346,6326,2025,2,February,Thursday,False,Normal,False,0.0,False
2025-02-13,WH02,S1,30,240,13720,27440,7.145833333333333,22680,60.49,0,96,0.7,96.88,428,13292,2025,2,February,Thursday,False,Normal,False,0.0,False
2025-02-13,WH02,S2,28,224,11048,11048,6.165178571428571,20160,54.8,0,82,0.74,95.97,445,10603,2025,2,February,Thursday,False,Low,False,0.0,False
2025-02-13,WH02,S3,22,176,8720,8720,6.193181818181818,13464,64.77,0,64,0.73,96.18,333,8387,2025,2,February,Thursday,False,Normal,False,0.0,False
2025-02-13,WH03,S1,20,160,10240,20480,8.0,12600,81.27,0,85,0.83,96.51,357,9883,2025,2,February,Thursday,False,High,False,0.0,False
2025-02-13,WH03,S2,19,152,7952,7952,6.539473684210527,11400,69.75,0,62,0.78,95.35,370,7582,2025,2,February,Thursday,False,Normal,False,0.0,False
2025-02-13,WH03,S3,15,120,6248,6248,6.508333333333334,7650,81.67,0,56,0.9,95.97,252,5996,2025,2,February,Thursday,False,High,False,0.0,False
2025-02-13,WH04,S1,23,184,10904,10904,7.407608695652174,15842,68.83,0,93,0.85,96.69,361,10543,2025,2,February,Thursday,False,Normal,False,0.0,False
2025-02-13,WH04,S2,22,176,9552,19104,6.784090909090909,14432,66.19,0,68,0.71,94.97,480,9072,2025,2,February,Thursday,False,Normal,False,0.0,False
2025-02-13,WH04,S3,17,136,8424,8424,7.742647058823529,9479,88.87,0,91,1.08,96.5,294,8130,2025,2,February,Thursday,False,Very High,True,0.0,False
2025-02-13,WH05,S1,18,144,7416,14832,6.4375,10584,70.07,0,54,0.73,97.58,179,7237,2025,2,February,Thursday,False,Normal,False,0.0,False
2025-02-13,WH05,S2,17,136,5704,5704,5.242647058823529,9520,59.92,0,58,1.02,95.44,260,5444,2025,2,February,Thursday,False,Low,False,0.0,False
2025-02-13,WH05,S3,14,112,6192,6192,6.910714285714286,6664,92.92,0,78,1.26,96.82,197,5995,2025,2,February,Thursday,False,Very High,True,0.0,False
2025-02-14,WH01,S1,25,200,12616,25232,7.885,17850,70.68,0,71,0.56,95.13,615,12001,2025,2,February,Friday,False,Normal,False,0.0,False
2025-02-14,WH01,S2,24,192,9904,29712,6.447916666666667,16320,60.69,0,75,0.76,95.36,459,9445,2025,2,February,Friday,False,Normal,False,0.0,False
2025-02-14,WH01,S3,19,152,7456,7456,6.131578947368421,10982,67.89,0,53,0.71,95.31,349,7107,2025,2,February,Friday,False,Normal,False,0.0,False
2025-02-14,WH02,S1,30,240,15600,46800,8.125,22680,68.78,0,145,0.93,96.58,533,15067,2025,2,February,Friday,False,Normal,False,0.0,False
2025-02-14,WH02,S2,28,224,11696,11696,6.526785714285714,20160,58.02,0,109,0.93,95.8,491,11205,2025,2,February,Friday,False,Low,False,0.0,False
2025-02-14,WH02,S3,22,176,7424,7424,5.2727272727272725,13464,55.14,0,57,0.77,96.4,267,7157,2025,2,February,Friday,False,Low,False,0.0,False
2025-02-14,WH03,S1,20,160,9680,19360,7.5625,12600,76.83,0,66,0.68,95.41,444,9236,2025,2,February,Friday,False,High,False,0.0,False
2025-02-14,WH03,S2,19,152,8552,17104,7.032894736842105,11400,75.02,0,79,0.92,95.62,374,8178,2025,2,February,Friday,False,High,False,0.0,False
2025-02-14,WH03,S3,15,120,5952,11904,6.2,7650,77.8,0,52,0.87,94.53,325,5627,2025,2,February,Friday,False,High,False,0.0,False
2025-02-14,WH04,S1,23,184,8968,17936,6.092391304347826,15842,56.61,0,62,0.69,94.09,530,8438,2025,2,February,Friday,False,Low,False,0.0,False
2025-02-14,WH04,S2,22,176,9216,27648,6.545454545454546,14432,63.86,0,81,0.88,97.18,260,8956,2025,2,February,Friday,False,Normal,False,0.0,False
2025-02-14,WH04,S3,17,136,7080,7080,6.507352941176471,9479,74.69,0,48,0.68,94.63,380,6700,2025,2,February,Friday,False,Normal,False,0.0,False
2025-02-14,WH05,S1,18,144,9288,18576,8.0625,10584,87.76,0,95,1.02,96.54,321,8967,2025,2,February,Friday,False,Very High,True,0.0,False
2025-02-14,WH05,S2,17,136,6632,6632,6.095588235294118,9520,69.66,0,55,0.83,96.01,265,6367,2025,2,February,Friday,False,Normal,False,0.0,False
2025-02-14,WH05,S3,14,112,5288,10576,5.901785714285714,6664,79.35,0,39,0.74,96.3,196,5092,2025,2,February,Friday,False,High,False,0.0,False
2025-02-15,WH01,S1,25,200,6608,6608,4.13,17850,37.02,0,71,1.07,97.48,167,6441,2025,2,February,Saturday,False,Low,False,0.0,False
2025-02-15,WH01,S2,24,192,6136,6136,3.9947916666666665,16320,37.6,0,44,0.72,94.56,334,5802,2025,2,February,Saturday,False,Low,False,0.0,False
2025-02-15,WH01,S3,19,152,4312,4312,3.546052631578948,10982,39.26,0,37,0.86,97.11,125,4187,2025,2,February,Saturday,False,Low,False,0.0,False
2025-02-15,WH02,S1,30,240,7320,14640,3.8125,22680,32.28,0,55,0.75,96.06,288,7032,2025,2,February,Saturday,False,Low,False,0.0,False
2025-02-15,WH02,S2,28,224,6928,6928,3.866071428571429,20160,34.37,0,65,0.94,94.7,367,6561,2025,2,February,Saturday,False,Low,False,0.0,False
2025-02-15,WH02,S3,22,176,4680,4680,3.323863636363636,13464,34.76,0,39,0.83,95.79,197,4483,2025,2,February,Saturday,False,Low,False,0.0,False
2025-02-15,WH03,S1,20,160,6440,6440,5.03125,12600,51.11,0,54,0.84,97.28,175,6265,2025,2,February,Saturday,False,Low,False,0.0,False
2025-02-15,WH03,S2,19,152,4696,9392,3.861842105263158,11400,41.19,0,36,0.77,95.88,193,4503,2025,2,February,Saturday,False,Low,False,0.0,False
2025-02-15,WH03,S3,15,120,3520,7040,3.6666666666666665,7650,46.01,0,22,0.62,94.77,184,3336,2025,2,February,Saturday,False,Low,False,0.0,False
2025-02-15,WH04,S1,23,184,6464,6464,4.391304347826087,15842,40.8,0,47,0.73,96.62,218,6246,2025,2,February,Saturday,False,Low,False,0.0,False
2025-02-15,WH04,S2,22,176,4680,4680,3.323863636363636,14432,32.43,0,41,0.88,95.3,220,4460,2025,2,February,Saturday,False,Low,False,0.0,False
2025-02-15,WH04,S3,17,136,4680,4680,4.301470588235294,9479,49.37,0,37,0.79,95.72,201,4479,2025,2,February,Saturday,False,Low,False,0.0,False
2025-02-15,WH05,S1,18,144,5312,5312,4.611111111111111,10584,50.19,0,42,0.79,96.58,182,5130,2025,2,February,Saturday,False,Low,False,0.0,False
2025-02-15,WH05,S2,17,136,4800,14400,4.411764705882353,9520,50.42,0,47,0.98,95.46,218,4582,2025,2,February,Saturday,False,Low,False,0.0,False
2025-02-15,WH05,S3,14,112,3248,9744,3.625,6664,48.74,0,25,0.77,97.51,81,3167,2025,2,February,Saturday,False,Low,False,0.0,False
2025-02-16,WH01,S1,25,200,6072,6072,3.795,17850,34.02,0,46,0.76,95.02,303,5769,2025,2,February,Sunday,True,Low,False,0.0,False
2025-02-16,WH01,S2,24,192,3872,7744,2.520833333333333,16320,23.73,0,30,0.77,98.84,45,3827,2025,2,February,Sunday,True,Low,False,0.0,False
2025-02-16,WH01,S3,19,152,4424,13272,3.638157894736842,10982,40.28,0,30,0.68,96.85,139,4285,2025,2,February,Sunday,True,Low,False,0.0,False
2025-02-16,WH02,S1,30,240,7656,22968,3.9875,22680,33.76,0,77,1.01,94.93,388,7268,2025,2,February,Sunday,True,Low,False,0.0,False
2025-02-16,WH02,S2,28,224,6472,6472,3.611607142857143,20160,32.1,0,64,0.99,96.03,257,6215,2025,2,February,Sunday,True,Low,False,0.0,False
2025-02-16,WH02,S3,22,176,3888,7776,2.761363636363636,13464,28.88,0,39,1.0,95.75,165,3723,2025,2,February,Sunday,True,Low,False,0.0,False
2025-02-16,WH03,S1,20,160,5368,5368,4.19375,12600,42.6,0,38,0.71,96.93,165,5203,2025,2,February,Sunday,True,Low,False,0.0,False
2025-02-16,WH03,S2,19,152,3384,6768,2.7828947368421053,11400,29.68,0,23,0.68,96.02,135,3249,2025,2,February,Sunday,True,Low,False,0.0,False
2025-02-16,WH03,S3,15,120,3336,3336,3.475,7650,43.61,0,29,0.87,96.64,112,3224,2025,2,February,Sunday,True,Low,False,0.0,False
2025-02-16,WH04,S1,23,184,4848,14544,3.2934782608695654,15842,30.6,0,47,0.97,96.35,177,4671,2025,2,February,Sunday,True,Low,False,0.0,False
2025-02-16,WH04,S2,22,176,4504,9008,3.198863636363636,14432,31.21,0,41,0.91,97.35,119,4385,2025,2,February,Sunday,True,Low,False,0.0,False
2025-02-16,WH04,S3,17,136,3240,9720,2.9779411764705883,9479,34.18,0,27,0.83,95.0,162,3078,2025,2,February,Sunday,True,Low,False,0.0,False
2025-02-16,WH05,S1,18,144,3712,7424,3.2222222222222223,10584,35.07,0,32,0.86,97.62,88,3624,2025,2,February,Sunday,True,Low,False,0.0,False
2025-02-16,WH05,S2,17,136,4248,12744,3.904411764705882,9520,44.62,0,47,1.11,97.22,118,4130,2025,2,February,Sunday,True,Low,False,0.0,False
2025-02-16,WH05,S3,14,112,2616,2616,2.919642857142857,6664,39.26,0,16,0.61,95.23,125,2491,2025,2,February,Sunday,True,Low,False,0.0,False
2025-02-17,WH01,S1,25,200,9480,9480,5.925,17850,53.11,0,81,0.85,96.95,289,9191,2025,2,February,Monday,False,Low,False,0.0,False
2025-02-17,WH01,S2,24,192,10848,10848,7.0625,16320,66.47,0,73,0.67,96.74,354,10494,2025,2,February,Monday,False,Normal,False,0.0,False
2025-02-17,WH01,S3,19,152,7048,21144,5.796052631578948,10982,64.18,0,54,0.77,97.71,161,6887,2025,2,February,Monday,False,Normal,False,0.0,False
2025-02-17,WH02,S1,30,240,11952,35856,6.225,22680,52.7,0,97,0.81,96.27,446,11506,2025,2,February,Monday,False,Low,False,0.0,False
2025-02-17,WH02,S2,28,224,10536,21072,5.879464285714286,20160,52.26,0,79,0.75,97.95,216,10320,2025,2,February,Monday,False,Low,False,0.0,False
2025-02-17,WH02,S3,22,176,10552,21104,7.494318181818182,13464,78.37,0,74,0.7,95.64,460,10092,2025,2,February,Monday,False,High,False,0.0,False
2025-02-17,WH03,S1,20,160,9168,18336,7.1625,12600,72.76,0,90,0.98,96.71,301,8867,2025,2,February,Monday,False,Normal,False,0.0,False
2025-02-17,WH03,S2,19,152,8264,8264,6.796052631578948,11400,72.49,0,73,0.88,96.55,285,7979,2025,2,February,Monday,False,Normal,False,0.0,False
2025-02-17,WH03,S3,15,120,5240,5240,5.458333333333333,7650,68.5,0,45,0.86,95.59,231,5009,2025,2,February,Monday,False,Normal,False,0.0,False
2025-02-17,WH04,S1,23,184,10360,10360,7.038043478260869,15842,65.4,0,97,0.94,96.09,405,9955,2025,2,February,Monday,False,Normal,False,0.0,False
2025-02-17,WH04,S2,22,176,8328,8328,5.914772727272728,14432,57.71,0,64,0.77,94.92,423,7905,2025,2,February,Monday,False,Low,False,0.0,False
2025-02-17,WH04,S3,17,136,5736,5736,5.272058823529412,9479,60.51,0,50,0.87,95.91,235,5501,2025,2,February,Monday,False,Normal,False,0.0,False
2025-02-17,WH05,S1,18,144,8248,8248,7.159722222222222,10584,77.93,0,55,0.67,96.55,284,7964,2025,2,February,Monday,False,High,False,0.0,False
2025-02-17,WH05,S2,17,136,6536,19608,6.007352941176471,9520,68.66,0,51,0.78,95.73,279,6257,2025,2,February,Monday,False,Normal,False,0.0,False
2025-02-17,WH05,S3,14,112,5816,5816,6.491071428571429,6664,87.27,0,75,1.29,95.15,282,5534,2025,2,February,Monday,False,Very High,True,0.0,False
2025-02-18,WH01,S1,25,200,9952,19904,6.22,17850,55.75,0,98,0.98,96.21,377,9575,2025,2,February,Tuesday,False,Low,False,0.0,False
2025-02-18,WH01,S2,24,192,9568,19136,6.229166666666667,16320,58.63,0,70,0.73,96.81,305,9263,2025,2,February,Tuesday,False,Low,False,0.0,False
2025-02-18,WH01,S3,19,152,6512,6512,5.355263157894737,10982,59.3,0,62,0.95,94.65,349,6163,2025,2,February,Tuesday,False,Low,False,0.0,False
2025-02-18,WH02,S1,30,240,11056,22112,5.758333333333334,22680,48.75,0,101,0.91,97.42,285,10771,2025,2,February,Tuesday,False,Low,False,0.0,False
2025-02-18,WH02,S2,28,224,12640,12640,7.053571428571429,20160,62.7,0,106,0.84,94.09,747,11893,2025,2,February,Tuesday,False,Normal,False,0.0,False
2025-02-18,WH02,S3,22,176,8496,8496,6.034090909090909,13464,63.1,0,64,0.75,96.25,319,8177,2025,2,February,Tuesday,False,Normal,False,0.0,False
2025-02-18,WH03,S1,20,160,8944,17888,6.9875,12600,70.98,0,84,0.94,97.2,251,8693,2025,2,February,Tuesday,False,Normal,False,0.0,False
2025-02-18,WH03,S2,19,152,8024,8024,6.598684210526316,11400,70.39,0,48,0.6,96.79,257,7767,2025,2,February,Tuesday,False,Normal,False,0.0,False
2025-02-18,WH03,S3,15,120,5816,5816,6.058333333333334,7650,76.03,0,52,0.89,95.04,289,5527,2025,2,February,Tuesday,False,High,False,0.0,False
2025-02-18,WH04,S1,23,184,8544,17088,5.804347826086956,15842,53.93,0,60,0.7,96.73,279,8265,2025,2,February,Tuesday,False,Low,False,0.0,False
2025-02-18,WH04,S2,22,176,8008,16016,5.6875,14432,55.49,0,48,0.6,95.0,400,7608,2025,2,February,Tuesday,False,Low,False,0.0,False
2025-02-18,WH04,S3,17,136,5424,16272,4.985294117647059,9479,57.22,0,39,0.72,96.75,176,5248,2025,2,February,Tuesday,False,Low,False,0.0,False
2025-02-18,WH05,S1,18,144,7672,7672,6.659722222222222,10584,72.49,0,58,0.76,97.24,212,7460,2025,2,February,Tuesday,False,Normal,False,0.0,False
2025-02-18,WH05,S2,17,136,8752,8752,8.044117647058824,9520,91.93,0,102,1.17,96.62,296,8456,2025,2,February,Tuesday,False,Very High,True,0.0,False
2025-02-18,WH05,S3,14,112,4200,8400,4.6875,6664,63.03,0,40,0.95,96.3,156,4044,2025,2,February,Tuesday,False,Normal,False,0.0,False
2025-02-19,WH01,S1,25,200,10632,10632,6.645,17850,59.56,0,83,0.78,94.08,629,10003,2025,2,February,Wednesday,False,Low,False,0.0,False
2025-02-19,WH01,S2,24,192,9984,9984,6.5,16320,61.18,0,73,0.73,95.81,419,9565,2025,2,February,Wednesday,False,Normal,False,0.0,False
2025-02-19,WH01,S3,19,152,6968,6968,5.730263157894737,10982,63.45,0,53,0.76,96.62,235,6733,2025,2,February,Wednesday,False,Normal,False,0.0,False
2025-02-19,WH02,S1,30,240,13824,41472,7.2,22680,60.95,0,97,0.7,96.61,468,13356,2025,2,February,Wednesday,False,Normal,False,0.0,False
2025-02-19,WH02,S2,28,224,8632,8632,4.816964285714286,20160,42.82,0,79,0.92,96.35,315,8317,2025,2,February,Wednesday,False,Low,False,0.0,False
2025-02-19,WH02,S3,22,176,8592,8592,6.102272727272728,13464,63.81,0,64,0.74,96.58,294,8298,2025,2,February,Wednesday,False,Normal,False,0.0,False
2025-02-19,WH03,S1,20,160,7936,15872,6.2,12600,62.98,0,56,0.71,96.57,273,7663,2025,2,February,Wednesday,False,Normal,False,0.0,False
2025-02-19,WH03,S2,19,152,8208,16416,6.75,11400,72.0,0,80,0.97,95.53,367,7841,2025,2,February,Wednesday,False,Normal,False,0.0,False
2025-02-19,WH03,S3,15,120,5232,10464,5.45,7650,68.39,0,39,0.75,95.96,212,5020,2025,2,February,Wednesday,False,Normal,False,0.0,False
2025-02-19,WH04,S1,23,184,11280,22560,7.663043478260869,15842,71.2,0,108,0.96,95.15,547,10733,2025,2,February,Wednesday,False,Normal,False,0.0,False
2025-02-19,WH04,S2,22,176,9048,9048,6.426136363636363,14432,62.69,0,49,0.54,96.33,332,8716,2025,2,February,Wednesday,False,Normal,False,0.0,False
2025-02-19,WH04,S3,17,136,5568,11136,5.117647058823529,9479,58.74,0,52,0.93,99.0,56,5512,2025,2,February,Wednesday,False,Low,False,0.0,False
2025-02-19,WH05,S1,18,144,7304,7304,6.340277777777778,10584,69.01,0,48,0.66,95.39,336,6968,2025,2,February,Wednesday,False,Normal,False,0.0,False
2025-02-19,WH05,S2,17,136,5800,5800,5.330882352941177,9520,60.92,0,51,0.88,96.73,190,5610,2025,2,February,Wednesday,False,Normal,False,0.0,False
2025-02-19,WH05,S3,14,112,4560,4560,5.089285714285714,6664,68.43,0,32,0.7,96.28,170,4390,2025,2,February,Wednesday,False,Normal,False,0.0,False
2025-02-20,WH01,S1,25,200,10624,21248,6.64,17850,59.52,0,94,0.88,96.06,419,10205,2025,2,February,Thursday,False,Low,False,0.0,False
2025-02-20,WH01,S2,24,192,9680,9680,6.302083333333333,16320,59.31,0,88,0.91,96.02,385,9295,2025,2,February,Thursday,False,Low,False,0.0,False
2025-02-20,WH01,S3,19,152,7464,7464,6.1381578947368425,10982,67.97,0,61,0.82,96.0,299,7165,2025,2,February,Thursday,False,Normal,False,0.0,False
2025-02-20,WH02,S1,30,240,13336,26672,6.945833333333334,22680,58.8,0,103,0.77,97.61,318,13018,2025,2,February,Thursday,False,Low,False,0.0,False
2025-02-20,WH02,S2,28,224,11576,11576,6.459821428571429,20160,57.42,0,92,0.79,96.78,373,11203,2025,2,February,Thursday,False,Low,False,0.0,False
2025-02-20,WH02,S3,22,176,6912,6912,4.909090909090909,13464,51.34,0,54,0.78,95.48,313,6599,2025,2,February,Thursday,False,Low,False,0.0,False
2025-02-20,WH03,S1,20,160,9024,9024,7.05,12600,71.62,0,70,0.78,94.82,468,8556,2025,2,February,Thursday,False,Normal,False,0.0,False
2025-02-20,WH03,S2,19,152,8744,8744,7.190789473684211,11400,76.7,0,75,0.86,94.55,477,8267,2025,2,February,Thursday,False,High,False,0.0,False
2025-02-20,WH03,S3,15,120,6912,13824,7.2,7650,90.35,0,80,1.16,97.94,143,6769,2025,2,February,Thursday,False,Very High,True,0.0,False
2025-02-20,WH04,S1,23,184,12784,12784,8.684782608695652,15842,80.7,0,115,0.9,95.51,573,12211,2025,2,February,Thursday,False,High,False,0.0,False
2025-02-20,WH04,S2,22,176,8488,8488,6.028409090909091,14432,58.81,0,72,0.85,95.42,389,8099,2025,2,February,Thursday,False,Low,False,0.0,False
2025-02-20,WH04,S3,17,136,7608,15216,6.992647058823529,9479,80.26,0,59,0.78,97.57,185,7423,2025,2,February,Thursday,False,High,False,0.0,False
2025-02-20,WH05,S1,18,144,8320,24960,7.222222222222222,10584,78.61,0,67,0.81,97.87,177,8143,2025,2,February,Thursday,False,High,False,0.0,False
2025-02-20,WH05,S2,17,136,6472,6472,5.948529411764706,9520,67.98,0,51,0.79,96.19,246,6226,2025,2,February,Thursday,False,Normal,False,0.0,False
2025-02-20,WH05,S3,14,112,5600,16800,6.25,6664,84.03,0,47,0.84,96.9,173,5427,2025,2,February,Thursday,False,High,False,0.0,False
2025-02-21,WH01,S1,25,200,11288,11288,7.055,17850,63.24,0,88,0.78,96.98,341,10947,2025,2,February,Friday,False,Normal,False,0.0,False
2025-02-21,WH01,S2,24,192,11776,11776,7.666666666666667,16320,72.16,0,89,0.76,96.34,430,11346,2025,2,February,Friday,False,Normal,False,0.0,False
2025-02-21,WH01,S3,19,152,8488,8488,6.980263157894737,10982,77.29,0,52,0.61,96.48,298,8190,2025,2,February,Friday,False,High,False,0.0,False
2025-02-21,WH02,S1,30,240,13056,39168,6.8,22680,57.57,0,112,0.86,98.28,225,12831,2025,2,February,Friday,False,Low,False,0.0,False
2025-02-21,WH02,S2,28,224,12344,12344,6.888392857142857,20160,61.23,0,108,0.87,96.08,483,11861,2025,2,February,Friday,False,Normal,False,0.0,False
2025-02-21,WH02,S3,22,176,6272,12544,4.454545454545454,13464,46.58,0,50,0.8,96.0,251,6021,2025,2,February,Friday,False,Low,False,0.0,False
2025-02-21,WH03,S1,20,160,8160,8160,6.375,12600,64.76,0,75,0.92,96.65,273,7887,2025,2,February,Friday,False,Normal,False,0.0,False
2025-02-21,WH03,S2,19,152,8336,8336,6.855263157894737,11400,73.12,0,70,0.84,95.43,381,7955,2025,2,February,Friday,False,Normal,False,0.0,False
2025-02-21,WH03,S3,15,120,5992,5992,6.241666666666666,7650,78.33,0,40,0.67,96.01,239,5753,2025,2,February,Friday,False,High,False,0.0,False
2025-02-21,WH04,S1,23,184,10928,21856,7.423913043478261,15842,68.98,0,100,0.92,96.52,381,10547,2025,2,February,Friday,False,Normal,False,0.0,False
2025-02-21,WH04,S2,22,176,10072,10072,7.153409090909091,14432,69.79,0,82,0.81,96.26,377,9695,2025,2,February,Friday,False,Normal,False,0.0,False
2025-02-21,WH04,S3,17,136,7232,14464,6.647058823529412,9479,76.29,0,56,0.77,94.15,423,6809,2025,2,February,Friday,False,High,False,0.0,False
2025-02-21,WH05,S1,18,144,8656,8656,7.513888888888889,10584,81.78,0,65,0.75,94.85,446,8210,2025,2,February,Friday,False,High,False,0.0,False
2025-02-21,WH05,S2,17,136,8376,8376,7.698529411764706,9520,87.98,0,93,1.11,96.75,272,8104,2025,2,February,Friday,False,Very High,True,0.0,False
2025-02-21,WH05,S3,14,112,5480,10960,6.116071428571429,6664,82.23,0,43,0.78,96.98,166,5314,2025,2,February,Friday,False,High,False,0.0,False
2025-02-22,WH01,S1,25,200,7056,7056,4.41,17850,39.53,0,43,0.61,94.33,400,6656,2025,2,February,Saturday,False,Low,False,0.0,False
2025-02-22,WH01,S2,24,192,6088,6088,3.9635416666666665,16320,37.3,0,52,0.85,95.86,252,5836,2025,2,February,Saturday,False,Low,False,0.0,False
2025-02-22,WH01,S3,19,152,4024,4024,3.3092105263157894,10982,36.64,0,36,0.89,95.43,184,3840,2025,2,February,Saturday,False,Low,False,0.0,False
2025-02-22,WH02,S1,30,240,8440,16880,4.395833333333333,22680,37.21,0,73,0.86,96.28,314,8126,2025,2,February,Saturday,False,Low,False,0.0,False
2025-02-22,WH02,S2,28,224,6800,6800,3.794642857142857,20160,33.73,0,47,0.69,96.55,235,6565,2025,2,February,Saturday,False,Low,False,0.0,False
2025-02-22,WH02,S3,22,176,6216,6216,4.414772727272728,13464,46.17,0,53,0.85,96.56,214,6002,2025,2,February,Saturday,False,Low,False,0.0,False
2025-02-22,WH03,S1,20,160,6408,6408,5.00625,12600,50.86,0,51,0.8,94.81,333,6075,2025,2,February,Saturday,False,Low,False,0.0,False
2025-02-22,WH03,S2,19,152,5776,11552,4.75,11400,50.67,0,51,0.88,96.77,187,5589,2025,2,February,Saturday,False,Low,False,0.0,False
2025-02-22,WH03,S3,15,120,4000,8000,4.166666666666667,7650,52.29,0,28,0.7,97.03,119,3881,2025,2,February,Saturday,False,Low,False,0.0,False
2025-02-22,WH04,S1,23,184,5776,5776,3.9239130434782608,15842,36.46,0,35,0.61,94.83,299,5477,2025,2,February,Saturday,False,Low,False,0.0,False
2025-02-22,WH04,S2,22,176,5176,5176,3.676136363636364,14432,35.86,0,47,0.91,96.02,206,4970,2025,2,February,Saturday,False,Low,False,0.0,False
2025-02-22,WH04,S3,17,136,4712,4712,4.330882352941177,9479,49.71,0,40,0.85,93.83,291,4421,2025,2,February,Saturday,False,Low,False,0.0,False
2025-02-22,WH05,S1,18,144,5224,5224,4.534722222222222,10584,49.36,0,43,0.82,94.69,277,4947,2025,2,February,Saturday,False,Low,False,0.0,False
2025-02-22,WH05,S2,17,136,4024,4024,3.698529411764706,9520,42.27,0,32,0.8,95.7,173,3851,2025,2,February,Saturday,False,Low,False,0.0,False
2025-02-22,WH05,S3,14,112,3288,3288,3.669642857142857,6664,49.34,0,24,0.73,96.25,123,3165,2025,2,February,Saturday,False,Low,False,0.0,False
2025-02-23,WH01,S1,25,200,6504,13008,4.065,17850,36.44,0,46,0.71,98.18,118,6386,2025,2,February,Sunday,True,Low,False,0.0,False
2025-02-23,WH01,S2,24,192,5320,15960,3.4635416666666665,16320,32.6,0,36,0.68,95.68,230,5090,2025,2,February,Sunday,True,Low,False,0.0,False
2025-02-23,WH01,S3,19,152,2808,8424,2.3092105263157894,10982,25.57,0,24,0.85,94.12,165,2643,2025,2,February,Sunday,True,Low,False,0.0,False
2025-02-23,WH02,S1,30,240,6096,6096,3.175,22680,26.88,0,59,0.97,97.09,177,5919,2025,2,February,Sunday,True,Low,False,0.0,False
2025-02-23,WH02,S2,28,224,6224,6224,3.4732142857142856,20160,30.87,0,49,0.79,97.16,177,6047,2025,2,February,Sunday,True,Low,False,0.0,False
2025-02-23,WH02,S3,22,176,4792,9584,3.403409090909091,13464,35.59,0,38,0.79,97.15,136,4656,2025,2,February,Sunday,True,Low,False,0.0,False
2025-02-23,WH03,S1,20,160,5000,5000,3.90625,12600,39.68,0,38,0.76,95.66,217,4783,2025,2,February,Sunday,True,Low,False,0.0,False
2025-02-23,WH03,S2,19,152,3752,7504,3.085526315789474,11400,32.91,0,36,0.96,95.08,184,3568,2025,2,February,Sunday,True,Low,False,0.0,False
2025-02-23,WH03,S3,15,120,3256,3256,3.3916666666666666,7650,42.56,0,27,0.83,95.08,160,3096,2025,2,February,Sunday,True,Low,False,0.0,False
2025-02-23,WH04,S1,23,184,5192,5192,3.527173913043478,15842,32.77,0,32,0.62,93.17,355,4837,2025,2,February,Sunday,True,Low,False,0.0,False
2025-02-23,WH04,S2,22,176,4928,4928,3.5,14432,34.15,0,38,0.77,96.44,175,4753,2025,2,February,Sunday,True,Low,False,0.0,False
2025-02-23,WH04,S3,17,136,3144,3144,2.889705882352941,9479,33.17,0,22,0.7,95.87,130,3014,2025,2,February,Sunday,True,Low,False,0.0,False
2025-02-23,WH05,S1,18,144,4336,8672,3.763888888888889,10584,40.97,0,35,0.81,97.22,120,4216,2025,2,February,Sunday,True,Low,False,0.0,False
2025-02-23,WH05,S2,17,136,4032,8064,3.7058823529411766,9520,42.35,0,27,0.67,96.62,136,3896,2025,2,February,Sunday,True,Low,False,0.0,False
2025-02-23,WH05,S3,14,112,2680,5360,2.9910714285714284,6664,40.22,0,22,0.82,96.75,87,2593,2025,2,February,Sunday,True,Low,False,0.0,False
2025-02-24,WH01,S1,25,200,12248,12248,7.655,17850,68.62,0,101,0.82,95.5,551,11697,2025,2,February,Monday,False,Normal,False,0.0,False
2025-02-24,WH01,S2,24,192,9712,19424,6.322916666666667,16320,59.51,0,68,0.7,95.12,473,9239,2025,2,February,Monday,False,Low,False,0.0,False
2025-02-24,WH01,S3,19,152,6544,6544,5.381578947368421,10982,59.59,0,65,0.99,96.98,197,6347,2025,2,February,Monday,False,Low,False,0.0,False
2025-02-24,WH02,S1,30,240,15592,15592,8.120833333333334,22680,68.75,0,118,0.76,94.23,899,14693,2025,2,February,Monday,False,Normal,False,0.0,False
2025-02-24,WH02,S2,28,224,10552,10552,5.888392857142857,20160,52.34,0,86,0.82,96.98,319,10233,2025,2,February,Monday,False,Low,False,0.0,False
2025-02-24,WH02,S3,22,176,7136,7136,5.068181818181818,13464,53.0,0,75,1.05,95.72,305,6831,2025,2,February,Monday,False,Low,False,0.0,False
2025-02-24,WH03,S1,20,160,9232,18464,7.2125,12600,73.27,0,65,0.7,97.46,234,8998,2025,2,February,Monday,False,Normal,False,0.0,False
2025-02-24,WH03,S2,19,152,8736,17472,7.184210526315789,11400,76.63,0,60,0.69,96.71,287,8449,2025,2,February,Monday,False,High,False,0.0,False
2025-02-24,WH03,S3,15,120,6408,12816,6.675,7650,83.76,0,50,0.78,96.34,235,6173,2025,2,February,Monday,False,High,False,0.0,False
2025-02-24,WH04,S1,23,184,9400,9400,6.385869565217392,15842,59.34,0,78,0.83,95.54,420,8980,2025,2,February,Monday,False,Low,False,0.0,False
2025-02-24,WH04,S2,22,176,8352,8352,5.931818181818182,14432,57.87,0,45,0.54,97.74,189,8163,2025,2,February,Monday,False,Low,False,0.0,False
2025-02-24,WH04,S3,17,136,7272,14544,6.6838235294117645,9479,76.72,0,70,0.96,95.86,301,6971,2025,2,February,Monday,False,High,False,0.0,False
2025-02-24,WH05,S1,18,144,8104,8104,7.034722222222222,10584,76.57,0,77,0.95,95.27,383,7721,2025,2,February,Monday,False,High,False,0.0,False
2025-02-24,WH05,S2,17,136,6664,13328,6.125,9520,70.0,0,43,0.65,95.27,315,6349,2025,2,February,Monday,False,Normal,False,0.0,False
2025-02-24,WH05,S3,14,112,4744,14232,5.294642857142857,6664,71.19,0,44,0.93,95.37,220,4524,2025,2,February,Monday,False,Normal,False,0.0,False
2025-02-25,WH01,S1,25,200,12768,25536,7.98,17850,71.53,0,69,0.54,97.72,292,12476,2025,2,February,Tuesday,False,Normal,False,0.0,False
2025-02-25,WH01,S2,24,192,7592,7592,4.942708333333333,16320,46.52,0,48,0.63,95.46,345,7247,2025,2,February,Tuesday,False,Low,False,0.0,False
2025-02-25,WH01,S3,19,152,6552,6552,5.3881578947368425,10982,59.66,0,60,0.92,96.24,246,6306,2025,2,February,Tuesday,False,Low,False,0.0,False
2025-02-25,WH02,S1,30,240,12112,36336,6.308333333333334,22680,53.4,0,80,0.66,95.41,556,11556,2025,2,February,Tuesday,False,Low,False,0.0,False
2025-02-25,WH02,S2,28,224,9056,9056,5.053571428571429,20160,44.92,0,56,0.62,96.35,331,8725,2025,2,February,Tuesday,False,Low,False,0.0,False
2025-02-25,WH02,S3,22,176,7408,14816,5.261363636363637,13464,55.02,0,71,0.96,95.77,313,7095,2025,2,February,Tuesday,False,Low,False,0.0,False
2025-02-25,WH03,S1,20,160,7600,7600,5.9375,12600,60.32,0,63,0.83,95.05,376,7224,2025,2,February,Tuesday,False,Normal,False,0.0,False
2025-02-25,WH03,S2,19,152,5800,17400,4.769736842105263,11400,50.88,0,51,0.88,96.86,182,5618,2025,2,February,Tuesday,False,Low,False,0.0,False
2025-02-25,WH03,S3,15,120,5640,11280,5.875,7650,73.73,0,53,0.94,95.41,259,5381,2025,2,February,Tuesday,False,Normal,False,0.0,False
2025-02-25,WH04,S1,23,184,7800,15600,5.298913043478261,15842,49.24,0,61,0.78,96.39,281,7519,2025,2,February,Tuesday,False,Low,False,0.0,False
2025-02-25,WH04,S2,22,176,8832,17664,6.2727272727272725,14432,61.2,0,63,0.71,95.76,374,8458,2025,2,February,Tuesday,False,Normal,False,0.0,False
2025-02-25,WH04,S3,17,136,5288,10576,4.860294117647059,9479,55.79,0,46,0.87,96.82,168,5120,2025,2,February,Tuesday,False,Low,False,0.0,False
2025-02-25,WH05,S1,18,144,8424,16848,7.3125,10584,79.59,0,77,0.91,96.36,306,8118,2025,2,February,Tuesday,False,High,False,0.0,False
2025-02-25,WH05,S2,17,136,5896,11792,5.419117647058823,9520,61.93,0,40,0.68,96.61,200,5696,2025,2,February,Tuesday,False,Normal,False,0.0,False
2025-02-25,WH05,S3,14,112,4600,9200,5.133928571428571,6664,69.03,0,39,0.85,94.38,259,4341,2025,2,February,Tuesday,False,Normal,False,0.0,False
2025-02-26,WH01,S1,25,200,12296,12296,7.685,17850,68.89,0,93,0.76,95.68,531,11765,2025,2,February,Wednesday,False,Normal,False,0.0,False
2025-02-26,WH01,S2,24,192,8040,16080,5.234375,16320,49.26,0,80,1.0,96.46,285,7755,2025,2,February,Wednesday,False,Low,False,0.0,False
2025-02-26,WH01,S3,19,152,6168,6168,5.072368421052632,10982,56.16,0,49,0.79,95.82,258,5910,2025,2,February,Wednesday,False,Low,False,0.0,False
2025-02-26,WH02,S1,30,240,12272,12272,6.391666666666667,22680,54.11,0,92,0.75,95.9,503,11769,2025,2,February,Wednesday,False,Low,False,0.0,False
2025-02-26,WH02,S2,28,224,11264,22528,6.285714285714286,20160,55.87,0,118,1.05,95.39,520,10744,2025,2,February,Wednesday,False,Low,False,0.0,False
2025-02-26,WH02,S3,22,176,7528,15056,5.346590909090909,13464,55.91,0,56,0.74,95.47,341,7187,2025,2,February,Wednesday,False,Low,False,0.0,False
2025-02-26,WH03,S1,20,160,7080,14160,5.53125,12600,56.19,0,44,0.62,95.82,296,6784,2025,2,February,Wednesday,False,Low,False,0.0,False
2025-02-26,WH03,S2,19,152,6768,20304,5.565789473684211,11400,59.37,0,44,0.65,96.13,262,6506,2025,2,February,Wednesday,False,Low,False,0.0,False
2025-02-26,WH03,S3,15,120,5792,11584,6.033333333333333,7650,75.71,0,49,0.85,93.78,360,5432,2025,2,February,Wednesday,False,High,False,0.0,False
2025-02-26,WH04,S1,23,184,10184,20368,6.918478260869565,15842,64.28,0,68,0.67,95.92,416,9768,2025,2,February,Wednesday,False,Normal,False,0.0,False
2025-02-26,WH04,S2,22,176,8448,8448,6.0,14432,58.54,0,67,0.79,94.61,455,7993,2025,2,February,Wednesday,False,Low,False,0.0,False
2025-02-26,WH04,S3,17,136,5272,5272,4.845588235294118,9479,55.62,0,46,0.87,96.49,185,5087,2025,2,February,Wednesday,False,Low,False,0.0,False
2025-02-26,WH05,S1,18,144,7744,7744,6.722222222222222,10584,73.17,0,49,0.63,96.65,259,7485,2025,2,February,Wednesday,False,Normal,False,0.0,False
2025-02-26,WH05,S2,17,136,6416,6416,5.897058823529412,9520,67.39,0,51,0.79,95.59,283,6133,2025,2,February,Wednesday,False,Normal,False,0.0,False
2025-02-26,WH05,S3,14,112,4920,9840,5.491071428571429,6664,73.83,0,46,0.93,95.61,216,4704,2025,2,February,Wednesday,False,Normal,False,0.0,False
2025-02-27,WH01,S1,25,200,10736,32208,6.71,17850,60.15,0,59,0.55,95.62,470,10266,2025,2,February,Thursday,False,Normal,False,0.0,False
2025-02-27,WH01,S2,24,192,9672,9672,6.296875,16320,59.26,0,83,0.86,96.54,335,9337,2025,2,February,Thursday,False,Low,False,0.0,False
2025-02-27,WH01,S3,19,152,7344,7344,6.039473684210527,10982,66.87,0,58,0.79,95.81,308,7036,2025,2,February,Thursday,False,Normal,False,0.0,False
2025-02-27,WH02,S1,30,240,16808,16808,8.754166666666666,22680,74.11,0,142,0.84,97.13,482,16326,2025,2,February,Thursday,False,Normal,False,0.0,False
2025-02-27,WH02,S2,28,224,11256,11256,6.28125,20160,55.83,0,86,0.76,96.82,358,10898,2025,2,February,Thursday,False,Low,False,0.0,False
2025-02-27,WH02,S3,22,176,8720,17440,6.193181818181818,13464,64.77,0,75,0.86,95.15,423,8297,2025,2,February,Thursday,False,Normal,False,0.0,False
2025-02-27,WH03,S1,20,160,8640,8640,6.75,12600,68.57,0,67,0.78,95.05,428,8212,2025,2,February,Thursday,False,Normal,False,0.0,False
2025-02-27,WH03,S2,19,152,8808,26424,7.243421052631579,11400,77.26,0,66,0.75,95.7,379,8429,2025,2,February,Thursday,False,High,False,0.0,False
2025-02-27,WH03,S3,15,120,5896,17688,6.141666666666667,7650,77.07,0,39,0.66,96.25,221,5675,2025,2,February,Thursday,False,High,False,0.0,False
2025-02-27,WH04,S1,23,184,11040,11040,7.5,15842,69.69,0,72,0.65,94.2,641,10399,2025,2,February,Thursday,False,Normal,False,0.0,False
2025-02-27,WH04,S2,22,176,8416,16832,5.977272727272728,14432,58.31,0,74,0.88,95.73,359,8057,2025,2,February,Thursday,False,Low,False,0.0,False
2025-02-27,WH04,S3,17,136,5632,5632,5.176470588235294,9479,59.42,0,46,0.82,95.17,272,5360,2025,2,February,Thursday,False,Low,False,0.0,False
2025-02-27,WH05,S1,18,144,7944,15888,6.895833333333333,10584,75.06,0,66,0.83,95.71,341,7603,2025,2,February,Thursday,False,High,False,0.0,False
2025-02-27,WH05,S2,17,136,6760,6760,6.213235294117647,9520,71.01,0,57,0.84,97.29,183,6577,2025,2,February,Thursday,False,Normal,False,0.0,False
2025-02-27,WH05,S3,14,112,5104,10208,5.696428571428571,6664,76.59,0,47,0.92,96.81,163,4941,2025,2,February,Thursday,False,High,False,0.0,False
2025-02-28,WH01,S1,25,200,12704,25408,7.94,17850,71.17,0,105,0.83,95.83,530,12174,2025,2,February,Friday,False,Normal,False,0.0,False
2025-02-28,WH01,S2,24,192,10016,10016,6.520833333333333,16320,61.37,0,67,0.67,97.84,217,9799,2025,2,February,Friday,False,Normal,False,0.0,False
2025-02-28,WH01,S3,19,152,7096,14192,5.8355263157894735,10982,64.61,0,62,0.87,97.05,210,6886,2025,2,February,Friday,False,Normal,False,0.0,False
2025-02-28,WH02,S1,30,240,13504,13504,7.033333333333333,22680,59.54,0,120,0.89,96.69,447,13057,2025,2,February,Friday,False,Low,False,0.0,False
2025-02-28,WH02,S2,28,224,12504,12504,6.977678571428571,20160,62.02,0,90,0.72,94.5,687,11817,2025,2,February,Friday,False,Normal,False,0.0,False
2025-02-28,WH02,S3,22,176,10648,21296,7.5625,13464,79.08,0,94,0.88,96.21,403,10245,2025,2,February,Friday,False,High,False,0.0,False
2025-02-28,WH03,S1,20,160,8568,8568,6.69375,12600,68.0,0,67,0.78,95.34,399,8169,2025,2,February,Friday,False,Normal,False,0.0,False
2025-02-28,WH03,S2,19,152,10120,10120,8.322368421052632,11400,88.77,0,111,1.1,95.18,487,9633,2025,2,February,Friday,False,Very High,True,0.0,False
2025-02-28,WH03,S3,15,120,5872,5872,6.116666666666666,7650,76.76,0,50,0.85,95.88,242,5630,2025,2,February,Friday,False,High,False,0.0,False
2025-02-28,WH04,S1,23,184,9816,9816,6.668478260869565,15842,61.96,0,64,0.65,95.74,418,9398,2025,2,February,Friday,False,Normal,False,0.0,False
2025-02-28,WH04,S2,22,176,11040,11040,7.840909090909091,14432,76.5,0,88,0.8,93.76,689,10351,2025,2,February,Friday,False,High,False,0.0,False
2025-02-28,WH04,S3,17,136,7056,14112,6.485294117647059,9479,74.44,0,52,0.74,97.09,205,6851,2025,2,February,Friday,False,Normal,False,0.0,False
2025-02-28,WH05,S1,18,144,6472,19416,5.618055555555555,10584,61.15,0,52,0.8,94.55,353,6119,2025,2,February,Friday,False,Normal,False,0.0,False
2025-02-28,WH05,S2,17,136,7728,15456,7.102941176470588,9520,81.18,0,67,0.87,95.66,336,7392,2025,2,February,Friday,False,High,False,0.0,False
2025-02-28,WH05,S3,14,112,5000,5000,5.580357142857143,6664,75.03,0,31,0.62,95.03,249,4751,2025,2,February,Friday,False,High,False,0.0,False
2025-03-01,WH01,S1,25,200,7272,21816,4.545,17850,40.74,0,58,0.8,96.65,243,7029,2025,3,March,Saturday,False,Low,False,0.0,False
2025-03-01,WH01,S2,24,192,6304,6304,4.104166666666667,16320,38.63,0,59,0.94,94.17,368,5936,2025,3,March,Saturday,False,Low,False,0.0,False
2025-03-01,WH01,S3,19,152,4976,9952,4.092105263157895,10982,45.31,0,50,1.0,96.61,169,4807,2025,3,March,Saturday,False,Low,False,0.0,False
2025-03-01,WH02,S1,30,240,8648,8648,4.504166666666666,22680,38.13,0,81,0.94,96.34,317,8331,2025,3,March,Saturday,False,Low,False,0.0,False
2025-03-01,WH02,S2,28,224,8064,16128,4.5,20160,40.0,0,55,0.68,96.51,282,7782,2025,3,March,Saturday,False,Low,False,0.0,False
2025-03-01,WH02,S3,22,176,5768,17304,4.096590909090909,13464,42.84,0,44,0.76,96.17,221,5547,2025,3,March,Saturday,False,Low,False,0.0,False
2025-03-01,WH03,S1,20,160,7104,7104,5.55,12600,56.38,0,55,0.77,96.82,226,6878,2025,3,March,Saturday,False,Low,False,0.0,False
2025-03-01,WH03,S2,19,152,5888,11776,4.842105263157895,11400,51.65,0,50,0.85,96.57,202,5686,2025,3,March,Saturday,False,Low,False,0.0,False
2025-03-01,WH03,S3,15,120,3592,3592,3.7416666666666663,7650,46.95,0,21,0.58,95.01,179,3413,2025,3,March,Saturday,False,Low,False,0.0,False
2025-03-01,WH04,S1,23,184,6600,6600,4.483695652173913,15842,41.66,0,52,0.79,95.71,283,6317,2025,3,March,Saturday,False,Low,False,0.0,False
2025-03-01,WH04,S2,22,176,5896,5896,4.1875,14432,40.85,0,53,0.9,95.78,249,5647,2025,3,March,Saturday,False,Low,False,0.0,False
2025-03-01,WH04,S3,17,136,4480,8960,4.117647058823529,9479,47.26,0,39,0.87,94.15,262,4218,2025,3,March,Saturday,False,Low,False,0.0,False
2025-03-01,WH05,S1,18,144,5544,5544,4.8125,10584,52.38,0,53,0.96,97.47,140,5404,2025,3,March,Saturday,False,Low,False,0.0,False
2025-03-01,WH05,S2,17,136,5016,5016,4.610294117647059,9520,52.69,0,49,0.98,96.02,200,4816,2025,3,March,Saturday,False,Low,False,0.0,False
2025-03-01,WH05,S3,14,112,3496,3496,3.9017857142857135,6664,52.46,0,25,0.72,95.25,166,3330,2025,3,March,Saturday,False,Low,False,0.0,False
2025-03-02,WH01,S1,25,200,8200,8200,5.125,17850,45.94,0,68,0.83,97.19,230,7970,2025,3,March,Sunday,True,Low,False,0.0,False
2025-03-02,WH01,S2,24,192,6048,12096,3.9375,16320,37.06,0,35,0.58,93.92,368,5680,2025,3,March,Sunday,True,Low,False,0.0,False
2025-03-02,WH01,S3,19,152,4760,4760,3.914473684210526,10982,43.34,0,35,0.74,97.21,133,4627,2025,3,March,Sunday,True,Low,False,0.0,False
2025-03-02,WH02,S1,30,240,7848,7848,4.0875,22680,34.6,0,56,0.71,96.47,277,7571,2025,3,March,Sunday,True,Low,False,0.0,False
2025-03-02,WH02,S2,28,224,7768,7768,4.334821428571429,20160,38.53,0,68,0.88,96.51,271,7497,2025,3,March,Sunday,True,Low,False,0.0,False
2025-03-02,WH02,S3,22,176,4544,9088,3.227272727272727,13464,33.75,0,37,0.81,95.21,218,4326,2025,3,March,Sunday,True,Low,False,0.0,False
2025-03-02,WH03,S1,20,160,6056,6056,4.73125,12600,48.06,0,47,0.78,94.65,324,5732,2025,3,March,Sunday,True,Low,False,0.0,False
2025-03-02,WH03,S2,19,152,4112,4112,3.381578947368421,11400,36.07,0,32,0.78,94.54,224,3888,2025,3,March,Sunday,True,Low,False,0.0,False
2025-03-02,WH03,S3,15,120,3960,7920,4.125,7650,51.76,0,26,0.66,95.34,185,3775,2025,3,March,Sunday,True,Low,False,0.0,False
2025-03-02,WH04,S1,23,184,6296,6296,4.277173913043479,15842,39.74,0,40,0.64,96.57,216,6080,2025,3,March,Sunday,True,Low,False,0.0,False
2025-03-02,WH04,S2,22,176,5080,10160,3.6079545454545454,14432,35.2,0,39,0.77,95.19,245,4835,2025,3,March,Sunday,True,Low,False,0.0,False
2025-03-02,WH04,S3,17,136,4040,4040,3.713235294117647,9479,42.62,0,29,0.72,95.59,178,3862,2025,3,March,Sunday,True,Low,False,0.0,False
2025-03-02,WH05,S1,18,144,4000,12000,3.4722222222222223,10584,37.79,0,34,0.85,96.81,128,3872,2025,3,March,Sunday,True,Low,False,0.0,False
2025-03-02,WH05,S2,17,136,4056,4056,3.727941176470588,9520,42.61,0,33,0.81,93.54,262,3794,2025,3,March,Sunday,True,Low,False,0.0,False
2025-03-02,WH05,S3,14,112,3136,6272,3.5,6664,47.06,0,26,0.83,96.77,101,3035,2025,3,March,Sunday,True,Low,False,0.0,False
2025-03-03,WH01,S1,25,200,13920,27840,8.7,17850,77.98,0,110,0.79,95.19,670,13250,2025,3,March,Monday,False,High,False,0.0,False
2025-03-03,WH01,S2,24,192,11560,11560,7.526041666666667,16320,70.83,0,100,0.87,96.59,394,11166,2025,3,March,Monday,False,Normal,False,0.0,False
2025-03-03,WH01,S3,19,152,9200,18400,7.565789473684211,10982,83.77,0,67,0.73,95.21,440,8760,2025,3,March,Monday,False,High,False,0.0,False
2025-03-03,WH02,S1,30,240,17736,35472,9.2375,22680,78.2,0,116,0.65,96.78,571,17165,2025,3,March,Monday,False,High,False,0.0,False
2025-03-03,WH02,S2,28,224,14696,44088,8.200892857142858,20160,72.9,0,139,0.95,95.7,632,14064,2025,3,March,Monday,False,Normal,False,0.0,False
2025-03-03,WH02,S3,22,176,7936,23808,5.636363636363637,13464,58.94,0,54,0.68,95.35,369,7567,2025,3,March,Monday,False,Low,False,0.0,False
2025-03-03,WH03,S1,20,160,8376,8376,6.54375,12600,66.48,0,94,1.12,97.07,245,8131,2025,3,March,Monday,False,Normal,False,0.0,False
2025-03-03,WH03,S2,19,152,9728,9728,8.0,11400,85.33,0,117,1.2,95.36,452,9276,2025,3,March,Monday,False,Very High,True,0.0,False
2025-03-03,WH03,S3,15,120,7104,7104,7.4,7650,92.86,0,84,1.18,96.86,223,6881,2025,3,March,Monday,False,Very High,True,0.0,False
2025-03-03,WH04,S1,23,184,12400,12400,8.423913043478262,15842,78.27,0,88,0.71,96.35,453,11947,2025,3,March,Monday,False,High,False,0.0,False
2025-03-03,WH04,S2,22,176,8888,17776,6.3125,14432,61.59,0,66,0.74,96.64,299,8589,2025,3,March,Monday,False,Normal,False,0.0,False
2025-03-03,WH04,S3,17,136,7352,7352,6.757352941176471,9479,77.56,0,75,1.02,96.98,222,7130,2025,3,March,Monday,False,High,False,0.0,False
2025-03-03,WH05,S1,18,144,7648,7648,6.638888888888889,10584,72.26,0,59,0.77,97.12,220,7428,2025,3,March,Monday,False,Normal,False,0.0,False
2025-03-03,WH05,S2,17,136,7648,7648,7.029411764705882,9520,80.34,0,64,0.84,96.84,242,7406,2025,3,March,Monday,False,High,False,0.0,False
2025-03-03,WH05,S3,14,112,5128,5128,5.723214285714286,6664,76.95,0,41,0.8,96.56,176,4952,2025,3,March,Monday,False,High,False,0.0,False
2025-03-04,WH01,S1,25,200,9568,9568,5.98,17850,53.6,0,72,0.75,95.05,473,9095,2025,3,March,Tuesday,False,Low,False,0.0,False
2025-03-04,WH01,S2,24,192,10512,10512,6.84375,16320,64.41,0,67,0.64,95.33,491,10021,2025,3,March,Tuesday,False,Normal,False,0.0,False
2025-03-04,WH01,S3,19,152,8408,8408,6.914473684210527,10982,76.56,0,61,0.73,95.3,395,8013,2025,3,March,Tuesday,False,High,False,0.0,False
2025-03-04,WH02,S1,30,240,14456,28912,7.529166666666667,22680,63.74,0,101,0.7,95.7,622,13834,2025,3,March,Tuesday,False,Normal,False,0.0,False
2025-03-04,WH02,S2,28,224,11352,22704,6.334821428571429,20160,56.31,0,86,0.76,96.43,405,10947,2025,3,March,Tuesday,False,Low,False,0.0,False
2025-03-04,WH02,S3,22,176,10712,10712,7.607954545454546,13464,79.56,0,94,0.88,96.14,413,10299,2025,3,March,Tuesday,False,High,False,0.0,False
2025-03-04,WH03,S1,20,160,8880,8880,6.9375,12600,70.48,0,57,0.64,96.53,308,8572,2025,3,March,Tuesday,False,Normal,False,0.0,False
2025-03-04,WH03,S2,19,152,9568,28704,7.868421052631579,11400,83.93,0,83,0.87,95.63,418,9150,2025,3,March,Tuesday,False,High,False,0.0,False
2025-03-04,WH03,S3,15,120,6600,6600,6.875,7650,86.27,0,44,0.67,95.26,313,6287,2025,3,March,Tuesday,False,Very High,True,0.0,False
2025-03-04,WH04,S1,23,184,12136,12136,8.244565217391305,15842,76.61,0,117,0.96,95.32,568,11568,2025,3,March,Tuesday,False,High,False,0.0,False
2025-03-04,WH04,S2,22,176,10216,20432,7.255681818181818,14432,70.79,0,94,0.92,95.75,434,9782,2025,3,March,Tuesday,False,Normal,False,0.0,False
2025-03-04,WH04,S3,17,136,7448,22344,6.845588235294118,9479,78.57,0,44,0.59,96.14,287,7161,2025,3,March,Tuesday,False,High,False,0.0,False
2025-03-04,WH05,S1,18,144,8568,17136,7.4375,10584,80.95,0,62,0.72,95.88,353,8215,2025,3,March,Tuesday,False,High,False,0.0,False
2025-03-04,WH05,S2,17,136,6224,12448,5.720588235294118,9520,65.38,0,59,0.95,97.05,184,6040,2025,3,March,Tuesday,False,Normal,False,0.0,False
2025-03-04,WH05,S3,14,112,6504,19512,7.258928571428571,6664,97.6,0,72,1.11,96.56,224,6280,2025,3,March,Tuesday,False,Very High,True,0.0,False
2025-03-05,WH01,S1,25,200,13216,13216,8.26,17850,74.04,0,114,0.86,96.02,526,12690,2025,3,March,Wednesday,False,Normal,False,0.0,False
2025-03-05,WH01,S2,24,192,10688,10688,6.958333333333333,16320,65.49,0,90,0.84,96.29,397,10291,2025,3,March,Wednesday,False,Normal,False,0.0,False
2025-03-05,WH01,S3,19,152,6224,6224,5.118421052631579,10982,56.67,0,44,0.71,99.0,62,6162,2025,3,March,Wednesday,False,Low,False,0.0,False
2025-03-05,WH02,S1,30,240,15024,15024,7.825,22680,66.24,0,122,0.81,95.76,637,14387,2025,3,March,Wednesday,False,Normal,False,0.0,False
2025-03-05,WH02,S2,28,224,13096,13096,7.308035714285714,20160,64.96,0,112,0.86,95.68,566,12530,2025,3,March,Wednesday,False,Normal,False,0.0,False
2025-03-05,WH02,S3,22,176,9152,27456,6.5,13464,67.97,0,61,0.67,96.02,365,8787,2025,3,March,Wednesday,False,Normal,False,0.0,False
2025-03-05,WH03,S1,20,160,11256,11256,8.79375,12600,89.33,0,136,1.21,95.3,529,10727,2025,3,March,Wednesday,False,Very High,True,0.0,False
2025-03-05,WH03,S2,19,152,7856,7856,6.4605263157894735,11400,68.91,0,79,1.01,96.15,303,7553,2025,3,March,Wednesday,False,Normal,False,0.0,False
2025-03-05,WH03,S3,15,120,6544,6544,6.816666666666666,7650,85.54,0,71,1.08,97.14,187,6357,2025,3,March,Wednesday,False,Very High,True,0.0,False
2025-03-05,WH04,S1,23,184,13064,26128,8.875,15842,82.46,0,112,0.86,95.51,587,12477,2025,3,March,Wednesday,False,High,False,0.0,False
2025-03-05,WH04,S2,22,176,10120,10120,7.1875,14432,70.12,0,84,0.83,95.7,435,9685,2025,3,March,Wednesday,False,Normal,False,0.0,False
2025-03-05,WH04,S3,17,136,6528,19584,6.0,9479,68.87,0,47,0.72,94.74,343,6185,2025,3,March,Wednesday,False,Normal,False,0.0,False
2025-03-05,WH05,S1,18,144,9136,9136,7.930555555555555,10584,86.32,0,110,1.2,95.41,419,8717,2025,3,March,Wednesday,False,Very High,True,0.0,False
2025-03-05,WH05,S2,17,136,7936,23808,7.294117647058823,9520,83.36,0,63,0.79,94.92,403,7533,2025,3,March,Wednesday,False,High,False,0.0,False
2025-03-05,WH05,S3,14,112,6000,6000,6.696428571428571,6664,90.04,0,72,1.2,96.98,181,5819,2025,3,March,Wednesday,False,Very High,True,0.0,False
2025-03-06,WH01,S1,25,200,13472,13472,8.42,17850,75.47,0,93,0.69,97.13,387,13085,2025,3,March,Thursday,False,High,False,0.0,False
2025-03-06,WH01,S2,24,192,11680,23360,7.604166666666667,16320,71.57,0,96,0.82,97.38,307,11373,2025,3,March,Thursday,False,Normal,False,0.0,False
2025-03-06,WH01,S3,19,152,7328,7328,6.026315789473684,10982,66.73,0,61,0.83,96.3,271,7057,2025,3,March,Thursday,False,Normal,False,0.0,False
2025-03-06,WH02,S1,30,240,15224,30448,7.929166666666666,22680,67.13,0,121,0.79,94.89,778,14446,2025,3,March,Thursday,False,Normal,False,0.0,False
2025-03-06,WH02,S2,28,224,13584,13584,7.580357142857143,20160,67.38,0,106,0.78,96.54,470,13114,2025,3,March,Thursday,False,Normal,False,0.0,False
2025-03-06,WH02,S3,22,176,9640,9640,6.846590909090909,13464,71.6,0,62,0.64,96.43,344,9296,2025,3,March,Thursday,False,Normal,False,0.0,False
2025-03-06,WH03,S1,20,160,8576,17152,6.7,12600,68.06,0,61,0.71,95.67,372,8204,2025,3,March,Thursday,False,Normal,False,0.0,False
2025-03-06,WH03,S2,19,152,9400,18800,7.730263157894737,11400,82.46,0,74,0.79,95.81,394,9006,2025,3,March,Thursday,False,High,False,0.0,False
2025-03-06,WH03,S3,15,120,6176,6176,6.433333333333334,7650,80.73,0,48,0.78,95.94,251,5925,2025,3,March,Thursday,False,High,False,0.0,False
2025-03-06,WH04,S1,23,184,12352,12352,8.391304347826088,15842,77.97,0,68,0.55,96.2,470,11882,2025,3,March,Thursday,False,High,False,0.0,False
2025-03-06,WH04,S2,22,176,10552,10552,7.494318181818182,14432,73.12,0,86,0.82,96.71,347,10205,2025,3,March,Thursday,False,Normal,False,0.0,False
2025-03-06,WH04,S3,17,136,7400,7400,6.801470588235294,9479,78.07,0,60,0.81,95.5,333,7067,2025,3,March,Thursday,False,High,False,0.0,False
2025-03-06,WH05,S1,18,144,10072,10072,8.743055555555555,10584,95.16,0,101,1.0,96.18,385,9687,2025,3,March,Thursday,False,Very High,True,0.0,False
2025-03-06,WH05,S2,17,136,8504,8504,7.8161764705882355,9520,89.33,0,94,1.11,96.3,315,8189,2025,3,March,Thursday,False,Very High,True,0.0,False
2025-03-06,WH05,S3,14,112,5928,5928,6.616071428571429,6664,88.96,0,59,1.0,95.56,263,5665,2025,3,March,Thursday,False,Very High,True,0.0,False
2025-03-07,WH01,S1,25,200,12864,25728,8.04,17850,72.07,0,89,0.69,96.45,456,12408,2025,3,March,Friday,False,Normal,False,0.0,False
2025-03-07,WH01,S2,24,192,11400,11400,7.421875,16320,69.85,0,88,0.77,96.16,438,10962,2025,3,March,Friday,False,Normal,False,0.0,False
2025-03-07,WH01,S3,19,152,7056,14112,5.802631578947368,10982,64.25,0,51,0.72,95.76,299,6757,2025,3,March,Friday,False,Normal,False,0.0,False
2025-03-07,WH02,S1,30,240,17192,34384,8.954166666666667,22680,75.8,0,156,0.91,97.6,413,16779,2025,3,March,Friday,False,High,False,0.0,False
2025-03-07,WH02,S2,28,224,12312,24624,6.870535714285714,20160,61.07,0,105,0.85,95.5,554,11758,2025,3,March,Friday,False,Normal,False,0.0,False
2025-03-07,WH02,S3,22,176,9152,9152,6.5,13464,67.97,0,63,0.69,95.23,437,8715,2025,3,March,Friday,False,Normal,False,0.0,False
2025-03-07,WH03,S1,20,160,12256,12256,9.575,12600,97.27,0,128,1.04,96.39,443,11813,2025,3,March,Friday,False,Very High,True,0.0,False
2025-03-07,WH03,S2,19,152,10000,10000,8.223684210526315,11400,87.72,0,127,1.27,95.66,434,9566,2025,3,March,Friday,False,Very High,True,0.0,False
2025-03-07,WH03,S3,15,120,7296,7296,7.6,7650,95.37,0,90,1.23,96.17,280,7016,2025,3,March,Friday,False,Very High,True,0.0,False
2025-03-07,WH04,S1,23,184,12992,12992,8.826086956521738,15842,82.01,0,97,0.75,96.96,395,12597,2025,3,March,Friday,False,High,False,0.0,False
2025-03-07,WH04,S2,22,176,9480,18960,6.732954545454546,14432,65.69,0,71,0.75,95.39,437,9043,2025,3,March,Friday,False,Normal,False,0.0,False
2025-03-07,WH04,S3,17,136,7992,7992,7.345588235294118,9479,84.31,0,61,0.76,95.1,391,7601,2025,3,March,Friday,False,High,False,0.0,False
2025-03-07,WH05,S1,18,144,10864,32592,9.430555555555555,10584,102.65,280,136,1.25,91.97,872,9992,2025,3,March,Friday,False,Over Capacity,True,2.58,True
2025-03-07,WH05,S2,17,136,9248,18496,8.5,9520,97.14,0,77,0.83,96.06,364,8884,2025,3,March,Friday,False,Very High,True,0.0,False
2025-03-07,WH05,S3,14,112,5632,5632,6.285714285714286,6664,84.51,0,36,0.64,94.7,298,5334,2025,3,March,Friday,False,High,False,0.0,False
2025-03-08,WH01,S1,25,200,8592,8592,5.37,17850,48.13,0,70,0.81,94.95,434,8158,2025,3,March,Saturday,False,Low,False,0.0,False
2025-03-08,WH01,S2,24,192,6712,6712,4.369791666666667,16320,41.13,0,58,0.86,95.64,293,6419,2025,3,March,Saturday,False,Low,False,0.0,False
2025-03-08,WH01,S3,19,152,5656,5656,4.651315789473684,10982,51.5,0,33,0.58,96.02,225,5431,2025,3,March,Saturday,False,Low,False,0.0,False
2025-03-08,WH02,S1,30,240,9544,19088,4.970833333333333,22680,42.08,0,70,0.73,97.01,286,9258,2025,3,March,Saturday,False,Low,False,0.0,False
2025-03-08,WH02,S2,28,224,8136,24408,4.540178571428571,20160,40.36,0,67,0.82,96.23,307,7829,2025,3,March,Saturday,False,Low,False,0.0,False
2025-03-08,WH02,S3,22,176,6544,6544,4.6477272727272725,13464,48.6,0,44,0.67,97.34,174,6370,2025,3,March,Saturday,False,Low,False,0.0,False
2025-03-08,WH03,S1,20,160,5664,11328,4.425,12600,44.95,0,49,0.87,96.91,175,5489,2025,3,March,Saturday,False,Low,False,0.0,False
2025-03-08,WH03,S2,19,152,4928,14784,4.052631578947368,11400,43.23,0,52,1.06,95.8,207,4721,2025,3,March,Saturday,False,Low,False,0.0,False
2025-03-08,WH03,S3,15,120,4072,4072,4.241666666666666,7650,53.23,0,32,0.79,95.37,188,3884,2025,3,March,Saturday,False,Low,False,0.0,False
2025-03-08,WH04,S1,23,184,7240,7240,4.918478260869565,15842,45.7,0,57,0.79,95.9,297,6943,2025,3,March,Saturday,False,Low,False,0.0,False
2025-03-08,WH04,S2,22,176,5544,11088,3.9375,14432,38.41,0,50,0.9,95.92,226,5318,2025,3,March,Saturday,False,Low,False,0.0,False
2025-03-08,WH04,S3,17,136,4536,4536,4.169117647058823,9479,47.85,0,35,0.77,97.02,135,4401,2025,3,March,Saturday,False,Low,False,0.0,False
2025-03-08,WH05,S1,18,144,5392,5392,4.680555555555555,10584,50.94,0,35,0.65,96.42,193,5199,2025,3,March,Saturday,False,Low,False,0.0,False
2025-03-08,WH05,S2,17,136,4544,4544,4.176470588235294,9520,47.73,0,41,0.9,97.42,117,4427,2025,3,March,Saturday,False,Low,False,0.0,False
2025-03-08,WH05,S3,14,112,4048,4048,4.517857142857143,6664,60.74,0,32,0.79,95.7,174,3874,2025,3,March,Saturday,False,Normal,False,0.0,False
2025-03-09,WH01,S1,25,200,6704,6704,4.19,17850,37.56,0,51,0.76,95.47,304,6400,2025,3,March,Sunday,True,Low,False,0.0,False
2025-03-09,WH01,S2,24,192,6496,19488,4.229166666666667,16320,39.8,0,44,0.68,95.65,283,6213,2025,3,March,Sunday,True,Low,False,0.0,False
2025-03-09,WH01,S3,19,152,4608,4608,3.789473684210526,10982,41.96,0,33,0.72,96.47,163,4445,2025,3,March,Sunday,True,Low,False,0.0,False
2025-03-09,WH02,S1,30,240,8152,16304,4.245833333333334,22680,35.94,0,76,0.93,95.53,364,7788,2025,3,March,Sunday,True,Low,False,0.0,False
2025-03-09,WH02,S2,28,224,6672,6672,3.7232142857142856,20160,33.1,0,49,0.73,98.27,115,6557,2025,3,March,Sunday,True,Low,False,0.0,False
2025-03-09,WH02,S3,22,176,5248,5248,3.727272727272727,13464,38.98,0,28,0.53,95.69,226,5022,2025,3,March,Sunday,True,Low,False,0.0,False
2025-03-09,WH03,S1,20,160,5600,5600,4.375,12600,44.44,0,38,0.68,96.86,176,5424,2025,3,March,Sunday,True,Low,False,0.0,False
2025-03-09,WH03,S2,19,152,5112,10224,4.203947368421052,11400,44.84,0,42,0.82,95.28,241,4871,2025,3,March,Sunday,True,Low,False,0.0,False
2025-03-09,WH03,S3,15,120,3664,3664,3.816666666666667,7650,47.9,0,27,0.74,95.27,173,3491,2025,3,March,Sunday,True,Low,False,0.0,False
2025-03-09,WH04,S1,23,184,6392,6392,4.342391304347826,15842,40.35,0,46,0.72,94.28,365,6027,2025,3,March,Sunday,True,Low,False,0.0,False
2025-03-09,WH04,S2,22,176,6056,6056,4.301136363636363,14432,41.96,0,56,0.92,96.49,212,5844,2025,3,March,Sunday,True,Low,False,0.0,False
2025-03-09,WH04,S3,17,136,4304,4304,3.9558823529411766,9479,45.41,0,41,0.95,96.86,135,4169,2025,3,March,Sunday,True,Low,False,0.0,False
2025-03-09,WH05,S1,18,144,4920,4920,4.270833333333333,10584,46.49,0,42,0.85,96.31,182,4738,2025,3,March,Sunday,True,Low,False,0.0,False
2025-03-09,WH05,S2,17,136,4360,8720,4.007352941176471,9520,45.8,0,39,0.89,95.64,190,4170,2025,3,March,Sunday,True,Low,False,0.0,False
2025-03-09,WH05,S3,14,112,3288,3288,3.669642857142857,6664,49.34,0,22,0.67,94.55,179,3109,2025,3,March,Sunday,True,Low,False,0.0,False
2025-03-10,WH01,S1,25,200,10792,10792,6.745,17850,60.46,0,84,0.78,98.39,174,10618,2025,3,March,Monday,False,Normal,False,0.0,False
2025-03-10,WH01,S2,24,192,12304,24608,8.010416666666666,16320,75.39,0,91,0.74,96.79,394,11910,2025,3,March,Monday,False,High,False,0.0,False
2025-03-10,WH01,S3,19,152,8504,8504,6.993421052631579,10982,77.44,0,47,0.55,95.59,375,8129,2025,3,March,Monday,False,High,False,0.0,False
2025-03-10,WH02,S1,30,240,14592,29184,7.6,22680,64.34,0,162,1.11,96.28,542,14050,2025,3,March,Monday,False,Normal,False,0.0,False
2025-03-10,WH02,S2,28,224,14336,14336,8.0,20160,71.11,0,107,0.75,95.1,703,13633,2025,3,March,Monday,False,Normal,False,0.0,False
2025-03-10,WH02,S3,22,176,10296,20592,7.3125,13464,76.47,0,73,0.71,95.42,471,9825,2025,3,March,Monday,False,High,False,0.0,False
2025-03-10,WH03,S1,20,160,9488,9488,7.4125,12600,75.3,0,64,0.67,96.54,328,9160,2025,3,March,Monday,False,High,False,0.0,False
2025-03-10,WH03,S2,19,152,10320,10320,8.486842105263158,11400,90.53,0,118,1.14,95.8,433,9887,2025,3,March,Monday,False,Very High,True,0.0,False
2025-03-10,WH03,S3,15,120,7992,7992,8.325,7650,104.47,342,100,1.25,91.8,655,7337,2025,3,March,Monday,False,Over Capacity,True,4.28,True
2025-03-10,WH04,S1,23,184,12248,24496,8.320652173913043,15842,77.31,0,113,0.92,97.27,334,11914,2025,3,March,Monday,False,High,False,0.0,False
2025-03-10,WH04,S2,22,176,9424,18848,6.693181818181818,14432,65.3,0,72,0.76,95.94,382,9042,2025,3,March,Monday,False,Normal,False,0.0,False
2025-03-10,WH04,S3,17,136,6664,6664,6.125,9479,70.3,0,58,0.87,95.79,280,6384,2025,3,March,Monday,False,Normal,False,0.0,False
2025-03-10,WH05,S1,18,144,9480,9480,8.229166666666666,10584,89.57,0,124,1.31,93.91,577,8903,2025,3,March,Monday,False,Very High,True,0.0,False
2025-03-10,WH05,S2,17,136,8888,8888,8.169117647058824,9520,93.36,0,87,0.98,95.21,426,8462,2025,3,March,Monday,False,Very High,True,0.0,False
2025-03-10,WH05,S3,14,112,5808,11616,6.482142857142857,6664,87.15,0,70,1.21,96.86,182,5626,2025,3,March,Monday,False,Very High,True,0.0,False
2025-03-11,WH01,S1,25,200,11432,11432,7.145,17850,64.04,0,98,0.86,96.91,353,11079,2025,3,March,Tuesday,False,Normal,False,0.0,False
2025-03-11,WH01,S2,24,192,8552,25656,5.567708333333333,16320,52.4,0,60,0.7,96.66,286,8266,2025,3,March,Tuesday,False,Low,False,0.0,False
2025-03-11,WH01,S3,19,152,7392,14784,6.078947368421052,10982,67.31,0,48,0.65,97.16,210,7182,2025,3,March,Tuesday,False,Normal,False,0.0,False
2025-03-11,WH02,S1,30,240,12280,24560,6.395833333333333,22680,54.14,0,120,0.98,96.99,370,11910,2025,3,March,Tuesday,False,Low,False,0.0,False
2025-03-11,WH02,S2,28,224,16168,32336,9.022321428571429,20160,80.2,0,139,0.86,96.49,568,15600,2025,3,March,Tuesday,False,High,False,0.0,False
2025-03-11,WH02,S3,22,176,8304,16608,5.8977272727272725,13464,61.68,0,68,0.82,94.68,442,7862,2025,3,March,Tuesday,False,Normal,False,0.0,False
2025-03-11,WH03,S1,20,160,10272,10272,8.025,12600,81.52,0,70,0.68,95.66,445,9827,2025,3,March,Tuesday,False,High,False,0.0,False
2025-03-11,WH03,S2,19,152,8760,8760,7.203947368421052,11400,76.84,0,71,0.81,97.4,228,8532,2025,3,March,Tuesday,False,High,False,0.0,False
2025-03-11,WH03,S3,15,120,7368,14736,7.675,7650,96.31,0,78,1.06,95.91,301,7067,2025,3,March,Tuesday,False,Very High,True,0.0,False
2025-03-11,WH04,S1,23,184,10464,10464,7.108695652173913,15842,66.05,0,80,0.76,95.85,435,10029,2025,3,March,Tuesday,False,Normal,False,0.0,False
2025-03-11,WH04,S2,22,176,8224,8224,5.840909090909091,14432,56.98,0,64,0.78,94.64,441,7783,2025,3,March,Tuesday,False,Low,False,0.0,False
2025-03-11,WH04,S3,17,136,6400,6400,5.882352941176471,9479,67.52,0,57,0.89,95.58,283,6117,2025,3,March,Tuesday,False,Normal,False,0.0,False
2025-03-11,WH05,S1,18,144,9800,29400,8.506944444444445,10584,92.59,0,100,1.02,96.79,315,9485,2025,3,March,Tuesday,False,Very High,True,0.0,False
2025-03-11,WH05,S2,17,136,7704,7704,7.080882352941177,9520,80.92,0,60,0.78,95.39,356,7348,2025,3,March,Tuesday,False,High,False,0.0,False
2025-03-11,WH05,S3,14,112,6008,6008,6.705357142857143,6664,90.16,0,57,0.95,94.62,323,5685,2025,3,March,Tuesday,False,Very High,True,0.0,False
2025-03-12,WH01,S1,25,200,13048,13048,8.155,17850,73.1,0,107,0.82,95.26,619,12429,2025,3,March,Wednesday,False,Normal,False,0.0,False
2025-03-12,WH01,S2,24,192,11744,23488,7.645833333333333,16320,71.96,0,79,0.67,96.61,399,11345,2025,3,March,Wednesday,False,Normal,False,0.0,False
2025-03-12,WH01,S3,19,152,7288,21864,5.993421052631579,10982,66.36,0,65,0.89,94.5,401,6887,2025,3,March,Wednesday,False,Normal,False,0.0,False
2025-03-12,WH02,S1,30,240,17576,35152,9.154166666666669,22680,77.5,0,131,0.75,97.49,441,17135,2025,3,March,Wednesday,False,High,False,0.0,False
2025-03-12,WH02,S2,28,224,13224,13224,7.379464285714286,20160,65.6,0,79,0.6,97.16,376,12848,2025,3,March,Wednesday,False,Normal,False,0.0,False
2025-03-12,WH02,S3,22,176,8240,8240,5.852272727272728,13464,61.2,0,89,1.08,95.9,338,7902,2025,3,March,Wednesday,False,Normal,False,0.0,False
2025-03-12,WH03,S1,20,160,10992,10992,8.5875,12600,87.24,0,126,1.15,95.35,511,10481,2025,3,March,Wednesday,False,Very High,True,0.0,False
2025-03-12,WH03,S2,19,152,9552,9552,7.855263157894737,11400,83.79,0,62,0.65,97.39,250,9302,2025,3,March,Wednesday,False,High,False,0.0,False
2025-03-12,WH03,S3,15,120,5856,11712,6.1,7650,76.55,0,32,0.55,97.83,127,5729,2025,3,March,Wednesday,False,High,False,0.0,False
2025-03-12,WH04,S1,23,184,11096,22192,7.538043478260869,15842,70.04,0,93,0.84,95.77,469,10627,2025,3,March,Wednesday,False,Normal,False,0.0,False
2025-03-12,WH04,S2,22,176,9264,27792,6.579545454545454,14432,64.19,0,78,0.84,95.41,425,8839,2025,3,March,Wednesday,False,Normal,False,0.0,False
2025-03-12,WH04,S3,17,136,6152,12304,5.654411764705882,9479,64.9,0,53,0.86,96.12,239,5913,2025,3,March,Wednesday,False,Normal,False,0.0,False
2025-03-12,WH05,S1,18,144,8432,8432,7.319444444444445,10584,79.67,0,71,0.84,96.06,333,8099,2025,3,March,Wednesday,False,High,False,0.0,False
2025-03-12,WH05,S2,17,136,6376,6376,5.860294117647059,9520,66.97,0,54,0.85,94.01,382,5994,2025,3,March,Wednesday,False,Normal,False,0.0,False
2025-03-12,WH05,S3,14,112,5096,5096,5.6875,6664,76.47,0,39,0.77,95.74,217,4879,2025,3,March,Wednesday,False,High,False,0.0,False
2025-03-13,WH01,S1,25,200,12760,25520,7.975,17850,71.48,0,110,0.86,97.46,324,12436,2025,3,March,Thursday,False,Normal,False,0.0,False
2025-03-13,WH01,S2,24,192,9704,9704,6.317708333333333,16320,59.46,0,88,0.91,96.79,312,9392,2025,3,March,Thursday,False,Low,False,0.0,False
2025-03-13,WH01,S3,19,152,7408,7408,6.092105263157895,10982,67.46,0,53,0.72,98.49,112,7296,2025,3,March,Thursday,False,Normal,False,0.0,False
2025-03-13,WH02,S1,30,240,15296,15296,7.966666666666667,22680,67.44,0,120,0.78,95.43,699,14597,2025,3,March,Thursday,False,Normal,False,0.0,False
2025-03-13,WH02,S2,28,224,13488,13488,7.526785714285714,20160,66.9,0,101,0.75,93.75,842,12646,2025,3,March,Thursday,False,Normal,False,0.0,False
2025-03-13,WH02,S3,22,176,10048,10048,7.136363636363637,13464,74.63,0,100,1.0,96.19,382,9666,2025,3,March,Thursday,False,Normal,False,0.0,False
2025-03-13,WH03,S1,20,160,9000,9000,7.03125,12600,71.43,0,58,0.64,95.22,430,8570,2025,3,March,Thursday,False,Normal,False,0.0,False
2025-03-13,WH03,S2,19,152,9832,9832,8.085526315789474,11400,86.25,0,98,1.0,96.15,378,9454,2025,3,March,Thursday,False,Very High,True,0.0,False
2025-03-13,WH03,S3,15,120,6632,6632,6.908333333333333,7650,86.69,0,65,0.98,96.21,251,6381,2025,3,March,Thursday,False,Very High,True,0.0,False
2025-03-13,WH04,S1,23,184,13056,13056,8.869565217391305,15842,82.41,0,94,0.72,96.3,483,12573,2025,3,March,Thursday,False,High,False,0.0,False
2025-03-13,WH04,S2,22,176,9568,9568,6.795454545454546,14432,66.3,0,72,0.75,98.68,127,9441,2025,3,March,Thursday,False,Normal,False,0.0,False
2025-03-13,WH04,S3,17,136,7616,7616,7.0,9479,80.35,0,62,0.81,98.44,119,7497,2025,3,March,Thursday,False,High,False,0.0,False
2025-03-13,WH05,S1,18,144,8112,8112,7.041666666666667,10584,76.64,0,74,0.91,94.98,407,7705,2025,3,March,Thursday,False,High,False,0.0,False
2025-03-13,WH05,S2,17,136,8032,24096,7.382352941176471,9520,84.37,0,63,0.78,96.25,301,7731,2025,3,March,Thursday,False,High,False,0.0,False
2025-03-13,WH05,S3,14,112,5400,5400,6.026785714285714,6664,81.03,0,53,0.98,96.34,197,5203,2025,3,March,Thursday,False,High,False,0.0,False
2025-03-14,WH01,S1,25,200,12128,24256,7.58,17850,67.94,0,92,0.76,96.4,437,11691,2025,3,March,Friday,False,Normal,False,0.0,False
2025-03-14,WH01,S2,24,192,11536,11536,7.510416666666667,16320,70.69,0,81,0.7,95.36,535,11001,2025,3,March,Friday,False,Normal,False,0.0,False
2025-03-14,WH01,S3,19,152,6608,13216,5.434210526315789,10982,60.17,0,63,0.95,96.7,218,6390,2025,3,March,Friday,False,Normal,False,0.0,False
2025-03-14,WH02,S1,30,240,13728,41184,7.15,22680,60.53,0,112,0.82,94.64,736,12992,2025,3,March,Friday,False,Normal,False,0.0,False
2025-03-14,WH02,S2,28,224,13168,39504,7.348214285714286,20160,65.32,0,105,0.8,96.81,420,12748,2025,3,March,Friday,False,Normal,False,0.0,False
2025-03-14,WH02,S3,22,176,10488,31464,7.448863636363637,13464,77.9,0,81,0.77,95.84,436,10052,2025,3,March,Friday,False,High,False,0.0,False
2025-03-14,WH03,S1,20,160,11896,11896,9.29375,12600,94.41,0,116,0.98,95.52,533,11363,2025,3,March,Friday,False,Very High,True,0.0,False
2025-03-14,WH03,S2,19,152,9744,19488,8.013157894736842,11400,85.47,0,106,1.09,95.64,425,9319,2025,3,March,Friday,False,Very High,True,0.0,False
2025-03-14,WH03,S3,15,120,6000,6000,6.25,7650,78.43,0,44,0.73,96.61,203,5797,2025,3,March,Friday,False,High,False,0.0,False
2025-03-14,WH04,S1,23,184,12376,24752,8.407608695652174,15842,78.12,0,94,0.76,95.66,537,11839,2025,3,March,Friday,False,High,False,0.0,False
2025-03-14,WH04,S2,22,176,10960,10960,7.784090909090909,14432,75.94,0,67,0.61,97.16,311,10649,2025,3,March,Friday,False,High,False,0.0,False
2025-03-14,WH04,S3,17,136,6960,6960,6.397058823529412,9479,73.43,0,61,0.88,97.25,192,6768,2025,3,March,Friday,False,Normal,False,0.0,False
2025-03-14,WH05,S1,18,144,8904,8904,7.729166666666667,10584,84.13,0,77,0.86,95.03,443,8461,2025,3,March,Friday,False,High,False,0.0,False
2025-03-14,WH05,S2,17,136,8368,25104,7.6911764705882355,9520,87.9,0,82,0.98,94.72,442,7926,2025,3,March,Friday,False,Very High,True,0.0,False
2025-03-14,WH05,S3,14,112,6392,6392,7.133928571428571,6664,95.92,0,73,1.14,96.85,201,6191,2025,3,March,Friday,False,Very High,True,0.0,False
2025-03-15,WH01,S1,25,200,6024,12048,3.765,17850,33.75,0,53,0.88,95.47,273,5751,2025,3,March,Saturday,False,Low,False,0.0,False
2025-03-15,WH01,S2,24,192,7360,7360,4.791666666666667,16320,45.1,0,44,0.6,95.62,323,7037,2025,3,March,Saturday,False,Low,False,0.0,False
2025-03-15,WH01,S3,19,152,4456,4456,3.664473684210526,10982,40.58,0,34,0.76,96.08,175,4281,2025,3,March,Saturday,False,Low,False,0.0,False
2025-03-15,WH02,S1,30,240,9576,28728,4.9875,22680,42.22,0,71,0.74,96.24,360,9216,2025,3,March,Saturday,False,Low,False,0.0,False
2025-03-15,WH02,S2,28,224,8016,16032,4.473214285714286,20160,39.76,0,72,0.9,96.29,298,7718,2025,3,March,Saturday,False,Low,False,0.0,False
2025-03-15,WH02,S3,22,176,5496,5496,3.903409090909091,13464,40.82,0,45,0.82,95.95,223,5273,2025,3,March,Saturday,False,Low,False,0.0,False
2025-03-15,WH03,S1,20,160,6480,6480,5.0625,12600,51.43,0,54,0.83,98.19,117,6363,2025,3,March,Saturday,False,Low,False,0.0,False
2025-03-15,WH03,S2,19,152,5264,15792,4.328947368421052,11400,46.18,0,36,0.68,97.37,138,5126,2025,3,March,Saturday,False,Low,False,0.0,False
2025-03-15,WH03,S3,15,120,4056,12168,4.225,7650,53.02,0,29,0.71,95.59,179,3877,2025,3,March,Saturday,False,Low,False,0.0,False
2025-03-15,WH04,S1,23,184,8528,8528,5.793478260869565,15842,53.83,0,49,0.57,96.34,312,8216,2025,3,March,Saturday,False,Low,False,0.0,False
2025-03-15,WH04,S2,22,176,5856,17568,4.159090909090909,14432,40.58,0,46,0.79,96.18,224,5632,2025,3,March,Saturday,False,Low,False,0.0,False
2025-03-15,WH04,S3,17,136,4376,4376,4.022058823529412,9479,46.17,0,31,0.71,96.06,172,4204,2025,3,March,Saturday,False,Low,False,0.0,False
2025-03-15,WH05,S1,18,144,6120,18360,5.3125,10584,57.82,0,46,0.75,94.61,330,5790,2025,3,March,Saturday,False,Low,False,0.0,False
2025-03-15,WH05,S2,17,136,4992,4992,4.588235294117647,9520,52.44,0,48,0.96,95.28,236,4756,2025,3,March,Saturday,False,Low,False,0.0,False
2025-03-15,WH05,S3,14,112,4008,12024,4.473214285714286,6664,60.14,0,32,0.8,98.31,68,3940,2025,3,March,Saturday,False,Normal,False,0.0,False
2025-03-16,WH01,S1,25,200,5432,5432,3.395,17850,30.43,0,34,0.63,97.09,158,5274,2025,3,March,Sunday,True,Low,False,0.0,False
2025-03-16,WH01,S2,24,192,5664,11328,3.6875,16320,34.71,0,43,0.76,96.35,206,5458,2025,3,March,Sunday,True,Low,False,0.0,False
2025-03-16,WH01,S3,19,152,4256,4256,3.5,10982,38.75,0,39,0.92,96.31,157,4099,2025,3,March,Sunday,True,Low,False,0.0,False
2025-03-16,WH02,S1,30,240,8296,16592,4.320833333333334,22680,36.58,0,59,0.71,96.26,310,7986,2025,3,March,Sunday,True,Low,False,0.0,False
2025-03-16,WH02,S2,28,224,5920,11840,3.3035714285714284,20160,29.37,0,48,0.81,98.1,113,5807,2025,3,March,Sunday,True,Low,False,0.0,False
2025-03-16,WH02,S3,22,176,5248,5248,3.727272727272727,13464,38.98,0,28,0.53,96.24,197,5051,2025,3,March,Sunday,True,Low,False,0.0,False
2025-03-16,WH03,S1,20,160,5968,5968,4.6625,12600,47.37,0,47,0.79,95.55,266,5702,2025,3,March,Sunday,True,Low,False,0.0,False
2025-03-16,WH03,S2,19,152,5704,5704,4.690789473684211,11400,50.04,0,42,0.74,95.74,243,5461,2025,3,March,Sunday,True,Low,False,0.0,False
2025-03-16,WH03,S3,15,120,3176,3176,3.308333333333333,7650,41.52,0,22,0.69,95.7,137,3039,2025,3,March,Sunday,True,Low,False,0.0,False
2025-03-16,WH04,S1,23,184,5296,5296,3.597826086956522,15842,33.43,0,40,0.76,94.47,293,5003,2025,3,March,Sunday,True,Low,False,0.0,False
2025-03-16,WH04,S2,22,176,5648,11296,4.011363636363637,14432,39.14,0,49,0.87,95.62,248,5400,2025,3,March,Sunday,True,Low,False,0.0,False
2025-03-16,WH04,S3,17,136,3664,3664,3.367647058823529,9479,38.65,0,32,0.87,95.75,156,3508,2025,3,March,Sunday,True,Low,False,0.0,False
2025-03-16,WH05,S1,18,144,4488,4488,3.8958333333333335,10584,42.4,0,32,0.71,97.35,119,4369,2025,3,March,Sunday,True,Low,False,0.0,False
2025-03-16,WH05,S2,17,136,4320,4320,3.9705882352941178,9520,45.38,0,38,0.88,94.56,235,4085,2025,3,March,Sunday,True,Low,False,0.0,False
2025-03-16,WH05,S3,14,112,3424,3424,3.821428571428572,6664,51.38,0,35,1.02,94.83,177,3247,2025,3,March,Sunday,True,Low,False,0.0,False
2025-03-17,WH01,S1,25,200,13496,13496,8.435,17850,75.61,0,123,0.91,95.82,564,12932,2025,3,March,Monday,False,High,False,0.0,False
2025-03-17,WH01,S2,24,192,12488,12488,8.130208333333334,16320,76.52,0,108,0.86,96.86,392,12096,2025,3,March,Monday,False,High,False,0.0,False
2025-03-17,WH01,S3,19,152,8224,16448,6.7631578947368425,10982,74.89,0,69,0.84,96.09,321,7903,2025,3,March,Monday,False,Normal,False,0.0,False
2025-03-17,WH02,S1,30,240,15136,45408,7.883333333333334,22680,66.74,0,155,1.02,95.52,679,14457,2025,3,March,Monday,False,Normal,False,0.0,False
2025-03-17,WH02,S2,28,224,11912,11912,6.647321428571429,20160,59.09,0,98,0.82,97.24,328,11584,2025,3,March,Monday,False,Low,False,0.0,False
2025-03-17,WH02,S3,22,176,8576,17152,6.090909090909091,13464,63.7,0,69,0.8,95.83,358,8218,2025,3,March,Monday,False,Normal,False,0.0,False
2025-03-17,WH03,S1,20,160,10200,20400,7.96875,12600,80.95,0,67,0.66,95.68,441,9759,2025,3,March,Monday,False,High,False,0.0,False
2025-03-17,WH03,S2,19,152,10600,10600,8.717105263157896,11400,92.98,0,139,1.31,95.75,451,10149,2025,3,March,Monday,False,Very High,True,0.0,False
2025-03-17,WH03,S3,15,120,6040,12080,6.291666666666667,7650,78.95,0,53,0.88,96.29,224,5816,2025,3,March,Monday,False,High,False,0.0,False
2025-03-17,WH04,S1,23,184,10728,32184,7.288043478260869,15842,67.72,0,64,0.6,95.98,431,10297,2025,3,March,Monday,False,Normal,False,0.0,False
2025-03-17,WH04,S2,22,176,9936,9936,7.056818181818182,14432,68.85,0,92,0.93,96.41,357,9579,2025,3,March,Monday,False,Normal,False,0.0,False
2025-03-17,WH04,S3,17,136,7048,7048,6.477941176470588,9479,74.35,0,47,0.67,97.77,157,6891,2025,3,March,Monday,False,Normal,False,0.0,False
2025-03-17,WH05,S1,18,144,7344,7344,6.375,10584,69.39,0,74,1.01,94.29,419,6925,2025,3,March,Monday,False,Normal,False,0.0,False
2025-03-17,WH05,S2,17,136,7184,7184,6.602941176470588,9520,75.46,0,64,0.89,96.36,261,6923,2025,3,March,Monday,False,High,False,0.0,False
2025-03-17,WH05,S3,14,112,6016,6016,6.714285714285714,6664,90.28,0,67,1.11,95.07,296,5720,2025,3,March,Monday,False,Very High,True,0.0,False
2025-03-18,WH01,S1,25,200,13464,40392,8.415,17850,75.43,0,110,0.82,96.12,523,12941,2025,3,March,Tuesday,False,High,False,0.0,False
2025-03-18,WH01,S2,24,192,11528,23056,7.505208333333333,16320,70.64,0,117,1.01,96.29,427,11101,2025,3,March,Tuesday,False,Normal,False,0.0,False
2025-03-18,WH01,S3,19,152,7592,7592,6.243421052631579,10982,69.13,0,56,0.74,97.51,189,7403,2025,3,March,Tuesday,False,Normal,False,0.0,False
2025-03-18,WH02,S1,30,240,13080,39240,6.8125,22680,57.67,0,114,0.87,95.24,623,12457,2025,3,March,Tuesday,False,Low,False,0.0,False
2025-03-18,WH02,S2,28,224,12888,12888,7.191964285714286,20160,63.93,0,118,0.92,97.13,370,12518,2025,3,March,Tuesday,False,Normal,False,0.0,False
2025-03-18,WH02,S3,22,176,8728,8728,6.198863636363637,13464,64.82,0,79,0.91,97.08,255,8473,2025,3,March,Tuesday,False,Normal,False,0.0,False
2025-03-18,WH03,S1,20,160,11520,34560,9.0,12600,91.43,0,143,1.24,94.08,682,10838,2025,3,March,Tuesday,False,Very High,True,0.0,False
2025-03-18,WH03,S2,19,152,8792,8792,7.230263157894737,11400,77.12,0,84,0.96,97.08,257,8535,2025,3,March,Tuesday,False,High,False,0.0,False
2025-03-18,WH03,S3,15,120,5352,5352,5.575,7650,69.96,0,41,0.77,96.78,172,5180,2025,3,March,Tuesday,False,Normal,False,0.0,False
2025-03-18,WH04,S1,23,184,11760,23520,7.989130434782608,15842,74.23,0,76,0.65,95.65,512,11248,2025,3,March,Tuesday,False,Normal,False,0.0,False
2025-03-18,WH04,S2,22,176,10344,10344,7.346590909090909,14432,71.67,0,99,0.96,95.22,494,9850,2025,3,March,Tuesday,False,Normal,False,0.0,False
2025-03-18,WH04,S3,17,136,6800,6800,6.25,9479,71.74,0,38,0.56,96.34,249,6551,2025,3,March,Tuesday,False,Normal,False,0.0,False
2025-03-18,WH05,S1,18,144,7672,7672,6.659722222222222,10584,72.49,0,68,0.89,97.0,230,7442,2025,3,March,Tuesday,False,Normal,False,0.0,False
2025-03-18,WH05,S2,17,136,6536,13072,6.007352941176471,9520,68.66,0,49,0.75,95.97,263,6273,2025,3,March,Tuesday,False,Normal,False,0.0,False
2025-03-18,WH05,S3,14,112,5160,5160,5.758928571428571,6664,77.43,0,57,1.1,95.14,251,4909,2025,3,March,Tuesday,False,High,False,0.0,False
2025-03-19,WH01,S1,25,200,12272,12272,7.67,17850,68.75,0,116,0.95,95.74,522,11750,2025,3,March,Wednesday,False,Normal,False,0.0,False
2025-03-19,WH01,S2,24,192,10016,10016,6.520833333333333,16320,61.37,0,66,0.66,96.11,390,9626,2025,3,March,Wednesday,False,Normal,False,0.0,False
2025-03-19,WH01,S3,19,152,6832,6832,5.618421052631579,10982,62.21,0,58,0.85,94.58,370,6462,2025,3,March,Wednesday,False,Normal,False,0.0,False
2025-03-19,WH02,S1,30,240,13864,27728,7.220833333333333,22680,61.13,0,106,0.76,96.92,428,13436,2025,3,March,Wednesday,False,Normal,False,0.0,False
2025-03-19,WH02,S2,28,224,10424,10424,5.816964285714286,20160,51.71,0,70,0.67,94.44,579,9845,2025,3,March,Wednesday,False,Low,False,0.0,False
2025-03-19,WH02,S3,22,176,6488,12976,4.607954545454546,13464,48.19,0,60,0.92,95.95,263,6225,2025,3,March,Wednesday,False,Low,False,0.0,False
2025-03-19,WH03,S1,20,160,11024,22048,8.6125,12600,87.49,0,120,1.09,96.02,439,10585,2025,3,March,Wednesday,False,Very High,True,0.0,False
2025-03-19,WH03,S2,19,152,8960,8960,7.368421052631579,11400,78.6,0,62,0.69,96.29,332,8628,2025,3,March,Wednesday,False,High,False,0.0,False
2025-03-19,WH03,S3,15,120,7672,7672,7.991666666666666,7650,100.29,22,68,0.89,96.13,297,7375,2025,3,March,Wednesday,False,Over Capacity,True,0.29,False
2025-03-19,WH04,S1,23,184,9624,9624,6.538043478260869,15842,60.75,0,92,0.96,96.78,310,9314,2025,3,March,Wednesday,False,Normal,False,0.0,False
2025-03-19,WH04,S2,22,176,9856,9856,7.0,14432,68.29,0,95,0.96,96.35,360,9496,2025,3,March,Wednesday,False,Normal,False,0.0,False
2025-03-19,WH04,S3,17,136,7984,7984,7.338235294117647,9479,84.23,0,51,0.64,96.48,281,7703,2025,3,March,Wednesday,False,High,False,0.0,False
2025-03-19,WH05,S1,18,144,9352,18704,8.118055555555555,10584,88.36,0,133,1.42,96.23,353,8999,2025,3,March,Wednesday,False,Very High,True,0.0,False
2025-03-19,WH05,S2,17,136,7160,7160,6.580882352941177,9520,75.21,0,71,0.99,95.27,339,6821,2025,3,March,Wednesday,False,High,False,0.0,False
2025-03-19,WH05,S3,14,112,6296,6296,7.026785714285714,6664,94.48,0,64,1.02,94.67,336,5960,2025,3,March,Wednesday,False,Very High,True,0.0,False
2025-03-20,WH01,S1,25,200,13016,26032,8.135,17850,72.92,0,85,0.65,96.48,459,12557,2025,3,March,Thursday,False,Normal,False,0.0,False
2025-03-20,WH01,S2,24,192,12016,24032,7.822916666666667,16320,73.63,0,106,0.88,94.91,611,11405,2025,3,March,Thursday,False,Normal,False,0.0,False
2025-03-20,WH01,S3,19,152,8464,25392,6.9605263157894735,10982,77.07,0,79,0.93,96.9,263,8201,2025,3,March,Thursday,False,High,False,0.0,False
2025-03-20,WH02,S1,30,240,15136,15136,7.883333333333334,22680,66.74,0,97,0.64,97.55,371,14765,2025,3,March,Thursday,False,Normal,False,0.0,False
2025-03-20,WH02,S2,28,224,13800,27600,7.700892857142857,20160,68.45,0,124,0.9,97.57,336,13464,2025,3,March,Thursday,False,Normal,False,0.0,False
2025-03-20,WH02,S3,22,176,8880,17760,6.306818181818182,13464,65.95,0,71,0.8,98.28,153,8727,2025,3,March,Thursday,False,Normal,False,0.0,False
2025-03-20,WH03,S1,20,160,10672,21344,8.3375,12600,84.7,0,91,0.85,96.54,370,10302,2025,3,March,Thursday,False,High,False,0.0,False
2025-03-20,WH03,S2,19,152,7440,7440,6.118421052631579,11400,65.26,0,68,0.91,95.33,347,7093,2025,3,March,Thursday,False,Normal,False,0.0,False
2025-03-20,WH03,S3,15,120,6184,12368,6.441666666666666,7650,80.84,0,56,0.91,95.87,255,5929,2025,3,March,Thursday,False,High,False,0.0,False
2025-03-20,WH04,S1,23,184,9896,9896,6.7228260869565215,15842,62.47,0,75,0.76,95.43,452,9444,2025,3,March,Thursday,False,Normal,False,0.0,False
2025-03-20,WH04,S2,22,176,10520,10520,7.471590909090909,14432,72.89,0,87,0.83,94.86,541,9979,2025,3,March,Thursday,False,Normal,False,0.0,False
2025-03-20,WH04,S3,17,136,6608,6608,6.073529411764706,9479,69.71,0,67,1.01,95.46,300,6308,2025,3,March,Thursday,False,Normal,False,0.0,False
2025-03-20,WH05,S1,18,144,8312,24936,7.215277777777778,10584,78.53,0,65,0.78,97.18,234,8078,2025,3,March,Thursday,False,High,False,0.0,False
2025-03-20,WH05,S2,17,136,6664,6664,6.125,9520,70.0,0,48,0.72,97.03,198,6466,2025,3,March,Thursday,False,Normal,False,0.0,False
2025-03-20,WH05,S3,14,112,5592,11184,6.241071428571429,6664,83.91,0,41,0.73,95.15,271,5321,2025,3,March,Thursday,False,High,False,0.0,False
2025-03-21,WH01,S1,25,200,13056,39168,8.16,17850,73.14,0,110,0.84,94.11,769,12287,2025,3,March,Friday,False,Normal,False,0.0,False
2025-03-21,WH01,S2,24,192,10504,10504,6.838541666666667,16320,64.36,0,97,0.92,95.55,467,10037,2025,3,March,Friday,False,Normal,False,0.0,False
2025-03-21,WH01,S3,19,152,7968,7968,6.552631578947368,10982,72.56,0,77,0.97,93.72,500,7468,2025,3,March,Friday,False,Normal,False,0.0,False
2025-03-21,WH02,S1,30,240,16608,16608,8.65,22680,73.23,0,118,0.71,95.71,713,15895,2025,3,March,Friday,False,Normal,False,0.0,False
2025-03-21,WH02,S2,28,224,14984,14984,8.361607142857142,20160,74.33,0,120,0.8,97.89,317,14667,2025,3,March,Friday,False,Normal,False,0.0,False
2025-03-21,WH02,S3,22,176,9656,19312,6.857954545454546,13464,71.72,0,83,0.86,94.42,539,9117,2025,3,March,Friday,False,Normal,False,0.0,False
2025-03-21,WH03,S1,20,160,12448,12448,9.725,12600,98.79,0,125,1.0,95.63,543,11905,2025,3,March,Friday,False,Very High,True,0.0,False
2025-03-21,WH03,S2,19,152,9992,9992,8.217105263157896,11400,87.65,0,125,1.25,94.72,527,9465,2025,3,March,Friday,False,Very High,True,0.0,False
2025-03-21,WH03,S3,15,120,7224,14448,7.525,7650,94.43,0,90,1.25,95.53,323,6901,2025,3,March,Friday,False,Very High,True,0.0,False
2025-03-21,WH04,S1,23,184,11912,23824,8.092391304347826,15842,75.19,0,65,0.55,96.4,429,11483,2025,3,March,Friday,False,High,False,0.0,False
2025-03-21,WH04,S2,22,176,11216,11216,7.965909090909091,14432,77.72,0,66,0.59,96.81,357,10859,2025,3,March,Friday,False,High,False,0.0,False
2025-03-21,WH04,S3,17,136,6576,6576,6.044117647058823,9479,69.37,0,67,1.02,96.17,252,6324,2025,3,March,Friday,False,Normal,False,0.0,False
2025-03-21,WH05,S1,18,144,7912,7912,6.868055555555555,10584,74.75,0,76,0.96,96.62,267,7645,2025,3,March,Friday,False,Normal,False,0.0,False
2025-03-21,WH05,S2,17,136,7184,21552,6.602941176470588,9520,75.46,0,52,0.72,96.42,257,6927,2025,3,March,Friday,False,High,False,0.0,False
2025-03-21,WH05,S3,14,112,5640,5640,6.294642857142857,6664,84.63,0,50,0.89,96.05,223,5417,2025,3,March,Friday,False,High,False,0.0,False
2025-03-22,WH01,S1,25,200,6880,6880,4.3,17850,38.54,0,76,1.1,97.15,196,6684,2025,3,March,Saturday,False,Low,False,0.0,False
2025-03-22,WH01,S2,24,192,6712,6712,4.369791666666667,16320,41.13,0,40,0.6,97.92,140,6572,2025,3,March,Saturday,False,Low,False,0.0,False
2025-03-22,WH01,S3,19,152,4272,8544,3.513157894736842,10982,38.9,0,48,1.12,97.47,108,4164,2025,3,March,Saturday,False,Low,False,0.0,False
2025-03-22,WH02,S1,30,240,9280,18560,4.833333333333333,22680,40.92,0,98,1.06,96.6,315,8965,2025,3,March,Saturday,False,Low,False,0.0,False
2025-03-22,WH02,S2,28,224,8528,8528,4.758928571428571,20160,42.3,0,67,0.79,94.38,479,8049,2025,3,March,Saturday,False,Low,False,0.0,False
2025-03-22,WH02,S3,22,176,5544,16632,3.9375,13464,41.18,0,53,0.96,97.89,117,5427,2025,3,March,Saturday,False,Low,False,0.0,False
2025-03-22,WH03,S1,20,160,6032,6032,4.7125,12600,47.87,0,44,0.73,97.07,177,5855,2025,3,March,Saturday,False,Low,False,0.0,False
2025-03-22,WH03,S2,19,152,4680,4680,3.848684210526316,11400,41.05,0,30,0.64,95.06,231,4449,2025,3,March,Saturday,False,Low,False,0.0,False
2025-03-22,WH03,S3,15,120,4160,4160,4.333333333333333,7650,54.38,0,34,0.82,94.08,246,3914,2025,3,March,Saturday,False,Low,False,0.0,False
2025-03-22,WH04,S1,23,184,6800,13600,4.619565217391305,15842,42.92,0,55,0.81,94.9,347,6453,2025,3,March,Saturday,False,Low,False,0.0,False
2025-03-22,WH04,S2,22,176,6168,6168,4.380681818181818,14432,42.74,0,53,0.86,95.73,263,5905,2025,3,March,Saturday,False,Low,False,0.0,False
2025-03-22,WH04,S3,17,136,5200,5200,4.779411764705882,9479,54.86,0,38,0.73,96.54,180,5020,2025,3,March,Saturday,False,Low,False,0.0,False
2025-03-22,WH05,S1,18,144,6192,12384,5.375,10584,58.5,0,52,0.84,95.51,278,5914,2025,3,March,Saturday,False,Low,False,0.0,False
2025-03-22,WH05,S2,17,136,4880,9760,4.485294117647059,9520,51.26,0,48,0.98,97.2,137,4743,2025,3,March,Saturday,False,Low,False,0.0,False
2025-03-22,WH05,S3,14,112,3840,3840,4.285714285714286,6664,57.62,0,50,1.3,94.75,202,3638,2025,3,March,Saturday,False,Low,False,0.0,False
2025-03-23,WH01,S1,25,200,6560,13120,4.1,17850,36.75,0,60,0.91,96.67,219,6341,2025,3,March,Sunday,True,Low,False,0.0,False
2025-03-23,WH01,S2,24,192,6064,6064,3.9479166666666665,16320,37.16,0,52,0.86,96.12,235,5829,2025,3,March,Sunday,True,Low,False,0.0,False
2025-03-23,WH01,S3,19,152,4336,4336,3.5657894736842106,10982,39.48,0,38,0.88,96.23,164,4172,2025,3,March,Sunday,True,Low,False,0.0,False
2025-03-23,WH02,S1,30,240,7992,7992,4.1625,22680,35.24,0,56,0.7,94.78,417,7575,2025,3,March,Sunday,True,Low,False,0.0,False
2025-03-23,WH02,S2,28,224,6392,12784,3.5669642857142856,20160,31.71,0,58,0.91,94.61,345,6047,2025,3,March,Sunday,True,Low,False,0.0,False
2025-03-23,WH02,S3,22,176,4456,8912,3.164772727272727,13464,33.1,0,46,1.03,95.81,187,4269,2025,3,March,Sunday,True,Low,False,0.0,False
2025-03-23,WH03,S1,20,160,4368,8736,3.4125,12600,34.67,0,46,1.05,94.48,241,4127,2025,3,March,Sunday,True,Low,False,0.0,False
2025-03-23,WH03,S2,19,152,5640,5640,4.6381578947368425,11400,49.47,0,45,0.8,95.95,228,5412,2025,3,March,Sunday,True,Low,False,0.0,False
2025-03-23,WH03,S3,15,120,3960,3960,4.125,7650,51.76,0,31,0.78,94.61,213,3747,2025,3,March,Sunday,True,Low,False,0.0,False
2025-03-23,WH04,S1,23,184,6136,6136,4.168478260869565,15842,38.73,0,47,0.77,96.22,232,5904,2025,3,March,Sunday,True,Low,False,0.0,False
2025-03-23,WH04,S2,22,176,6368,12736,4.5227272727272725,14432,44.12,0,49,0.77,93.95,385,5983,2025,3,March,Sunday,True,Low,False,0.0,False
2025-03-23,WH04,S3,17,136,4144,12432,3.808823529411765,9479,43.72,0,29,0.7,97.88,88,4056,2025,3,March,Sunday,True,Low,False,0.0,False
2025-03-23,WH05,S1,18,144,5112,10224,4.4375,10584,48.3,0,31,0.61,96.76,166,4946,2025,3,March,Sunday,True,Low,False,0.0,False
2025-03-23,WH05,S2,17,136,4720,4720,4.338235294117647,9520,49.58,0,46,0.97,93.58,303,4417,2025,3,March,Sunday,True,Low,False,0.0,False
2025-03-23,WH05,S3,14,112,2952,2952,3.294642857142857,6664,44.3,0,24,0.81,95.37,137,2815,2025,3,March,Sunday,True,Low,False,0.0,False
2025-03-24,WH01,S1,25,200,13656,13656,8.535,17850,76.5,0,116,0.85,95.76,579,13077,2025,3,March,Monday,False,High,False,0.0,False
2025-03-24,WH01,S2,24,192,11288,11288,7.348958333333333,16320,69.17,0,71,0.63,96.12,438,10850,2025,3,March,Monday,False,Normal,False,0.0,False
2025-03-24,WH01,S3,19,152,7344,7344,6.039473684210527,10982,66.87,0,58,0.79,95.49,331,7013,2025,3,March,Monday,False,Normal,False,0.0,False
2025-03-24,WH02,S1,30,240,14904,14904,7.7625,22680,65.71,0,103,0.69,95.84,620,14284,2025,3,March,Monday,False,Normal,False,0.0,False
2025-03-24,WH02,S2,28,224,13232,13232,7.383928571428571,20160,65.63,0,127,0.96,98.67,176,13056,2025,3,March,Monday,False,Normal,False,0.0,False
2025-03-24,WH02,S3,22,176,11360,11360,8.068181818181818,13464,84.37,0,103,0.91,96.84,359,11001,2025,3,March,Monday,False,High,False,0.0,False
2025-03-24,WH03,S1,20,160,9784,19568,7.64375,12600,77.65,0,53,0.54,95.87,404,9380,2025,3,March,Monday,False,High,False,0.0,False
2025-03-24,WH03,S2,19,152,9352,9352,7.690789473684211,11400,82.04,0,75,0.8,94.69,497,8855,2025,3,March,Monday,False,High,False,0.0,False
2025-03-24,WH03,S3,15,120,5904,5904,6.15,7650,77.18,0,50,0.85,96.23,223,5681,2025,3,March,Monday,False,High,False,0.0,False
2025-03-24,WH04,S1,23,184,12752,25504,8.66304347826087,15842,80.49,0,97,0.76,95.67,553,12199,2025,3,March,Monday,False,High,False,0.0,False
2025-03-24,WH04,S2,22,176,10136,10136,7.198863636363637,14432,70.23,0,75,0.74,95.21,486,9650,2025,3,March,Monday,False,Normal,False,0.0,False
2025-03-24,WH04,S3,17,136,6848,13696,6.294117647058823,9479,72.24,0,65,0.95,95.07,338,6510,2025,3,March,Monday,False,Normal,False,0.0,False
2025-03-24,WH05,S1,18,144,8576,8576,7.444444444444445,10584,81.03,0,82,0.96,96.44,305,8271,2025,3,March,Monday,False,High,False,0.0,False
2025-03-24,WH05,S2,17,136,8280,24840,7.610294117647059,9520,86.97,0,83,1.0,96.88,258,8022,2025,3,March,Monday,False,Very High,True,0.0,False
2025-03-24,WH05,S3,14,112,6184,12368,6.901785714285714,6664,92.8,0,71,1.15,95.33,289,5895,2025,3,March,Monday,False,Very High,True,0.0,False
2025-03-25,WH01,S1,25,200,11152,22304,6.97,17850,62.48,0,103,0.92,95.46,506,10646,2025,3,March,Tuesday,False,Normal,False,0.0,False
2025-03-25,WH01,S2,24,192,10960,21920,7.135416666666667,16320,67.16,0,92,0.84,98.34,182,10778,2025,3,March,Tuesday,False,Normal,False,0.0,False
2025-03-25,WH01,S3,19,152,7744,7744,6.368421052631579,10982,70.52,0,78,1.01,96.67,258,7486,2025,3,March,Tuesday,False,Normal,False,0.0,False
2025-03-25,WH02,S1,30,240,11832,11832,6.1625,22680,52.17,0,85,0.72,96.23,446,11386,2025,3,March,Tuesday,False,Low,False,0.0,False
2025-03-25,WH02,S2,28,224,13880,13880,7.745535714285714,20160,68.85,0,111,0.8,95.54,618,13262,2025,3,March,Tuesday,False,Normal,False,0.0,False
2025-03-25,WH02,S3,22,176,9472,18944,6.727272727272728,13464,70.35,0,99,1.05,94.23,547,8925,2025,3,March,Tuesday,False,Normal,False,0.0,False
2025-03-25,WH03,S1,20,160,9872,9872,7.7125,12600,78.35,0,69,0.7,95.85,410,9462,2025,3,March,Tuesday,False,High,False,0.0,False
2025-03-25,WH03,S2,19,152,9328,9328,7.671052631578948,11400,81.82,0,76,0.81,97.55,229,9099,2025,3,March,Tuesday,False,High,False,0.0,False
2025-03-25,WH03,S3,15,120,6744,6744,7.025,7650,88.16,0,91,1.35,96.45,240,6504,2025,3,March,Tuesday,False,Very High,True,0.0,False
2025-03-25,WH04,S1,23,184,12000,24000,8.152173913043478,15842,75.75,0,89,0.74,97.57,291,11709,2025,3,March,Tuesday,False,High,False,0.0,False
2025-03-25,WH04,S2,22,176,9248,9248,6.568181818181818,14432,64.08,0,72,0.78,94.65,495,8753,2025,3,March,Tuesday,False,Normal,False,0.0,False
2025-03-25,WH04,S3,17,136,7696,15392,7.073529411764706,9479,81.19,0,59,0.77,95.34,359,7337,2025,3,March,Tuesday,False,High,False,0.0,False
2025-03-25,WH05,S1,18,144,7952,7952,6.902777777777778,10584,75.13,0,51,0.64,95.4,366,7586,2025,3,March,Tuesday,False,High,False,0.0,False
2025-03-25,WH05,S2,17,136,6776,6776,6.227941176470588,9520,71.18,0,47,0.69,95.65,295,6481,2025,3,March,Tuesday,False,Normal,False,0.0,False
2025-03-25,WH05,S3,14,112,6048,12096,6.75,6664,90.76,0,83,1.37,95.37,280,5768,2025,3,March,Tuesday,False,Very High,True,0.0,False
2025-03-26,WH01,S1,25,200,13528,27056,8.455,17850,75.79,0,126,0.93,97.69,312,13216,2025,3,March,Wednesday,False,High,False,0.0,False
2025-03-26,WH01,S2,24,192,10656,31968,6.9375,16320,65.29,0,78,0.73,96.5,373,10283,2025,3,March,Wednesday,False,Normal,False,0.0,False
2025-03-26,WH01,S3,19,152,7264,7264,5.973684210526316,10982,66.14,0,68,0.94,97.0,218,7046,2025,3,March,Wednesday,False,Normal,False,0.0,False
2025-03-26,WH02,S1,30,240,14776,14776,7.695833333333334,22680,65.15,0,130,0.88,96.74,482,14294,2025,3,March,Wednesday,False,Normal,False,0.0,False
2025-03-26,WH02,S2,28,224,12848,38544,7.169642857142857,20160,63.73,0,88,0.68,96.62,434,12414,2025,3,March,Wednesday,False,Normal,False,0.0,False
2025-03-26,WH02,S3,22,176,8888,17776,6.3125,13464,66.01,0,74,0.83,95.37,412,8476,2025,3,March,Wednesday,False,Normal,False,0.0,False
2025-03-26,WH03,S1,20,160,10632,10632,8.30625,12600,84.38,0,124,1.17,95.4,489,10143,2025,3,March,Wednesday,False,High,False,0.0,False
2025-03-26,WH03,S2,19,152,8104,8104,6.664473684210527,11400,71.09,0,86,1.06,95.21,388,7716,2025,3,March,Wednesday,False,Normal,False,0.0,False
2025-03-26,WH03,S3,15,120,6496,6496,6.766666666666667,7650,84.92,0,44,0.68,96.5,227,6269,2025,3,March,Wednesday,False,High,False,0.0,False
2025-03-26,WH04,S1,23,184,11368,11368,7.7228260869565215,15842,71.76,0,68,0.6,96.08,446,10922,2025,3,March,Wednesday,False,Normal,False,0.0,False
2025-03-26,WH04,S2,22,176,8872,8872,6.301136363636363,14432,61.47,0,76,0.86,94.44,493,8379,2025,3,March,Wednesday,False,Normal,False,0.0,False
2025-03-26,WH04,S3,17,136,6232,6232,5.727941176470588,9479,65.75,0,52,0.83,94.95,315,5917,2025,3,March,Wednesday,False,Normal,False,0.0,False
2025-03-26,WH05,S1,18,144,8736,26208,7.583333333333333,10584,82.54,0,68,0.78,93.98,526,8210,2025,3,March,Wednesday,False,High,False,0.0,False
2025-03-26,WH05,S2,17,136,6992,20976,6.426470588235294,9520,73.45,0,55,0.79,94.69,371,6621,2025,3,March,Wednesday,False,Normal,False,0.0,False
2025-03-26,WH05,S3,14,112,5072,5072,5.660714285714286,6664,76.11,0,38,0.75,95.17,245,4827,2025,3,March,Wednesday,False,High,False,0.0,False
2025-03-27,WH01,S1,25,200,13448,13448,8.405,17850,75.34,0,95,0.71,94.41,752,12696,2025,3,March,Thursday,False,High,False,0.0,False
2025-03-27,WH01,S2,24,192,11608,11608,7.557291666666667,16320,71.13,0,100,0.86,95.67,502,11106,2025,3,March,Thursday,False,Normal,False,0.0,False
2025-03-27,WH01,S3,19,152,7152,21456,5.881578947368421,10982,65.12,0,49,0.69,95.91,293,6859,2025,3,March,Thursday,False,Normal,False,0.0,False
2025-03-27,WH02,S1,30,240,14496,14496,7.55,22680,63.92,0,115,0.79,96.32,533,13963,2025,3,March,Thursday,False,Normal,False,0.0,False
2025-03-27,WH02,S2,28,224,13328,26656,7.4375,20160,66.11,0,99,0.74,96.15,513,12815,2025,3,March,Thursday,False,Normal,False,0.0,False
2025-03-27,WH02,S3,22,176,8600,8600,6.107954545454546,13464,63.87,0,72,0.84,97.11,248,8352,2025,3,March,Thursday,False,Normal,False,0.0,False
2025-03-27,WH03,S1,20,160,10544,21088,8.2375,12600,83.68,0,89,0.84,97.06,310,10234,2025,3,March,Thursday,False,High,False,0.0,False
2025-03-27,WH03,S2,19,152,10448,10448,8.592105263157896,11400,91.65,0,112,1.07,92.73,759,9689,2025,3,March,Thursday,False,Very High,True,0.0,False
2025-03-27,WH03,S3,15,120,6624,6624,6.9,7650,86.59,0,64,0.97,96.28,247,6377,2025,3,March,Thursday,False,Very High,True,0.0,False
2025-03-27,WH04,S1,23,184,11160,11160,7.581521739130435,15842,70.45,0,84,0.75,96.61,378,10782,2025,3,March,Thursday,False,Normal,False,0.0,False
2025-03-27,WH04,S2,22,176,11448,11448,8.130681818181818,14432,79.32,0,85,0.74,96.68,381,11067,2025,3,March,Thursday,False,High,False,0.0,False
2025-03-27,WH04,S3,17,136,5784,17352,5.316176470588236,9479,61.02,0,55,0.95,95.0,289,5495,2025,3,March,Thursday,False,Normal,False,0.0,False
2025-03-27,WH05,S1,18,144,10888,21776,9.45138888888889,10584,102.87,304,154,1.41,91.49,926,9962,2025,3,March,Thursday,False,Over Capacity,True,2.79,True
2025-03-27,WH05,S2,17,136,9080,9080,8.345588235294118,9520,95.38,0,78,0.86,96.23,343,8737,2025,3,March,Thursday,False,Very High,True,0.0,False
2025-03-27,WH05,S3,14,112,5072,5072,5.660714285714286,6664,76.11,0,53,1.04,95.11,248,4824,2025,3,March,Thursday,False,High,False,0.0,False
2025-03-28,WH01,S1,25,200,13864,13864,8.665,17850,77.67,0,105,0.76,97.84,299,13565,2025,3,March,Friday,False,High,False,0.0,False
2025-03-28,WH01,S2,24,192,10848,10848,7.0625,16320,66.47,0,111,1.02,94.38,610,10238,2025,3,March,Friday,False,Normal,False,0.0,False
2025-03-28,WH01,S3,19,152,7968,7968,6.552631578947368,10982,72.56,0,63,0.79,95.32,373,7595,2025,3,March,Friday,False,Normal,False,0.0,False
2025-03-28,WH02,S1,30,240,18144,36288,9.45,22680,80.0,0,122,0.67,96.56,624,17520,2025,3,March,Friday,False,High,False,0.0,False
2025-03-28,WH02,S2,28,224,13520,13520,7.544642857142857,20160,67.06,0,119,0.88,97.41,350,13170,2025,3,March,Friday,False,Normal,False,0.0,False
2025-03-28,WH02,S3,22,176,10968,10968,7.789772727272727,13464,81.46,0,92,0.84,96.84,347,10621,2025,3,March,Friday,False,High,False,0.0,False
2025-03-28,WH03,S1,20,160,11248,11248,8.7875,12600,89.27,0,114,1.01,96.19,429,10819,2025,3,March,Friday,False,Very High,True,0.0,False
2025-03-28,WH03,S2,19,152,9488,9488,7.802631578947368,11400,83.23,0,71,0.75,95.75,403,9085,2025,3,March,Friday,False,High,False,0.0,False
2025-03-28,WH03,S3,15,120,8160,8160,8.5,7650,106.67,510,72,0.88,89.12,888,7272,2025,3,March,Friday,False,Over Capacity,True,6.25,True
2025-03-28,WH04,S1,23,184,10232,10232,6.951086956521739,15842,64.59,0,89,0.87,95.43,467,9765,2025,3,March,Friday,False,Normal,False,0.0,False
2025-03-28,WH04,S2,22,176,11864,35592,8.426136363636363,14432,82.21,0,79,0.67,96.87,371,11493,2025,3,March,Friday,False,High,False,0.0,False
2025-03-28,WH04,S3,17,136,6872,6872,6.316176470588236,9479,72.5,0,42,0.61,93.35,457,6415,2025,3,March,Friday,False,Normal,False,0.0,False
2025-03-28,WH05,S1,18,144,8808,8808,7.645833333333333,10584,83.22,0,70,0.79,96.45,313,8495,2025,3,March,Friday,False,High,False,0.0,False
2025-03-28,WH05,S2,17,136,9448,9448,8.683823529411764,9520,99.24,0,121,1.28,95.4,435,9013,2025,3,March,Friday,False,Very High,True,0.0,False
2025-03-28,WH05,S3,14,112,6088,6088,6.794642857142857,6664,91.36,0,56,0.92,95.1,299,5789,2025,3,March,Friday,False,Very High,True,0.0,False
2025-03-29,WH01,S1,25,200,6944,6944,4.34,17850,38.9,0,61,0.88,96.11,270,6674,2025,3,March,Saturday,False,Low,False,0.0,False
2025-03-29,WH01,S2,24,192,6488,6488,4.223958333333333,16320,39.75,0,40,0.62,97.26,178,6310,2025,3,March,Saturday,False,Low,False,0.0,False
2025-03-29,WH01,S3,19,152,4648,13944,3.822368421052632,10982,42.32,0,39,0.84,94.51,255,4393,2025,3,March,Saturday,False,Low,False,0.0,False
2025-03-29,WH02,S1,30,240,7488,7488,3.9,22680,33.02,0,51,0.68,96.1,292,7196,2025,3,March,Saturday,False,Low,False,0.0,False
2025-03-29,WH02,S2,28,224,7376,14752,4.116071428571429,20160,36.59,0,64,0.87,95.14,358,7018,2025,3,March,Saturday,False,Low,False,0.0,False
2025-03-29,WH02,S3,22,176,6080,6080,4.318181818181818,13464,45.16,0,41,0.67,96.79,195,5885,2025,3,March,Saturday,False,Low,False,0.0,False
2025-03-29,WH03,S1,20,160,5920,5920,4.625,12600,46.98,0,47,0.79,96.7,195,5725,2025,3,March,Saturday,False,Low,False,0.0,False
2025-03-29,WH03,S2,19,152,5432,5432,4.467105263157895,11400,47.65,0,42,0.77,96.2,207,5225,2025,3,March,Saturday,False,Low,False,0.0,False
2025-03-29,WH03,S3,15,120,3928,7856,4.091666666666667,7650,51.35,0,27,0.69,94.28,225,3703,2025,3,March,Saturday,False,Low,False,0.0,False
2025-03-29,WH04,S1,23,184,7056,7056,4.793478260869565,15842,44.54,0,55,0.78,95.33,330,6726,2025,3,March,Saturday,False,Low,False,0.0,False
2025-03-29,WH04,S2,22,176,6160,12320,4.375,14432,42.68,0,63,1.02,96.36,224,5936,2025,3,March,Saturday,False,Low,False,0.0,False
2025-03-29,WH04,S3,17,136,4640,4640,4.264705882352941,9479,48.95,0,28,0.6,96.11,181,4459,2025,3,March,Saturday,False,Low,False,0.0,False
2025-03-29,WH05,S1,18,144,4832,14496,4.194444444444445,10584,45.65,0,48,0.99,98.22,86,4746,2025,3,March,Saturday,False,Low,False,0.0,False
2025-03-29,WH05,S2,17,136,5504,5504,5.0588235294117645,9520,57.82,0,41,0.74,95.47,249,5255,2025,3,March,Saturday,False,Low,False,0.0,False
2025-03-29,WH05,S3,14,112,3176,3176,3.544642857142857,6664,47.66,0,24,0.76,96.37,115,3061,2025,3,March,Saturday,False,Low,False,0.0,False
2025-03-30,WH01,S1,25,200,7792,7792,4.87,17850,43.65,0,74,0.95,95.21,373,7419,2025,3,March,Sunday,True,Low,False,0.0,False
2025-03-30,WH01,S2,24,192,5560,5560,3.6197916666666665,16320,34.07,0,43,0.77,94.98,279,5281,2025,3,March,Sunday,True,Low,False,0.0,False
2025-03-30,WH01,S3,19,152,3936,7872,3.236842105263158,10982,35.84,0,34,0.86,96.87,123,3813,2025,3,March,Sunday,True,Low,False,0.0,False
2025-03-30,WH02,S1,30,240,5472,10944,2.85,22680,24.13,0,33,0.6,95.41,251,5221,2025,3,March,Sunday,True,Low,False,0.0,False
2025-03-30,WH02,S2,28,224,7096,7096,3.959821428571429,20160,35.2,0,66,0.93,95.55,316,6780,2025,3,March,Sunday,True,Low,False,0.0,False
2025-03-30,WH02,S3,22,176,4920,4920,3.4943181818181817,13464,36.54,0,35,0.71,96.44,175,4745,2025,3,March,Sunday,True,Low,False,0.0,False
2025-03-30,WH03,S1,20,160,5144,15432,4.01875,12600,40.83,0,30,0.58,96.77,166,4978,2025,3,March,Sunday,True,Low,False,0.0,False
2025-03-30,WH03,S2,19,152,3960,3960,3.256578947368421,11400,34.74,0,37,0.93,95.62,174,3786,2025,3,March,Sunday,True,Low,False,0.0,False
2025-03-30,WH03,S3,15,120,3280,3280,3.4166666666666665,7650,42.88,0,30,0.91,96.3,121,3159,2025,3,March,Sunday,True,Low,False,0.0,False
2025-03-30,WH04,S1,23,184,5928,5928,4.027173913043479,15842,37.42,0,44,0.74,95.9,243,5685,2025,3,March,Sunday,True,Low,False,0.0,False
2025-03-30,WH04,S2,22,176,4800,9600,3.409090909090909,14432,33.26,0,40,0.83,96.15,185,4615,2025,3,March,Sunday,True,Low,False,0.0,False
2025-03-30,WH04,S3,17,136,3608,3608,3.3161764705882355,9479,38.06,0,26,0.72,95.03,179,3429,2025,3,March,Sunday,True,Low,False,0.0,False
2025-03-30,WH05,S1,18,144,5032,5032,4.368055555555555,10584,47.54,0,39,0.78,96.06,198,4834,2025,3,March,Sunday,True,Low,False,0.0,False
2025-03-30,WH05,S2,17,136,4256,8512,3.911764705882353,9520,44.71,0,36,0.85,97.79,94,4162,2025,3,March,Sunday,True,Low,False,0.0,False
2025-03-30,WH05,S3,14,112,2696,5392,3.008928571428572,6664,40.46,0,22,0.82,96.71,89,2607,2025,3,March,Sunday,True,Low,False,0.0,False
2025-03-31,WH01,S1,25,200,12576,12576,7.86,17850,70.45,0,120,0.95,95.48,569,12007,2025,3,March,Monday,False,Normal,False,0.0,False
2025-03-31,WH01,S2,24,192,9312,9312,6.0625,16320,57.06,0,69,0.74,95.67,403,8909,2025,3,March,Monday,False,Low,False,0.0,False
2025-03-31,WH01,S3,19,152,7880,7880,6.480263157894737,10982,71.75,0,65,0.82,95.34,367,7513,2025,3,March,Monday,False,Normal,False,0.0,False
2025-03-31,WH02,S1,30,240,16448,32896,8.566666666666666,22680,72.52,0,143,0.87,97.06,484,15964,2025,3,March,Monday,False,Normal,False,0.0,False
2025-03-31,WH02,S2,28,224,11936,11936,6.660714285714286,20160,59.21,0,68,0.57,96.0,478,11458,2025,3,March,Monday,False,Low,False,0.0,False
2025-03-31,WH02,S3,22,176,11488,11488,8.159090909090908,13464,85.32,0,146,1.27,94.89,587,10901,2025,3,March,Monday,False,Very High,True,0.0,False
2025-03-31,WH03,S1,20,160,11312,11312,8.8375,12600,89.78,0,114,1.01,96.57,388,10924,2025,3,March,Monday,False,Very High,True,0.0,False
2025-03-31,WH03,S2,19,152,9296,9296,7.644736842105263,11400,81.54,0,89,0.96,97.17,263,9033,2025,3,March,Monday,False,High,False,0.0,False
2025-03-31,WH03,S3,15,120,6488,6488,6.758333333333334,7650,84.81,0,60,0.92,93.87,398,6090,2025,3,March,Monday,False,High,False,0.0,False
2025-03-31,WH04,S1,23,184,12608,12608,8.565217391304348,15842,79.59,0,118,0.94,95.26,598,12010,2025,3,March,Monday,False,High,False,0.0,False
2025-03-31,WH04,S2,22,176,11704,35112,8.3125,14432,81.1,0,86,0.73,95.04,580,11124,2025,3,March,Monday,False,High,False,0.0,False
2025-03-31,WH04,S3,17,136,7904,15808,7.264705882352941,9479,83.38,0,73,0.92,95.45,360,7544,2025,3,March,Monday,False,High,False,0.0,False
2025-03-31,WH05,S1,18,144,9720,9720,8.4375,10584,91.84,0,106,1.09,96.1,379,9341,2025,3,March,Monday,False,Very High,True,0.0,False
2025-03-31,WH05,S2,17,136,7008,7008,6.441176470588236,9520,73.61,0,48,0.68,96.69,232,6776,2025,3,March,Monday,False,Normal,False,0.0,False
2025-03-31,WH05,S3,14,112,5432,5432,6.0625,6664,81.51,0,40,0.74,96.79,175,5257,2025,3,March,Monday,False,High,False,0.0,False
2025-04-01,WH01,S1,25,200,10840,21680,6.775,17850,60.73,0,81,0.75,96.71,356,10484,2025,4,April,Tuesday,False,Normal,False,0.0,False
2025-04-01,WH01,S2,24,192,9840,9840,6.40625,16320,60.29,0,85,0.86,95.78,415,9425,2025,4,April,Tuesday,False,Normal,False,0.0,False
2025-04-01,WH01,S3,19,152,8680,8680,7.1381578947368425,10982,79.04,0,63,0.73,95.07,428,8252,2025,4,April,Tuesday,False,High,False,0.0,False
2025-04-01,WH02,S1,30,240,15400,30800,8.020833333333334,22680,67.9,0,125,0.81,96.52,535,14865,2025,4,April,Tuesday,False,Normal,False,0.0,False
2025-04-01,WH02,S2,28,224,12936,38808,7.21875,20160,64.17,0,86,0.66,95.66,561,12375,2025,4,April,Tuesday,False,Normal,False,0.0,False
2025-04-01,WH02,S3,22,176,9064,9064,6.4375,13464,67.32,0,65,0.72,97.05,267,8797,2025,4,April,Tuesday,False,Normal,False,0.0,False
2025-04-01,WH03,S1,20,160,11792,11792,9.2125,12600,93.59,0,146,1.24,95.61,517,11275,2025,4,April,Tuesday,False,Very High,True,0.0,False
2025-04-01,WH03,S2,19,152,11144,33432,9.164473684210526,11400,97.75,0,122,1.09,95.91,456,10688,2025,4,April,Tuesday,False,Very High,True,0.0,False
2025-04-01,WH03,S3,15,120,7248,14496,7.55,7650,94.75,0,90,1.24,96.37,263,6985,2025,4,April,Tuesday,False,Very High,True,0.0,False
2025-04-01,WH04,S1,23,184,12512,12512,8.5,15842,78.98,0,79,0.63,95.28,591,11921,2025,4,April,Tuesday,False,High,False,0.0,False
2025-04-01,WH04,S2,22,176,10896,10896,7.738636363636363,14432,75.5,0,76,0.7,96.89,339,10557,2025,4,April,Tuesday,False,High,False,0.0,False
2025-04-01,WH04,S3,17,136,6856,6856,6.301470588235294,9479,72.33,0,66,0.96,96.59,234,6622,2025,4,April,Tuesday,False,Normal,False,0.0,False
2025-04-01,WH05,S1,18,144,9232,9232,8.01388888888889,10584,87.23,0,88,0.95,94.71,488,8744,2025,4,April,Tuesday,False,Very High,True,0.0,False
2025-04-01,WH05,S2,17,136,7320,14640,6.727941176470588,9520,76.89,0,55,0.75,95.53,327,6993,2025,4,April,Tuesday,False,High,False,0.0,False
2025-04-01,WH05,S3,14,112,5816,5816,6.491071428571429,6664,87.27,0,75,1.29,94.77,304,5512,2025,4,April,Tuesday,False,Very High,True,0.0,False
2025-04-02,WH01,S1,25,200,12352,12352,7.72,17850,69.2,0,110,0.89,96.89,384,11968,2025,4,April,Wednesday,False,Normal,False,0.0,False
2025-04-02,WH01,S2,24,192,11776,23552,7.666666666666667,16320,72.16,0,89,0.76,95.28,556,11220,2025,4,April,Wednesday,False,Normal,False,0.0,False
2025-04-02,WH01,S3,19,152,7832,23496,6.440789473684211,10982,71.32,0,49,0.63,97.07,230,7602,2025,4,April,Wednesday,False,Normal,False,0.0,False
2025-04-02,WH02,S1,30,240,19328,57984,10.066666666666666,22680,85.22,0,145,0.75,96.56,664,18664,2025,4,April,Wednesday,False,Very High,True,0.0,False
2025-04-02,WH02,S2,28,224,12760,12760,7.120535714285714,20160,63.29,0,100,0.78,96.46,451,12309,2025,4,April,Wednesday,False,Normal,False,0.0,False
2025-04-02,WH02,S3,22,176,9016,9016,6.403409090909091,13464,66.96,0,82,0.91,96.92,277,8739,2025,4,April,Wednesday,False,Normal,False,0.0,False
2025-04-02,WH03,S1,20,160,9856,29568,7.7,12600,78.22,0,64,0.65,94.91,502,9354,2025,4,April,Wednesday,False,High,False,0.0,False
2025-04-02,WH03,S2,19,152,9928,19856,8.164473684210526,11400,87.09,0,117,1.18,95.87,410,9518,2025,4,April,Wednesday,False,Very High,True,0.0,False
2025-04-02,WH03,S3,15,120,6520,6520,6.791666666666667,7650,85.23,0,56,0.86,97.85,140,6380,2025,4,April,Wednesday,False,Very High,True,0.0,False
2025-04-02,WH04,S1,23,184,12688,12688,8.619565217391305,15842,80.09,0,112,0.88,95.35,590,12098,2025,4,April,Wednesday,False,High,False,0.0,False
2025-04-02,WH04,S2,22,176,8792,8792,6.244318181818182,14432,60.92,0,68,0.77,94.85,453,8339,2025,4,April,Wednesday,False,Normal,False,0.0,False
2025-04-02,WH04,S3,17,136,7208,7208,6.625,9479,76.04,0,62,0.86,96.66,240,6968,2025,4,April,Wednesday,False,High,False,0.0,False
2025-04-02,WH05,S1,18,144,9360,9360,8.125,10584,88.44,0,117,1.25,95.88,386,8974,2025,4,April,Wednesday,False,Very High,True,0.0,False
2025-04-02,WH05,S2,17,136,9040,9040,8.308823529411764,9520,94.96,0,112,1.24,94.64,485,8555,2025,4,April,Wednesday,False,Very High,True,0.0,False
2025-04-02,WH05,S3,14,112,5680,5680,6.339285714285714,6664,85.23,0,38,0.67,94.98,285,5395,2025,4,April,Wednesday,False,Very High,True,0.0,False
2025-04-03,WH01,S1,25,200,13240,13240,8.275,17850,74.17,0,123,0.93,95.85,549,12691,2025,4,April,Thursday,False,Normal,False,0.0,False
2025-04-03,WH01,S2,24,192,12048,24096,7.84375,16320,73.82,0,108,0.9,96.77,389,11659,2025,4,April,Thursday,False,Normal,False,0.0,False
2025-04-03,WH01,S3,19,152,9416,28248,7.743421052631579,10982,85.74,0,114,1.21,97.69,218,9198,2025,4,April,Thursday,False,Very High,True,0.0,False
2025-04-03,WH02,S1,30,240,16168,16168,8.420833333333333,22680,71.29,0,115,0.71,95.54,722,15446,2025,4,April,Thursday,False,Normal,False,0.0,False
2025-04-03,WH02,S2,28,224,13768,13768,7.683035714285714,20160,68.29,0,123,0.89,96.99,414,13354,2025,4,April,Thursday,False,Normal,False,0.0,False
2025-04-03,WH02,S3,22,176,10520,10520,7.471590909090909,13464,78.13,0,87,0.83,95.21,504,10016,2025,4,April,Thursday,False,High,False,0.0,False
2025-04-03,WH03,S1,20,160,10336,10336,8.075,12600,82.03,0,94,0.91,95.26,490,9846,2025,4,April,Thursday,False,High,False,0.0,False
2025-04-03,WH03,S2,19,152,8880,8880,7.302631578947368,11400,77.89,0,74,0.83,95.67,385,8495,2025,4,April,Thursday,False,High,False,0.0,False
2025-04-03,WH03,S3,15,120,5816,11632,6.058333333333334,7650,76.03,0,49,0.84,96.93,179,5637,2025,4,April,Thursday,False,High,False,0.0,False
2025-04-03,WH04,S1,23,184,12672,12672,8.608695652173912,15842,79.99,0,105,0.83,96.18,484,12188,2025,4,April,Thursday,False,High,False,0.0,False
2025-04-03,WH04,S2,22,176,10920,10920,7.755681818181818,14432,75.67,0,89,0.82,97.12,315,10605,2025,4,April,Thursday,False,High,False,0.0,False
2025-04-03,WH04,S3,17,136,6800,6800,6.25,9479,71.74,0,51,0.75,95.32,318,6482,2025,4,April,Thursday,False,Normal,False,0.0,False
2025-04-03,WH05,S1,18,144,10160,20320,8.819444444444445,10584,95.99,0,139,1.37,95.09,498,9662,2025,4,April,Thursday,False,Very High,True,0.0,False
2025-04-03,WH05,S2,17,136,8808,17616,8.095588235294118,9520,92.52,0,93,1.06,96.16,338,8470,2025,4,April,Thursday,False,Very High,True,0.0,False
2025-04-03,WH05,S3,14,112,5496,10992,6.133928571428571,6664,82.47,0,37,0.67,97.74,124,5372,2025,4,April,Thursday,False,High,False,0.0,False
2025-04-04,WH01,S1,25,200,11000,11000,6.875,17850,61.62,0,69,0.63,95.67,477,10523,2025,4,April,Friday,False,Normal,False,0.0,False
2025-04-04,WH01,S2,24,192,10416,20832,6.78125,16320,63.82,0,89,0.85,96.67,347,10069,2025,4,April,Friday,False,Normal,False,0.0,False
2025-04-04,WH01,S3,19,152,8408,16816,6.914473684210527,10982,76.56,0,71,0.84,96.81,268,8140,2025,4,April,Friday,False,High,False,0.0,False
2025-04-04,WH02,S1,30,240,18872,18872,9.829166666666667,22680,83.21,0,146,0.77,94.1,1113,17759,2025,4,April,Friday,False,High,False,0.0,False
2025-04-04,WH02,S2,28,224,14728,44184,8.21875,20160,73.06,0,103,0.7,97.01,440,14288,2025,4,April,Friday,False,Normal,False,0.0,False
2025-04-04,WH02,S3,22,176,10120,20240,7.1875,13464,75.16,0,94,0.93,96.73,331,9789,2025,4,April,Friday,False,High,False,0.0,False
2025-04-04,WH03,S1,20,160,12616,12616,9.85625,12600,100.13,16,161,1.28,94.97,635,11981,2025,4,April,Friday,False,Over Capacity,True,0.13,True
2025-04-04,WH03,S2,19,152,9832,9832,8.085526315789474,11400,86.25,0,116,1.18,96.87,308,9524,2025,4,April,Friday,False,Very High,True,0.0,False
2025-04-04,WH03,S3,15,120,6632,6632,6.908333333333333,7650,86.69,0,69,1.04,96.81,212,6420,2025,4,April,Friday,False,Very High,True,0.0,False
2025-04-04,WH04,S1,23,184,10720,32160,7.282608695652174,15842,67.67,0,122,1.14,96.91,332,10388,2025,4,April,Friday,False,Normal,False,0.0,False
2025-04-04,WH04,S2,22,176,10600,10600,7.528409090909091,14432,73.45,0,92,0.87,95.17,512,10088,2025,4,April,Friday,False,Normal,False,0.0,False
2025-04-04,WH04,S3,17,136,8440,8440,7.757352941176471,9479,89.04,0,103,1.22,96.42,302,8138,2025,4,April,Friday,False,Very High,True,0.0,False
2025-04-04,WH05,S1,18,144,9720,9720,8.4375,10584,91.84,0,111,1.14,96.09,380,9340,2025,4,April,Friday,False,Very High,True,0.0,False
2025-04-04,WH05,S2,17,136,8784,17568,8.073529411764707,9520,92.27,0,87,0.99,96.97,266,8518,2025,4,April,Friday,False,Very High,True,0.0,False
2025-04-04,WH05,S3,14,112,5672,5672,6.330357142857143,6664,85.11,0,76,1.34,96.56,195,5477,2025,4,April,Friday,False,Very High,True,0.0,False
2025-04-05,WH01,S1,25,200,8160,8160,5.1,17850,45.71,0,68,0.83,96.78,263,7897,2025,4,April,Saturday,False,Low,False,0.0,False
2025-04-05,WH01,S2,24,192,7552,15104,4.916666666666667,16320,46.27,0,50,0.66,96.44,269,7283,2025,4,April,Saturday,False,Low,False,0.0,False
2025-04-05,WH01,S3,19,152,4240,8480,3.486842105263158,10982,38.61,0,28,0.66,95.81,178,4062,2025,4,April,Saturday,False,Low,False,0.0,False
2025-04-05,WH02,S1,30,240,9216,9216,4.8,22680,40.63,0,66,0.72,96.71,303,8913,2025,4,April,Saturday,False,Low,False,0.0,False
2025-04-05,WH02,S2,28,224,9096,9096,5.075892857142857,20160,45.12,0,70,0.77,97.79,201,8895,2025,4,April,Saturday,False,Low,False,0.0,False
2025-04-05,WH02,S3,22,176,6416,6416,4.556818181818182,13464,47.65,0,49,0.76,97.67,150,6266,2025,4,April,Saturday,False,Low,False,0.0,False
2025-04-05,WH03,S1,20,160,6528,6528,5.1,12600,51.81,0,48,0.74,95.45,297,6231,2025,4,April,Saturday,False,Low,False,0.0,False
2025-04-05,WH03,S2,19,152,6904,13808,5.677631578947368,11400,60.56,0,44,0.64,96.54,239,6665,2025,4,April,Saturday,False,Normal,False,0.0,False
2025-04-05,WH03,S3,15,120,4736,4736,4.933333333333334,7650,61.91,0,44,0.93,96.65,159,4577,2025,4,April,Saturday,False,Normal,False,0.0,False
2025-04-05,WH04,S1,23,184,7104,14208,4.826086956521739,15842,44.84,0,76,1.07,96.56,245,6859,2025,4,April,Saturday,False,Low,False,0.0,False
2025-04-05,WH04,S2,22,176,6448,12896,4.579545454545454,14432,44.68,0,55,0.85,96.71,212,6236,2025,4,April,Saturday,False,Low,False,0.0,False
2025-04-05,WH04,S3,17,136,4504,9008,4.139705882352941,9479,47.52,0,29,0.64,95.52,202,4302,2025,4,April,Saturday,False,Low,False,0.0,False
2025-04-05,WH05,S1,18,144,6432,6432,5.583333333333333,10584,60.77,0,42,0.65,97.45,164,6268,2025,4,April,Saturday,False,Normal,False,0.0,False
2025-04-05,WH05,S2,17,136,4840,4840,4.448529411764706,9520,50.84,0,30,0.62,97.67,113,4727,2025,4,April,Saturday,False,Low,False,0.0,False
2025-04-05,WH05,S3,14,112,4072,4072,4.544642857142857,6664,61.1,0,24,0.59,94.8,212,3860,2025,4,April,Saturday,False,Normal,False,0.0,False
2025-04-06,WH01,S1,25,200,7480,7480,4.675,17850,41.9,0,53,0.71,95.57,331,7149,2025,4,April,Sunday,True,Low,False,0.0,False
2025-04-06,WH01,S2,24,192,6224,6224,4.052083333333333,16320,38.14,0,51,0.82,97.11,180,6044,2025,4,April,Sunday,True,Low,False,0.0,False
2025-04-06,WH01,S3,19,152,5104,15312,4.197368421052632,10982,46.48,0,46,0.9,96.93,157,4947,2025,4,April,Sunday,True,Low,False,0.0,False
2025-04-06,WH02,S1,30,240,10248,20496,5.3375,22680,45.19,0,98,0.96,96.97,310,9938,2025,4,April,Sunday,True,Low,False,0.0,False
2025-04-06,WH02,S2,28,224,7160,7160,3.9955357142857135,20160,35.52,0,60,0.84,95.92,292,6868,2025,4,April,Sunday,True,Low,False,0.0,False
2025-04-06,WH02,S3,22,176,4480,13440,3.1818181818181817,13464,33.27,0,37,0.83,95.54,200,4280,2025,4,April,Sunday,True,Low,False,0.0,False
2025-04-06,WH03,S1,20,160,5840,17520,4.5625,12600,46.35,0,49,0.84,94.97,294,5546,2025,4,April,Sunday,True,Low,False,0.0,False
2025-04-06,WH03,S2,19,152,5336,10672,4.3881578947368425,11400,46.81,0,40,0.75,96.44,190,5146,2025,4,April,Sunday,True,Low,False,0.0,False
2025-04-06,WH03,S3,15,120,4216,8432,4.391666666666667,7650,55.11,0,40,0.95,95.32,197,4019,2025,4,April,Sunday,True,Low,False,0.0,False
2025-04-06,WH04,S1,23,184,7232,7232,4.913043478260869,15842,45.65,0,53,0.73,94.44,402,6830,2025,4,April,Sunday,True,Low,False,0.0,False
2025-04-06,WH04,S2,22,176,6272,6272,4.454545454545454,14432,43.46,0,37,0.59,97.13,180,6092,2025,4,April,Sunday,True,Low,False,0.0,False
2025-04-06,WH04,S3,17,136,4280,8560,3.933823529411765,9479,45.15,0,36,0.84,98.07,83,4197,2025,4,April,Sunday,True,Low,False,0.0,False
2025-04-06,WH05,S1,18,144,5408,5408,4.694444444444445,10584,51.1,0,48,0.89,94.94,273,5135,2025,4,April,Sunday,True,Low,False,0.0,False
2025-04-06,WH05,S2,17,136,4672,9344,4.294117647058823,9520,49.08,0,37,0.79,96.03,185,4487,2025,4,April,Sunday,True,Low,False,0.0,False
2025-04-06,WH05,S3,14,112,2960,2960,3.3035714285714284,6664,44.42,0,28,0.95,96.45,105,2855,2025,4,April,Sunday,True,Low,False,0.0,False
2025-04-07,WH01,S1,25,200,14048,14048,8.78,17850,78.7,0,130,0.93,96.76,455,13593,2025,4,April,Monday,False,High,False,0.0,False
2025-04-07,WH01,S2,24,192,10792,10792,7.026041666666667,16320,66.13,0,62,0.57,95.79,454,10338,2025,4,April,Monday,False,Normal,False,0.0,False
2025-04-07,WH01,S3,19,152,8928,8928,7.342105263157895,10982,81.3,0,69,0.77,94.99,447,8481,2025,4,April,Monday,False,High,False,0.0,False
2025-04-07,WH02,S1,30,240,17224,51672,8.970833333333333,22680,75.94,0,149,0.87,96.29,639,16585,2025,4,April,Monday,False,High,False,0.0,False
2025-04-07,WH02,S2,28,224,13336,13336,7.441964285714286,20160,66.15,0,124,0.93,93.81,825,12511,2025,4,April,Monday,False,Normal,False,0.0,False
2025-04-07,WH02,S3,22,176,10120,20240,7.1875,13464,75.16,0,68,0.67,95.5,455,9665,2025,4,April,Monday,False,High,False,0.0,False
2025-04-07,WH03,S1,20,160,12352,12352,9.65,12600,98.03,0,122,0.99,98.33,206,12146,2025,4,April,Monday,False,Very High,True,0.0,False
2025-04-07,WH03,S2,19,152,10456,20912,8.598684210526315,11400,91.72,0,109,1.04,96.43,374,10082,2025,4,April,Monday,False,Very High,True,0.0,False
2025-04-07,WH03,S3,15,120,8936,26808,9.308333333333334,7650,116.81,1286,108,1.21,87.98,1074,7862,2025,4,April,Monday,False,Over Capacity,True,14.39,True
2025-04-07,WH04,S1,23,184,12248,24496,8.320652173913043,15842,77.31,0,77,0.63,95.04,607,11641,2025,4,April,Monday,False,High,False,0.0,False
2025-04-07,WH04,S2,22,176,9656,28968,6.857954545454546,14432,66.91,0,68,0.7,97.17,273,9383,2025,4,April,Monday,False,Normal,False,0.0,False
2025-04-07,WH04,S3,17,136,7272,7272,6.6838235294117645,9479,76.72,0,54,0.74,96.12,282,6990,2025,4,April,Monday,False,High,False,0.0,False
2025-04-07,WH05,S1,18,144,10888,10888,9.45138888888889,10584,102.87,304,126,1.16,92.54,812,10076,2025,4,April,Monday,False,Over Capacity,True,2.79,True
2025-04-07,WH05,S2,17,136,7664,7664,7.044117647058823,9520,80.5,0,59,0.77,95.77,324,7340,2025,4,April,Monday,False,High,False,0.0,False
2025-04-07,WH05,S3,14,112,6160,12320,6.875,6664,92.44,0,82,1.33,95.35,287,5873,2025,4,April,Monday,False,Very High,True,0.0,False
2025-04-08,WH01,S1,25,200,13392,13392,8.37,17850,75.03,0,118,0.88,95.61,587,12805,2025,4,April,Tuesday,False,High,False,0.0,False
2025-04-08,WH01,S2,24,192,11432,11432,7.442708333333333,16320,70.05,0,80,0.7,96.35,418,11014,2025,4,April,Tuesday,False,Normal,False,0.0,False
2025-04-08,WH01,S3,19,152,7176,14352,5.901315789473684,10982,65.34,0,51,0.71,95.59,317,6859,2025,4,April,Tuesday,False,Normal,False,0.0,False
2025-04-08,WH02,S1,30,240,13936,41808,7.258333333333334,22680,61.45,0,132,0.95,95.39,643,13293,2025,4,April,Tuesday,False,Normal,False,0.0,False
2025-04-08,WH02,S2,28,224,14424,14424,8.049107142857142,20160,71.55,0,100,0.69,95.96,582,13842,2025,4,April,Tuesday,False,Normal,False,0.0,False
2025-04-08,WH02,S3,22,176,9640,28920,6.846590909090909,13464,71.6,0,67,0.7,95.15,467,9173,2025,4,April,Tuesday,False,Normal,False,0.0,False
2025-04-08,WH03,S1,20,160,12904,25808,10.08125,12600,102.41,304,132,1.02,92.89,917,11987,2025,4,April,Tuesday,False,Over Capacity,True,2.36,True
2025-04-08,WH03,S2,19,152,9552,28656,7.855263157894737,11400,83.79,0,61,0.64,96.74,312,9240,2025,4,April,Tuesday,False,High,False,0.0,False
2025-04-08,WH03,S3,15,120,5712,5712,5.95,7650,74.67,0,49,0.86,97.98,115,5597,2025,4,April,Tuesday,False,Normal,False,0.0,False
2025-04-08,WH04,S1,23,184,10608,31824,7.206521739130435,15842,66.96,0,89,0.84,98.29,182,10426,2025,4,April,Tuesday,False,Normal,False,0.0,False
2025-04-08,WH04,S2,22,176,9672,19344,6.869318181818182,14432,67.02,0,73,0.75,95.78,408,9264,2025,4,April,Tuesday,False,Normal,False,0.0,False
2025-04-08,WH04,S3,17,136,6888,6888,6.330882352941177,9479,72.67,0,51,0.74,96.79,221,6667,2025,4,April,Tuesday,False,Normal,False,0.0,False
2025-04-08,WH05,S1,18,144,8384,8384,7.277777777777778,10584,79.21,0,61,0.73,96.52,292,8092,2025,4,April,Tuesday,False,High,False,0.0,False
2025-04-08,WH05,S2,17,136,7776,7776,7.147058823529412,9520,81.68,0,77,0.99,96.37,282,7494,2025,4,April,Tuesday,False,High,False,0.0,False
2025-04-08,WH05,S3,14,112,6384,12768,7.125,6664,95.8,0,70,1.1,97.39,167,6217,2025,4,April,Tuesday,False,Very High,True,0.0,False
2025-04-09,WH01,S1,25,200,11360,11360,7.1,17850,63.64,0,110,0.97,96.76,368,10992,2025,4,April,Wednesday,False,Normal,False,0.0,False
2025-04-09,WH01,S2,24,192,12304,12304,8.010416666666666,16320,75.39,0,82,0.67,94.94,622,11682,2025,4,April,Wednesday,False,High,False,0.0,False
2025-04-09,WH01,S3,19,152,8904,8904,7.322368421052632,10982,81.08,0,73,0.82,95.56,395,8509,2025,4,April,Wednesday,False,High,False,0.0,False
2025-04-09,WH02,S1,30,240,18040,36080,9.395833333333334,22680,79.54,0,130,0.72,95.55,802,17238,2025,4,April,Wednesday,False,High,False,0.0,False
2025-04-09,WH02,S2,28,224,12704,12704,7.089285714285714,20160,63.02,0,108,0.85,96.79,407,12297,2025,4,April,Wednesday,False,Normal,False,0.0,False
2025-04-09,WH02,S3,22,176,9912,9912,7.039772727272728,13464,73.62,0,65,0.66,95.51,445,9467,2025,4,April,Wednesday,False,Normal,False,0.0,False
2025-04-09,WH03,S1,20,160,10600,31800,8.28125,12600,84.13,0,95,0.9,96.91,327,10273,2025,4,April,Wednesday,False,High,False,0.0,False
2025-04-09,WH03,S2,19,152,8752,8752,7.197368421052632,11400,76.77,0,54,0.62,97.0,263,8489,2025,4,April,Wednesday,False,High,False,0.0,False
2025-04-09,WH03,S3,15,120,7640,7640,7.958333333333333,7650,99.87,0,79,1.03,95.38,353,7287,2025,4,April,Wednesday,False,Very High,True,0.0,False
2025-04-09,WH04,S1,23,184,12112,12112,8.228260869565217,15842,76.45,0,104,0.86,96.03,481,11631,2025,4,April,Wednesday,False,High,False,0.0,False
2025-04-09,WH04,S2,22,176,9464,9464,6.721590909090909,14432,65.58,0,68,0.72,95.38,437,9027,2025,4,April,Wednesday,False,Normal,False,0.0,False
2025-04-09,WH04,S3,17,136,7400,22200,6.801470588235294,9479,78.07,0,51,0.69,94.9,378,7022,2025,4,April,Wednesday,False,High,False,0.0,False
2025-04-09,WH05,S1,18,144,8616,8616,7.479166666666667,10584,81.41,0,80,0.93,95.38,398,8218,2025,4,April,Wednesday,False,High,False,0.0,False
2025-04-09,WH05,S2,17,136,8872,17744,8.154411764705882,9520,93.19,0,116,1.31,96.02,353,8519,2025,4,April,Wednesday,False,Very High,True,0.0,False
2025-04-09,WH05,S3,14,112,5360,16080,5.982142857142857,6664,80.43,0,46,0.86,95.85,223,5137,2025,4,April,Wednesday,False,High,False,0.0,False
2025-04-10,WH01,S1,25,200,12176,24352,7.61,17850,68.21,0,123,1.01,97.21,339,11837,2025,4,April,Thursday,False,Normal,False,0.0,False
2025-04-10,WH01,S2,24,192,10216,20432,6.651041666666667,16320,62.6,0,71,0.69,97.11,295,9921,2025,4,April,Thursday,False,Normal,False,0.0,False
2025-04-10,WH01,S3,19,152,8560,8560,7.039473684210527,10982,77.95,0,90,1.05,95.73,365,8195,2025,4,April,Thursday,False,High,False,0.0,False
2025-04-10,WH02,S1,30,240,15896,15896,8.279166666666667,22680,70.09,0,154,0.97,95.99,637,15259,2025,4,April,Thursday,False,Normal,False,0.0,False
2025-04-10,WH02,S2,28,224,13960,13960,7.790178571428571,20160,69.25,0,118,0.85,95.54,622,13338,2025,4,April,Thursday,False,Normal,False,0.0,False
2025-04-10,WH02,S3,22,176,11144,11144,7.914772727272727,13464,82.77,0,85,0.76,94.6,601,10543,2025,4,April,Thursday,False,High,False,0.0,False
2025-04-10,WH03,S1,20,160,10344,31032,8.08125,12600,82.1,0,109,1.05,96.44,368,9976,2025,4,April,Thursday,False,High,False,0.0,False
2025-04-10,WH03,S2,19,152,10024,10024,8.243421052631579,11400,87.93,0,122,1.22,95.32,469,9555,2025,4,April,Thursday,False,Very High,True,0.0,False
2025-04-10,WH03,S3,15,120,8096,8096,8.433333333333334,7650,105.83,446,93,1.15,91.2,713,7383,2025,4,April,Thursday,False,Over Capacity,True,5.51,True
2025-04-10,WH04,S1,23,184,9976,9976,6.777173913043479,15842,62.97,0,77,0.77,96.06,393,9583,2025,4,April,Thursday,False,Normal,False,0.0,False
2025-04-10,WH04,S2,22,176,11704,11704,8.3125,14432,81.1,0,99,0.85,97.08,342,11362,2025,4,April,Thursday,False,High,False,0.0,False
2025-04-10,WH04,S3,17,136,8600,8600,7.904411764705882,9479,90.73,0,106,1.23,94.1,507,8093,2025,4,April,Thursday,False,Very High,True,0.0,False
2025-04-10,WH05,S1,18,144,8624,17248,7.486111111111111,10584,81.48,0,84,0.97,96.15,332,8292,2025,4,April,Thursday,False,High,False,0.0,False
2025-04-10,WH05,S2,17,136,8440,8440,7.757352941176471,9520,88.66,0,107,1.27,93.88,516,7924,2025,4,April,Thursday,False,Very High,True,0.0,False
2025-04-10,WH05,S3,14,112,5256,5256,5.866071428571429,6664,78.87,0,36,0.68,93.59,337,4919,2025,4,April,Thursday,False,High,False,0.0,False
2025-04-11,WH01,S1,25,200,14656,14656,9.16,17850,82.11,0,111,0.76,96.58,502,14154,2025,4,April,Friday,False,High,False,0.0,False
2025-04-11,WH01,S2,24,192,10016,10016,6.520833333333333,16320,61.37,0,77,0.77,96.66,334,9682,2025,4,April,Friday,False,Normal,False,0.0,False
2025-04-11,WH01,S3,19,152,7200,7200,5.921052631578948,10982,65.56,0,48,0.67,96.67,240,6960,2025,4,April,Friday,False,Normal,False,0.0,False
2025-04-11,WH02,S1,30,240,14256,14256,7.425,22680,62.86,0,94,0.66,94.67,760,13496,2025,4,April,Friday,False,Normal,False,0.0,False
2025-04-11,WH02,S2,28,224,15720,31440,8.772321428571429,20160,77.98,0,114,0.73,97.61,376,15344,2025,4,April,Friday,False,High,False,0.0,False
2025-04-11,WH02,S3,22,176,9872,9872,7.011363636363637,13464,73.32,0,69,0.7,94.88,505,9367,2025,4,April,Friday,False,Normal,False,0.0,False
2025-04-11,WH03,S1,20,160,11248,11248,8.7875,12600,89.27,0,141,1.25,96.55,388,10860,2025,4,April,Friday,False,Very High,True,0.0,False
2025-04-11,WH03,S2,19,152,9416,9416,7.743421052631579,11400,82.6,0,96,1.02,95.89,387,9029,2025,4,April,Friday,False,High,False,0.0,False
2025-04-11,WH03,S3,15,120,6472,6472,6.741666666666666,7650,84.6,0,52,0.8,96.1,253,6219,2025,4,April,Friday,False,High,False,0.0,False
2025-04-11,WH04,S1,23,184,13424,13424,9.119565217391305,15842,84.74,0,117,0.87,94.97,675,12749,2025,4,April,Friday,False,High,False,0.0,False
2025-04-11,WH04,S2,22,176,8592,8592,6.102272727272728,14432,59.53,0,82,0.95,95.95,348,8244,2025,4,April,Friday,False,Low,False,0.0,False
2025-04-11,WH04,S3,17,136,7936,15872,7.294117647058823,9479,83.72,0,80,1.01,94.14,465,7471,2025,4,April,Friday,False,High,False,0.0,False
2025-04-11,WH05,S1,18,144,9624,19248,8.354166666666666,10584,90.93,0,78,0.81,98.12,181,9443,2025,4,April,Friday,False,Very High,True,0.0,False
2025-04-11,WH05,S2,17,136,9296,9296,8.544117647058824,9520,97.65,0,116,1.25,95.48,420,8876,2025,4,April,Friday,False,Very High,True,0.0,False
2025-04-11,WH05,S3,14,112,6488,6488,7.241071428571429,6664,97.36,0,86,1.33,95.84,270,6218,2025,4,April,Friday,False,Very High,True,0.0,False
2025-04-12,WH01,S1,25,200,7480,14960,4.675,17850,41.9,0,45,0.6,94.7,396,7084,2025,4,April,Saturday,False,Low,False,0.0,False
2025-04-12,WH01,S2,24,192,8216,16432,5.348958333333333,16320,50.34,0,60,0.73,95.36,381,7835,2025,4,April,Saturday,False,Low,False,0.0,False
2025-04-12,WH01,S3,19,152,5184,15552,4.2631578947368425,10982,47.2,0,41,0.79,93.94,314,4870,2025,4,April,Saturday,False,Low,False,0.0,False
2025-04-12,WH02,S1,30,240,9872,9872,5.141666666666667,22680,43.53,0,92,0.93,96.03,392,9480,2025,4,April,Saturday,False,Low,False,0.0,False
2025-04-12,WH02,S2,28,224,9048,9048,5.049107142857143,20160,44.88,0,69,0.76,95.08,445,8603,2025,4,April,Saturday,False,Low,False,0.0,False
2025-04-12,WH02,S3,22,176,5904,5904,4.193181818181818,13464,43.85,0,55,0.93,96.92,182,5722,2025,4,April,Saturday,False,Low,False,0.0,False
2025-04-12,WH03,S1,20,160,7064,7064,5.51875,12600,56.06,0,47,0.67,96.39,255,6809,2025,4,April,Saturday,False,Low,False,0.0,False
2025-04-12,WH03,S2,19,152,6304,12608,5.184210526315789,11400,55.3,0,50,0.79,95.61,277,6027,2025,4,April,Saturday,False,Low,False,0.0,False
2025-04-12,WH03,S3,15,120,3664,3664,3.816666666666667,7650,47.9,0,30,0.82,96.83,116,3548,2025,4,April,Saturday,False,Low,False,0.0,False
2025-04-12,WH04,S1,23,184,7096,7096,4.820652173913044,15842,44.79,0,65,0.92,95.98,285,6811,2025,4,April,Saturday,False,Low,False,0.0,False
2025-04-12,WH04,S2,22,176,6792,6792,4.823863636363637,14432,47.06,0,51,0.75,97.56,166,6626,2025,4,April,Saturday,False,Low,False,0.0,False
2025-04-12,WH04,S3,17,136,4976,9952,4.573529411764706,9479,52.49,0,49,0.98,96.8,159,4817,2025,4,April,Saturday,False,Low,False,0.0,False
2025-04-12,WH05,S1,18,144,5280,10560,4.583333333333333,10584,49.89,0,45,0.85,95.2,253,5027,2025,4,April,Saturday,False,Low,False,0.0,False
2025-04-12,WH05,S2,17,136,5120,5120,4.705882352941177,9520,53.78,0,42,0.82,95.03,254,4866,2025,4,April,Saturday,False,Low,False,0.0,False
2025-04-12,WH05,S3,14,112,3792,3792,4.232142857142857,6664,56.9,0,32,0.84,98.95,40,3752,2025,4,April,Saturday,False,Low,False,0.0,False
2025-04-13,WH01,S1,25,200,7000,7000,4.375,17850,39.22,0,54,0.77,96.98,211,6789,2025,4,April,Sunday,True,Low,False,0.0,False
2025-04-13,WH01,S2,24,192,6400,12800,4.166666666666667,16320,39.22,0,45,0.7,94.08,379,6021,2025,4,April,Sunday,True,Low,False,0.0,False
2025-04-13,WH01,S3,19,152,5064,15192,4.164473684210527,10982,46.11,0,56,1.11,95.59,223,4841,2025,4,April,Sunday,True,Low,False,0.0,False
2025-04-13,WH02,S1,30,240,7728,7728,4.025,22680,34.07,0,58,0.75,95.19,372,7356,2025,4,April,Sunday,True,Low,False,0.0,False
2025-04-13,WH02,S2,28,224,8304,8304,4.633928571428571,20160,41.19,0,70,0.84,96.85,261,8043,2025,4,April,Sunday,True,Low,False,0.0,False
2025-04-13,WH02,S3,22,176,5168,10336,3.6704545454545454,13464,38.38,0,35,0.68,94.78,270,4898,2025,4,April,Sunday,True,Low,False,0.0,False
2025-04-13,WH03,S1,20,160,6216,12432,4.85625,12600,49.33,0,48,0.77,95.18,299,5917,2025,4,April,Sunday,True,Low,False,0.0,False
2025-04-13,WH03,S2,19,152,5320,5320,4.375,11400,46.67,0,37,0.7,95.06,263,5057,2025,4,April,Sunday,True,Low,False,0.0,False
2025-04-13,WH03,S3,15,120,3680,3680,3.8333333333333335,7650,48.1,0,30,0.82,95.75,157,3523,2025,4,April,Sunday,True,Low,False,0.0,False
2025-04-13,WH04,S1,23,184,5664,5664,3.847826086956522,15842,35.75,0,44,0.78,95.3,266,5398,2025,4,April,Sunday,True,Low,False,0.0,False
2025-04-13,WH04,S2,22,176,4696,9392,3.335227272727273,14432,32.54,0,37,0.79,97.64,111,4585,2025,4,April,Sunday,True,Low,False,0.0,False
2025-04-13,WH04,S3,17,136,3640,3640,3.3455882352941178,9479,38.4,0,31,0.85,95.72,156,3484,2025,4,April,Sunday,True,Low,False,0.0,False
2025-04-13,WH05,S1,18,144,4928,14784,4.277777777777778,10584,46.56,0,49,0.99,95.38,228,4700,2025,4,April,Sunday,True,Low,False,0.0,False
2025-04-13,WH05,S2,17,136,4640,4640,4.264705882352941,9520,48.74,0,33,0.71,95.58,205,4435,2025,4,April,Sunday,True,Low,False,0.0,False
2025-04-13,WH05,S3,14,112,3600,3600,4.017857142857143,6664,54.02,0,26,0.72,95.53,161,3439,2025,4,April,Sunday,True,Low,False,0.0,False
2025-04-14,WH01,S1,25,200,11936,11936,7.46,17850,66.87,0,70,0.59,96.17,457,11479,2025,4,April,Monday,False,Normal,False,0.0,False
2025-04-14,WH01,S2,24,192,11352,11352,7.390625,16320,69.56,0,55,0.48,95.64,495,10857,2025,4,April,Monday,False,Normal,False,0.0,False
2025-04-14,WH01,S3,19,152,7824,7824,6.434210526315789,10982,71.24,0,61,0.78,96.66,262,7562,2025,4,April,Monday,False,Normal,False,0.0,False
2025-04-14,WH02,S1,30,240,18144,36288,9.45,22680,80.0,0,109,0.6,96.27,676,17468,2025,4,April,Monday,False,High,False,0.0,False
2025-04-14,WH02,S2,28,224,15280,15280,8.526785714285714,20160,75.79,0,132,0.86,97.09,444,14836,2025,4,April,Monday,False,High,False,0.0,False
2025-04-14,WH02,S3,22,176,10336,10336,7.340909090909091,13464,76.77,0,79,0.76,96.92,319,10017,2025,4,April,Monday,False,High,False,0.0,False
2025-04-14,WH03,S1,20,160,11216,11216,8.7625,12600,89.02,0,142,1.27,95.82,469,10747,2025,4,April,Monday,False,Very High,True,0.0,False
2025-04-14,WH03,S2,19,152,10544,21088,8.671052631578947,11400,92.49,0,117,1.11,95.87,435,10109,2025,4,April,Monday,False,Very High,True,0.0,False
2025-04-14,WH03,S3,15,120,6928,13856,7.216666666666667,7650,90.56,0,71,1.02,97.28,189,6739,2025,4,April,Monday,False,Very High,True,0.0,False
2025-04-14,WH04,S1,23,184,13080,13080,8.88586956521739,15842,82.57,0,88,0.67,96.36,476,12604,2025,4,April,Monday,False,High,False,0.0,False
2025-04-14,WH04,S2,22,176,9624,9624,6.8352272727272725,14432,66.69,0,77,0.8,97.09,280,9344,2025,4,April,Monday,False,Normal,False,0.0,False
2025-04-14,WH04,S3,17,136,6664,13328,6.125,9479,70.3,0,54,0.81,94.38,374,6290,2025,4,April,Monday,False,Normal,False,0.0,False
2025-04-14,WH05,S1,18,144,10608,21216,9.208333333333334,10584,100.23,24,70,0.66,94.97,534,10074,2025,4,April,Monday,False,Over Capacity,True,0.23,True
2025-04-14,WH05,S2,17,136,6136,12272,5.639705882352941,9520,64.45,0,60,0.98,95.75,261,5875,2025,4,April,Monday,False,Normal,False,0.0,False
2025-04-14,WH05,S3,14,112,6640,13280,7.410714285714286,6664,99.64,0,81,1.22,96.41,238,6402,2025,4,April,Monday,False,Very High,True,0.0,False
2025-04-15,WH01,S1,25,200,12016,12016,7.51,17850,67.32,0,81,0.67,96.27,448,11568,2025,4,April,Tuesday,False,Normal,False,0.0,False
2025-04-15,WH01,S2,24,192,9968,9968,6.489583333333333,16320,61.08,0,61,0.61,96.82,317,9651,2025,4,April,Tuesday,False,Normal,False,0.0,False
2025-04-15,WH01,S3,19,152,8592,17184,7.065789473684211,10982,78.24,0,71,0.83,95.56,382,8210,2025,4,April,Tuesday,False,High,False,0.0,False
2025-04-15,WH02,S1,30,240,15856,31712,8.258333333333333,22680,69.91,0,149,0.94,97.71,364,15492,2025,4,April,Tuesday,False,Normal,False,0.0,False
2025-04-15,WH02,S2,28,224,11184,22368,6.241071428571429,20160,55.48,0,105,0.94,95.41,514,10670,2025,4,April,Tuesday,False,Low,False,0.0,False
2025-04-15,WH02,S3,22,176,8752,8752,6.215909090909091,13464,65.0,0,101,1.15,96.92,270,8482,2025,4,April,Tuesday,False,Normal,False,0.0,False
2025-04-15,WH03,S1,20,160,10848,10848,8.475,12600,86.1,0,137,1.26,96.17,415,10433,2025,4,April,Tuesday,False,Very High,True,0.0,False
2025-04-15,WH03,S2,19,152,9312,9312,7.657894736842105,11400,81.68,0,59,0.63,96.23,351,8961,2025,4,April,Tuesday,False,High,False,0.0,False
2025-04-15,WH03,S3,15,120,6808,6808,7.091666666666667,7650,88.99,0,66,0.97,94.81,353,6455,2025,4,April,Tuesday,False,Very High,True,0.0,False
2025-04-15,WH04,S1,23,184,11352,11352,7.711956521739131,15842,71.66,0,91,0.8,94.1,670,10682,2025,4,April,Tuesday,False,Normal,False,0.0,False
2025-04-15,WH04,S2,22,176,10920,10920,7.755681818181818,14432,75.67,0,90,0.82,96.79,350,10570,2025,4,April,Tuesday,False,High,False,0.0,False
2025-04-15,WH04,S3,17,136,6960,6960,6.397058823529412,9479,73.43,0,64,0.92,96.46,247,6713,2025,4,April,Tuesday,False,Normal,False,0.0,False
2025-04-15,WH05,S1,18,144,9480,9480,8.229166666666666,10584,89.57,0,125,1.32,94.58,514,8966,2025,4,April,Tuesday,False,Very High,True,0.0,False
2025-04-15,WH05,S2,17,136,8432,8432,7.75,9520,88.57,0,79,0.94,95.77,357,8075,2025,4,April,Tuesday,False,Very High,True,0.0,False
2025-04-15,WH05,S3,14,112,5200,5200,5.803571428571429,6664,78.03,0,54,1.04,97.17,147,5053,2025,4,April,Tuesday,False,High,False,0.0,False
2025-04-16,WH01,S1,25,200,15384,15384,9.615,17850,86.18,0,124,0.81,95.57,682,14702,2025,4,April,Wednesday,False,Very High,True,0.0,False
2025-04-16,WH01,S2,24,192,11544,23088,7.515625,16320,70.74,0,98,0.85,95.12,564,10980,2025,4,April,Wednesday,False,Normal,False,0.0,False
2025-04-16,WH01,S3,19,152,7664,15328,6.302631578947368,10982,69.79,0,67,0.87,94.71,405,7259,2025,4,April,Wednesday,False,Normal,False,0.0,False
2025-04-16,WH02,S1,30,240,16744,16744,8.720833333333333,22680,73.83,0,146,0.87,95.0,837,15907,2025,4,April,Wednesday,False,Normal,False,0.0,False
2025-04-16,WH02,S2,28,224,12992,12992,7.25,20160,64.44,0,103,0.79,94.95,657,12335,2025,4,April,Wednesday,False,Normal,False,0.0,False
2025-04-16,WH02,S3,22,176,9104,9104,6.465909090909091,13464,67.62,0,79,0.87,96.23,343,8761,2025,4,April,Wednesday,False,Normal,False,0.0,False
2025-04-16,WH03,S1,20,160,11464,11464,8.95625,12600,90.98,0,175,1.53,96.3,425,11039,2025,4,April,Wednesday,False,Very High,True,0.0,False
2025-04-16,WH03,S2,19,152,8424,16848,6.927631578947368,11400,73.89,0,84,1.0,95.75,358,8066,2025,4,April,Wednesday,False,Normal,False,0.0,False
2025-04-16,WH03,S3,15,120,6240,6240,6.5,7650,81.57,0,56,0.9,95.68,269,5971,2025,4,April,Wednesday,False,High,False,0.0,False
2025-04-16,WH04,S1,23,184,10552,21104,7.168478260869565,15842,66.61,0,85,0.81,96.82,336,10216,2025,4,April,Wednesday,False,Normal,False,0.0,False
2025-04-16,WH04,S2,22,176,10208,20416,7.25,14432,70.73,0,88,0.86,95.71,437,9771,2025,4,April,Wednesday,False,Normal,False,0.0,False
2025-04-16,WH04,S3,17,136,6616,19848,6.080882352941177,9479,69.8,0,44,0.67,96.6,225,6391,2025,4,April,Wednesday,False,Normal,False,0.0,False
2025-04-16,WH05,S1,18,144,10768,21536,9.34722222222222,10584,101.74,184,94,0.87,96.7,355,10413,2025,4,April,Wednesday,False,Over Capacity,True,1.71,False
2025-04-16,WH05,S2,17,136,8152,16304,7.492647058823529,9520,85.63,0,99,1.21,94.09,482,7670,2025,4,April,Wednesday,False,Very High,True,0.0,False
2025-04-16,WH05,S3,14,112,5480,10960,6.116071428571429,6664,82.23,0,47,0.86,96.07,216,5264,2025,4,April,Wednesday,False,High,False,0.0,False
2025-04-17,WH01,S1,25,200,12144,24288,7.59,17850,68.03,0,109,0.9,95.85,504,11640,2025,4,April,Thursday,False,Normal,False,0.0,False
2025-04-17,WH01,S2,24,192,11816,35448,7.692708333333333,16320,72.4,0,138,1.17,96.18,451,11365,2025,4,April,Thursday,False,Normal,False,0.0,False
2025-04-17,WH01,S3,19,152,6960,13920,5.723684210526316,10982,63.38,0,55,0.79,94.1,411,6549,2025,4,April,Thursday,False,Normal,False,0.0,False
2025-04-17,WH02,S1,30,240,14960,29920,7.791666666666667,22680,65.96,0,133,0.89,94.66,799,14161,2025,4,April,Thursday,False,Normal,False,0.0,False
2025-04-17,WH02,S2,28,224,17504,35008,9.767857142857142,20160,86.83,0,159,0.91,96.16,672,16832,2025,4,April,Thursday,False,Very High,True,0.0,False
2025-04-17,WH02,S3,22,176,9408,9408,6.681818181818182,13464,69.88,0,101,1.07,94.92,478,8930,2025,4,April,Thursday,False,Normal,False,0.0,False
2025-04-17,WH03,S1,20,160,10800,10800,8.4375,12600,85.71,0,130,1.2,96.14,417,10383,2025,4,April,Thursday,False,Very High,True,0.0,False
2025-04-17,WH03,S2,19,152,8248,8248,6.782894736842105,11400,72.35,0,87,1.05,96.18,315,7933,2025,4,April,Thursday,False,Normal,False,0.0,False
2025-04-17,WH03,S3,15,120,5992,11984,6.241666666666666,7650,78.33,0,51,0.85,95.54,267,5725,2025,4,April,Thursday,False,High,False,0.0,False
2025-04-17,WH04,S1,23,184,11024,11024,7.489130434782608,15842,69.59,0,79,0.72,96.49,387,10637,2025,4,April,Thursday,False,Normal,False,0.0,False
2025-04-17,WH04,S2,22,176,12304,12304,8.738636363636363,14432,85.25,0,135,1.1,96.56,424,11880,2025,4,April,Thursday,False,Very High,True,0.0,False
2025-04-17,WH04,S3,17,136,8504,8504,7.8161764705882355,9479,89.71,0,112,1.32,98.32,142,8362,2025,4,April,Thursday,False,Very High,True,0.0,False
2025-04-17,WH05,S1,18,144,9600,9600,8.333333333333334,10584,90.7,0,97,1.01,95.81,403,9197,2025,4,April,Thursday,False,Very High,True,0.0,False
2025-04-17,WH05,S2,17,136,7984,7984,7.338235294117647,9520,83.87,0,65,0.81,97.0,240,7744,2025,4,April,Thursday,False,High,False,0.0,False
2025-04-17,WH05,S3,14,112,6272,18816,7.0,6664,94.12,0,62,0.99,94.97,315,5957,2025,4,April,Thursday,False,Very High,True,0.0,False
2025-04-18,WH01,S1,25,200,13776,27552,8.61,17850,77.18,0,102,0.74,95.15,668,13108,2025,4,April,Friday,False,High,False,0.0,False
2025-04-18,WH01,S2,24,192,13576,27152,8.838541666666666,16320,83.19,0,140,1.03,96.45,482,13094,2025,4,April,Friday,False,High,False,0.0,False
2025-04-18,WH01,S3,19,152,7952,23856,6.539473684210527,10982,72.41,0,71,0.89,97.18,225,7727,2025,4,April,Friday,False,Normal,False,0.0,False
2025-04-18,WH02,S1,30,240,14824,14824,7.720833333333333,22680,65.36,0,83,0.56,93.9,904,13920,2025,4,April,Friday,False,Normal,False,0.0,False
2025-04-18,WH02,S2,28,224,12176,12176,6.794642857142857,20160,60.4,0,129,1.06,94.6,658,11518,2025,4,April,Friday,False,Normal,False,0.0,False
2025-04-18,WH02,S3,22,176,12080,12080,8.579545454545455,13464,89.72,0,135,1.12,96.38,437,11643,2025,4,April,Friday,False,Very High,True,0.0,False
2025-04-18,WH03,S1,20,160,13776,27552,10.7625,12600,109.33,1176,173,1.26,87.31,1748,12028,2025,4,April,Friday,False,Over Capacity,True,8.54,True
2025-04-18,WH03,S2,19,152,9464,9464,7.782894736842105,11400,83.02,0,88,0.93,95.64,413,9051,2025,4,April,Friday,False,High,False,0.0,False
2025-04-18,WH03,S3,15,120,6280,6280,6.541666666666667,7650,82.09,0,55,0.88,95.71,269,6011,2025,4,April,Friday,False,High,False,0.0,False
2025-04-18,WH04,S1,23,184,14912,14912,10.130434782608695,15842,94.13,0,153,1.03,95.5,672,14240,2025,4,April,Friday,False,Very High,True,0.0,False
2025-04-18,WH04,S2,22,176,8616,8616,6.119318181818182,14432,59.7,0,79,0.92,95.58,381,8235,2025,4,April,Friday,False,Low,False,0.0,False
2025-04-18,WH04,S3,17,136,8144,8144,7.485294117647059,9479,85.92,0,95,1.17,95.33,380,7764,2025,4,April,Friday,False,Very High,True,0.0,False
2025-04-18,WH05,S1,18,144,9824,19648,8.527777777777779,10584,92.82,0,122,1.24,94.38,552,9272,2025,4,April,Friday,False,Very High,True,0.0,False
2025-04-18,WH05,S2,17,136,9680,9680,8.897058823529411,9520,101.68,160,115,1.19,95.23,462,9218,2025,4,April,Friday,False,Over Capacity,True,1.65,False
2025-04-18,WH05,S3,14,112,6200,12400,6.919642857142857,6664,93.04,0,50,0.81,94.44,344,5856,2025,4,April,Friday,False,Very High,True,0.0,False
2025-04-19,WH01,S1,25,200,7880,15760,4.925,17850,44.15,0,53,0.67,94.65,422,7458,2025,4,April,Saturday,False,Low,False,0.0,False
2025-04-19,WH01,S2,24,192,7112,14224,4.630208333333333,16320,43.58,0,56,0.79,97.81,156,6956,2025,4,April,Saturday,False,Low,False,0.0,False
2025-04-19,WH01,S3,19,152,4640,13920,3.8157894736842106,10982,42.25,0,36,0.78,95.67,201,4439,2025,4,April,Saturday,False,Low,False,0.0,False
2025-04-19,WH02,S1,30,240,11224,22448,5.845833333333333,22680,49.49,0,88,0.78,96.33,412,10812,2025,4,April,Saturday,False,Low,False,0.0,False
2025-04-19,WH02,S2,28,224,8952,8952,4.995535714285714,20160,44.4,0,64,0.71,95.37,414,8538,2025,4,April,Saturday,False,Low,False,0.0,False
2025-04-19,WH02,S3,22,176,6768,20304,4.806818181818182,13464,50.27,0,56,0.83,95.79,285,6483,2025,4,April,Saturday,False,Low,False,0.0,False
2025-04-19,WH03,S1,20,160,8472,8472,6.61875,12600,67.24,0,73,0.86,95.46,385,8087,2025,4,April,Saturday,False,Normal,False,0.0,False
2025-04-19,WH03,S2,19,152,5760,5760,4.7368421052631575,11400,50.53,0,42,0.73,94.5,317,5443,2025,4,April,Saturday,False,Low,False,0.0,False
2025-04-19,WH03,S3,15,120,3728,7456,3.883333333333333,7650,48.73,0,26,0.7,95.97,150,3578,2025,4,April,Saturday,False,Low,False,0.0,False
2025-04-19,WH04,S1,23,184,7976,7976,5.418478260869565,15842,50.35,0,67,0.84,96.49,280,7696,2025,4,April,Saturday,False,Low,False,0.0,False
2025-04-19,WH04,S2,22,176,6392,6392,4.539772727272728,14432,44.29,0,49,0.77,96.75,208,6184,2025,4,April,Saturday,False,Low,False,0.0,False
2025-04-19,WH04,S3,17,136,4776,4776,4.389705882352941,9479,50.39,0,30,0.63,95.18,230,4546,2025,4,April,Saturday,False,Low,False,0.0,False
2025-04-19,WH05,S1,18,144,6192,12384,5.375,10584,58.5,0,54,0.87,96.03,246,5946,2025,4,April,Saturday,False,Low,False,0.0,False
2025-04-19,WH05,S2,17,136,4624,4624,4.25,9520,48.57,0,38,0.82,94.73,244,4380,2025,4,April,Saturday,False,Low,False,0.0,False
2025-04-19,WH05,S3,14,112,3312,3312,3.696428571428572,6664,49.7,0,29,0.88,96.03,132,3180,2025,4,April,Saturday,False,Low,False,0.0,False
2025-04-20,WH01,S1,25,200,7568,7568,4.73,17850,42.4,0,68,0.9,95.85,314,7254,2025,4,April,Sunday,True,Low,False,0.0,False
2025-04-20,WH01,S2,24,192,6552,19656,4.265625,16320,40.15,0,53,0.81,95.5,295,6257,2025,4,April,Sunday,True,Low,False,0.0,False
2025-04-20,WH01,S3,19,152,4464,13392,3.6710526315789473,10982,40.65,0,34,0.76,95.36,207,4257,2025,4,April,Sunday,True,Low,False,0.0,False
2025-04-20,WH02,S1,30,240,9792,19584,5.1,22680,43.17,0,72,0.74,96.89,304,9488,2025,4,April,Sunday,True,Low,False,0.0,False
2025-04-20,WH02,S2,28,224,7664,22992,4.276785714285714,20160,38.02,0,69,0.9,96.29,285,7379,2025,4,April,Sunday,True,Low,False,0.0,False
2025-04-20,WH02,S3,22,176,4528,13584,3.215909090909091,13464,33.63,0,29,0.64,94.96,228,4300,2025,4,April,Sunday,True,Low,False,0.0,False
2025-04-20,WH03,S1,20,160,6560,19680,5.125,12600,52.06,0,51,0.78,95.74,280,6280,2025,4,April,Sunday,True,Low,False,0.0,False
2025-04-20,WH03,S2,19,152,4624,13872,3.8026315789473686,11400,40.56,0,42,0.91,94.87,237,4387,2025,4,April,Sunday,True,Low,False,0.0,False
2025-04-20,WH03,S3,15,120,4120,12360,4.291666666666667,7650,53.86,0,36,0.87,96.3,153,3967,2025,4,April,Sunday,True,Low,False,0.0,False
2025-04-20,WH04,S1,23,184,5432,5432,3.690217391304348,15842,34.29,0,40,0.74,97.54,134,5298,2025,4,April,Sunday,True,Low,False,0.0,False
2025-04-20,WH04,S2,22,176,4944,4944,3.511363636363636,14432,34.26,0,44,0.89,96.15,191,4753,2025,4,April,Sunday,True,Low,False,0.0,False
2025-04-20,WH04,S3,17,136,3952,3952,3.632352941176471,9479,41.69,0,29,0.73,96.52,138,3814,2025,4,April,Sunday,True,Low,False,0.0,False
2025-04-20,WH05,S1,18,144,4176,8352,3.625,10584,39.46,0,32,0.77,96.72,137,4039,2025,4,April,Sunday,True,Low,False,0.0,False
2025-04-20,WH05,S2,17,136,4352,4352,4.0,9520,45.71,0,33,0.76,96.08,170,4182,2025,4,April,Sunday,True,Low,False,0.0,False
2025-04-20,WH05,S3,14,112,2696,2696,3.008928571428572,6664,40.46,0,20,0.74,96.32,99,2597,2025,4,April,Sunday,True,Low,False,0.0,False
2025-04-21,WH01,S1,25,200,13456,40368,8.41,17850,75.38,0,91,0.68,95.88,555,12901,2025,4,April,Monday,False,High,False,0.0,False
2025-04-21,WH01,S2,24,192,11352,11352,7.390625,16320,69.56,0,76,0.67,95.48,514,10838,2025,4,April,Monday,False,Normal,False,0.0,False
2025-04-21,WH01,S3,19,152,8464,16928,6.9605263157894735,10982,77.07,0,86,1.02,95.27,400,8064,2025,4,April,Monday,False,High,False,0.0,False
2025-04-21,WH02,S1,30,240,14928,14928,7.775,22680,65.82,0,91,0.61,96.94,456,14472,2025,4,April,Monday,False,Normal,False,0.0,False
2025-04-21,WH02,S2,28,224,14192,14192,7.919642857142857,20160,70.4,0,114,0.8,95.43,649,13543,2025,4,April,Monday,False,Normal,False,0.0,False
2025-04-21,WH02,S3,22,176,10368,20736,7.363636363636363,13464,77.01,0,67,0.65,92.74,752,9616,2025,4,April,Monday,False,High,False,0.0,False
2025-04-21,WH03,S1,20,160,11824,23648,9.2375,12600,93.84,0,125,1.06,94.96,595,11229,2025,4,April,Monday,False,Very High,True,0.0,False
2025-04-21,WH03,S2,19,152,9680,9680,7.9605263157894735,11400,84.91,0,71,0.73,95.01,483,9197,2025,4,April,Monday,False,High,False,0.0,False
2025-04-21,WH03,S3,15,120,7032,7032,7.325,7650,91.92,0,88,1.25,95.87,290,6742,2025,4,April,Monday,False,Very High,True,0.0,False
2025-04-21,WH04,S1,23,184,11832,23664,8.03804347826087,15842,74.69,0,97,0.82,96.42,423,11409,2025,4,April,Monday,False,Normal,False,0.0,False
2025-04-21,WH04,S2,22,176,9488,28464,6.738636363636363,14432,65.74,0,74,0.78,96.33,349,9139,2025,4,April,Monday,False,Normal,False,0.0,False
2025-04-21,WH04,S3,17,136,8040,8040,7.389705882352941,9479,84.82,0,63,0.78,94.85,414,7626,2025,4,April,Monday,False,High,False,0.0,False
2025-04-21,WH05,S1,18,144,10248,10248,8.895833333333334,10584,96.83,0,136,1.33,94.56,558,9690,2025,4,April,Monday,False,Very High,True,0.0,False
2025-04-21,WH05,S2,17,136,8056,8056,7.404411764705882,9520,84.62,0,91,1.13,94.8,419,7637,2025,4,April,Monday,False,High,False,0.0,False
2025-04-21,WH05,S3,14,112,5576,11152,6.223214285714286,6664,83.67,0,44,0.79,96.49,195,5381,2025,4,April,Monday,False,High,False,0.0,False
2025-04-22,WH01,S1,25,200,10264,20528,6.415,17850,57.5,0,122,1.19,95.83,428,9836,2025,4,April,Tuesday,False,Low,False,0.0,False
2025-04-22,WH01,S2,24,192,10056,10056,6.546875,16320,61.62,0,63,0.63,95.81,422,9634,2025,4,April,Tuesday,False,Normal,False,0.0,False
2025-04-22,WH01,S3,19,152,8952,8952,7.361842105263157,10982,81.52,0,66,0.74,95.02,446,8506,2025,4,April,Tuesday,False,High,False,0.0,False
2025-04-22,WH02,S1,30,240,13344,26688,6.95,22680,58.84,0,110,0.82,95.35,620,12724,2025,4,April,Tuesday,False,Low,False,0.0,False
2025-04-22,WH02,S2,28,224,15328,15328,8.553571428571429,20160,76.03,0,100,0.65,96.54,530,14798,2025,4,April,Tuesday,False,High,False,0.0,False
2025-04-22,WH02,S3,22,176,9184,9184,6.5227272727272725,13464,68.21,0,83,0.9,95.89,378,8806,2025,4,April,Tuesday,False,Normal,False,0.0,False
2025-04-22,WH03,S1,20,160,9432,9432,7.36875,12600,74.86,0,91,0.96,94.73,498,8934,2025,4,April,Tuesday,False,Normal,False,0.0,False
2025-04-22,WH03,S2,19,152,9440,18880,7.763157894736842,11400,82.81,0,70,0.74,97.47,238,9202,2025,4,April,Tuesday,False,High,False,0.0,False
2025-04-22,WH03,S3,15,120,6688,13376,6.966666666666667,7650,87.42,0,61,0.91,96.51,234,6454,2025,4,April,Tuesday,False,Very High,True,0.0,False
2025-04-22,WH04,S1,23,184,12848,25696,8.728260869565217,15842,81.1,0,122,0.95,99.0,128,12720,2025,4,April,Tuesday,False,High,False,0.0,False
2025-04-22,WH04,S2,22,176,9808,19616,6.965909090909091,14432,67.96,0,72,0.73,96.43,350,9458,2025,4,April,Tuesday,False,Normal,False,0.0,False
2025-04-22,WH04,S3,17,136,6120,6120,5.625,9479,64.56,0,39,0.64,97.45,156,5964,2025,4,April,Tuesday,False,Normal,False,0.0,False
2025-04-22,WH05,S1,18,144,8936,17872,7.756944444444445,10584,84.43,0,80,0.9,98.12,168,8768,2025,4,April,Tuesday,False,High,False,0.0,False
2025-04-22,WH05,S2,17,136,7296,14592,6.705882352941177,9520,76.64,0,69,0.95,97.14,208,7088,2025,4,April,Tuesday,False,High,False,0.0,False
2025-04-22,WH05,S3,14,112,6624,6624,7.392857142857143,6664,99.4,0,66,1.0,96.09,259,6365,2025,4,April,Tuesday,False,Very High,True,0.0,False
2025-04-23,WH01,S1,25,200,10752,32256,6.72,17850,60.24,0,84,0.78,97.79,237,10515,2025,4,April,Wednesday,False,Normal,False,0.0,False
2025-04-23,WH01,S2,24,192,9752,19504,6.348958333333333,16320,59.75,0,47,0.48,95.86,403,9349,2025,4,April,Wednesday,False,Low,False,0.0,False
2025-04-23,WH01,S3,19,152,8248,16496,6.782894736842105,10982,75.1,0,66,0.8,97.53,203,8045,2025,4,April,Wednesday,False,High,False,0.0,False
2025-04-23,WH02,S1,30,240,15072,15072,7.85,22680,66.46,0,114,0.76,95.52,676,14396,2025,4,April,Wednesday,False,Normal,False,0.0,False
2025-04-23,WH02,S2,28,224,14704,44112,8.205357142857142,20160,72.94,0,120,0.82,95.29,693,14011,2025,4,April,Wednesday,False,Normal,False,0.0,False
2025-04-23,WH02,S3,22,176,12096,24192,8.590909090909092,13464,89.84,0,131,1.08,96.94,370,11726,2025,4,April,Wednesday,False,Very High,True,0.0,False
2025-04-23,WH03,S1,20,160,11088,11088,8.6625,12600,88.0,0,142,1.28,94.51,609,10479,2025,4,April,Wednesday,False,Very High,True,0.0,False
2025-04-23,WH03,S2,19,152,9800,9800,8.05921052631579,11400,85.96,0,89,0.91,96.76,317,9483,2025,4,April,Wednesday,False,Very High,True,0.0,False
2025-04-23,WH03,S3,15,120,6272,6272,6.533333333333333,7650,81.99,0,54,0.86,96.36,228,6044,2025,4,April,Wednesday,False,High,False,0.0,False
2025-04-23,WH04,S1,23,184,10696,10696,7.266304347826087,15842,67.52,0,76,0.71,96.48,376,10320,2025,4,April,Wednesday,False,Normal,False,0.0,False
2025-04-23,WH04,S2,22,176,9024,9024,6.409090909090909,14432,62.53,0,65,0.72,95.53,404,8620,2025,4,April,Wednesday,False,Normal,False,0.0,False
2025-04-23,WH04,S3,17,136,7064,7064,6.492647058823529,9479,74.52,0,55,0.78,95.91,289,6775,2025,4,April,Wednesday,False,Normal,False,0.0,False
2025-04-23,WH05,S1,18,144,8520,8520,7.395833333333333,10584,80.5,0,52,0.61,95.42,390,8130,2025,4,April,Wednesday,False,High,False,0.0,False
2025-04-23,WH05,S2,17,136,7096,7096,6.522058823529412,9520,74.54,0,62,0.87,94.08,420,6676,2025,4,April,Wednesday,False,Normal,False,0.0,False
2025-04-23,WH05,S3,14,112,5592,11184,6.241071428571429,6664,83.91,0,50,0.89,94.5,308,5284,2025,4,April,Wednesday,False,High,False,0.0,False
2025-04-24,WH01,S1,25,200,13688,13688,8.555,17850,76.68,0,106,0.77,95.99,549,13139,2025,4,April,Thursday,False,High,False,0.0,False
2025-04-24,WH01,S2,24,192,11800,11800,7.682291666666667,16320,72.3,0,92,0.78,94.71,624,11176,2025,4,April,Thursday,False,Normal,False,0.0,False
2025-04-24,WH01,S3,19,152,8912,26736,7.328947368421052,10982,81.15,0,79,0.89,96.96,271,8641,2025,4,April,Thursday,False,High,False,0.0,False
2025-04-24,WH02,S1,30,240,16464,16464,8.575,22680,72.59,0,147,0.89,95.96,665,15799,2025,4,April,Thursday,False,Normal,False,0.0,False
2025-04-24,WH02,S2,28,224,14344,28688,8.004464285714286,20160,71.15,0,99,0.69,96.2,545,13799,2025,4,April,Thursday,False,Normal,False,0.0,False
2025-04-24,WH02,S3,22,176,9160,9160,6.505681818181818,13464,68.03,0,49,0.53,96.3,339,8821,2025,4,April,Thursday,False,Normal,False,0.0,False
2025-04-24,WH03,S1,20,160,11232,22464,8.775,12600,89.14,0,113,1.01,97.65,264,10968,2025,4,April,Thursday,False,Very High,True,0.0,False
2025-04-24,WH03,S2,19,152,9464,9464,7.782894736842105,11400,83.02,0,61,0.64,95.96,382,9082,2025,4,April,Thursday,False,High,False,0.0,False
2025-04-24,WH03,S3,15,120,7336,7336,7.641666666666667,7650,95.9,0,72,0.98,95.1,359,6977,2025,4,April,Thursday,False,Very High,True,0.0,False
2025-04-24,WH04,S1,23,184,11016,11016,7.483695652173913,15842,69.54,0,92,0.84,96.27,411,10605,2025,4,April,Thursday,False,Normal,False,0.0,False
2025-04-24,WH04,S2,22,176,11776,23552,8.363636363636363,14432,81.6,0,88,0.75,96.88,368,11408,2025,4,April,Thursday,False,High,False,0.0,False
2025-04-24,WH04,S3,17,136,9720,9720,8.933823529411764,9479,102.54,241,142,1.46,92.05,773,8947,2025,4,April,Thursday,False,Over Capacity,True,2.48,True
2025-04-24,WH05,S1,18,144,7920,15840,6.875,10584,74.83,0,47,0.59,95.4,364,7556,2025,4,April,Thursday,False,Normal,False,0.0,False
2025-04-24,WH05,S2,17,136,8808,8808,8.095588235294118,9520,92.52,0,91,1.03,95.01,440,8368,2025,4,April,Thursday,False,Very High,True,0.0,False
2025-04-24,WH05,S3,14,112,5504,5504,6.142857142857143,6664,82.59,0,52,0.94,95.72,235,5269,2025,4,April,Thursday,False,High,False,0.0,False
2025-04-25,WH01,S1,25,200,16192,32384,10.12,17850,90.71,0,193,1.19,98.16,297,15895,2025,4,April,Friday,False,Very High,True,0.0,False
2025-04-25,WH01,S2,24,192,12088,24176,7.869791666666667,16320,74.07,0,107,0.89,95.46,549,11539,2025,4,April,Friday,False,Normal,False,0.0,False
2025-04-25,WH01,S3,19,152,6520,6520,5.3618421052631575,10982,59.37,0,49,0.75,95.99,261,6259,2025,4,April,Friday,False,Low,False,0.0,False
2025-04-25,WH02,S1,30,240,13984,13984,7.283333333333333,22680,61.66,0,107,0.77,95.14,679,13305,2025,4,April,Friday,False,Normal,False,0.0,False
2025-04-25,WH02,S2,28,224,14904,14904,8.316964285714286,20160,73.93,0,144,0.97,94.45,828,14076,2025,4,April,Friday,False,Normal,False,0.0,False
2025-04-25,WH02,S3,22,176,11312,11312,8.034090909090908,13464,84.02,0,98,0.87,96.62,382,10930,2025,4,April,Friday,False,High,False,0.0,False
2025-04-25,WH03,S1,20,160,12288,12288,9.6,12600,97.52,0,134,1.09,94.25,707,11581,2025,4,April,Friday,False,Very High,True,0.0,False
2025-04-25,WH03,S2,19,152,9976,9976,8.203947368421053,11400,87.51,0,107,1.07,95.33,466,9510,2025,4,April,Friday,False,Very High,True,0.0,False
2025-04-25,WH03,S3,15,120,8400,16800,8.75,7650,109.8,750,69,0.82,88.99,924,7476,2025,4,April,Friday,False,Over Capacity,True,8.93,True
2025-04-25,WH04,S1,23,184,12576,12576,8.543478260869565,15842,79.38,0,76,0.6,97.29,340,12236,2025,4,April,Friday,False,High,False,0.0,False
2025-04-25,WH04,S2,22,176,8728,8728,6.198863636363637,14432,60.48,0,74,0.85,97.91,183,8545,2025,4,April,Friday,False,Normal,False,0.0,False
2025-04-25,WH04,S3,17,136,7392,7392,6.794117647058823,9479,77.98,0,59,0.8,94.53,404,6988,2025,4,April,Friday,False,High,False,0.0,False
2025-04-25,WH05,S1,18,144,10000,10000,8.680555555555555,10584,94.48,0,101,1.01,95.45,455,9545,2025,4,April,Friday,False,Very High,True,0.0,False
2025-04-25,WH05,S2,17,136,9440,28320,8.676470588235293,9520,99.16,0,123,1.3,96.64,317,9123,2025,4,April,Friday,False,Very High,True,0.0,False
2025-04-25,WH05,S3,14,112,6280,12560,7.008928571428571,6664,94.24,0,64,1.02,97.52,156,6124,2025,4,April,Friday,False,Very High,True,0.0,False
2025-04-26,WH01,S1,25,200,9296,9296,5.81,17850,52.08,0,81,0.87,95.4,427,8869,2025,4,April,Saturday,False,Low,False,0.0,False
2025-04-26,WH01,S2,24,192,8264,16528,5.380208333333333,16320,50.64,0,65,0.79,97.8,182,8082,2025,4,April,Saturday,False,Low,False,0.0,False
2025-04-26,WH01,S3,19,152,4496,13488,3.697368421052632,10982,40.94,0,33,0.73,96.76,146,4350,2025,4,April,Saturday,False,Low,False,0.0,False
2025-04-26,WH02,S1,30,240,9888,9888,5.15,22680,43.6,0,85,0.86,97.42,255,9633,2025,4,April,Saturday,False,Low,False,0.0,False
2025-04-26,WH02,S2,28,224,8072,8072,4.504464285714286,20160,40.04,0,50,0.62,95.27,382,7690,2025,4,April,Saturday,False,Low,False,0.0,False
2025-04-26,WH02,S3,22,176,6040,12080,4.289772727272728,13464,44.86,0,60,0.99,94.78,315,5725,2025,4,April,Saturday,False,Low,False,0.0,False
2025-04-26,WH03,S1,20,160,7000,7000,5.46875,12600,55.56,0,56,0.8,94.89,357,6643,2025,4,April,Saturday,False,Low,False,0.0,False
2025-04-26,WH03,S2,19,152,5792,5792,4.7631578947368425,11400,50.81,0,37,0.64,96.79,186,5606,2025,4,April,Saturday,False,Low,False,0.0,False
2025-04-26,WH03,S3,15,120,4664,4664,4.858333333333333,7650,60.97,0,42,0.9,97.21,130,4534,2025,4,April,Saturday,False,Normal,False,0.0,False
2025-04-26,WH04,S1,23,184,6520,6520,4.429347826086956,15842,41.16,0,63,0.97,97.01,195,6325,2025,4,April,Saturday,False,Low,False,0.0,False
2025-04-26,WH04,S2,22,176,7816,7816,5.551136363636363,14432,54.16,0,78,1.0,96.34,286,7530,2025,4,April,Saturday,False,Low,False,0.0,False
2025-04-26,WH04,S3,17,136,4480,8960,4.117647058823529,9479,47.26,0,28,0.62,96.23,169,4311,2025,4,April,Saturday,False,Low,False,0.0,False
2025-04-26,WH05,S1,18,144,6008,6008,5.215277777777778,10584,56.76,0,46,0.77,96.5,210,5798,2025,4,April,Saturday,False,Low,False,0.0,False
2025-04-26,WH05,S2,17,136,5384,5384,4.948529411764706,9520,56.55,0,41,0.76,97.71,123,5261,2025,4,April,Saturday,False,Low,False,0.0,False
2025-04-26,WH05,S3,14,112,4344,4344,4.848214285714286,6664,65.19,0,41,0.94,95.36,201,4143,2025,4,April,Saturday,False,Normal,False,0.0,False
2025-04-27,WH01,S1,25,200,8176,16352,5.11,17850,45.8,0,59,0.72,94.88,419,7757,2025,4,April,Sunday,True,Low,False,0.0,False
2025-04-27,WH01,S2,24,192,6288,6288,4.09375,16320,38.53,0,50,0.8,93.91,383,5905,2025,4,April,Sunday,True,Low,False,0.0,False
2025-04-27,WH01,S3,19,152,4680,4680,3.848684210526316,10982,42.62,0,40,0.85,96.25,175,4505,2025,4,April,Sunday,True,Low,False,0.0,False
2025-04-27,WH02,S1,30,240,7760,7760,4.041666666666667,22680,34.22,0,70,0.9,96.0,311,7449,2025,4,April,Sunday,True,Low,False,0.0,False
2025-04-27,WH02,S2,28,224,7120,21360,3.9732142857142856,20160,35.32,0,58,0.81,97.57,173,6947,2025,4,April,Sunday,True,Low,False,0.0,False
2025-04-27,WH02,S3,22,176,5608,11216,3.9829545454545454,13464,41.65,0,64,1.14,96.59,191,5417,2025,4,April,Sunday,True,Low,False,0.0,False
2025-04-27,WH03,S1,20,160,6208,6208,4.85,12600,49.27,0,69,1.11,95.78,262,5946,2025,4,April,Sunday,True,Low,False,0.0,False
2025-04-27,WH03,S2,19,152,4632,4632,3.809210526315789,11400,40.63,0,37,0.8,97.58,112,4520,2025,4,April,Sunday,True,Low,False,0.0,False
2025-04-27,WH03,S3,15,120,3552,7104,3.7,7650,46.43,0,31,0.87,96.34,130,3422,2025,4,April,Sunday,True,Low,False,0.0,False
2025-04-27,WH04,S1,23,184,6040,18120,4.103260869565218,15842,38.13,0,64,1.06,95.48,273,5767,2025,4,April,Sunday,True,Low,False,0.0,False
2025-04-27,WH04,S2,22,176,5280,5280,3.75,14432,36.59,0,40,0.76,95.53,236,5044,2025,4,April,Sunday,True,Low,False,0.0,False
2025-04-27,WH04,S3,17,136,4248,4248,3.904411764705882,9479,44.81,0,36,0.85,95.99,171,4077,2025,4,April,Sunday,True,Low,False,0.0,False
2025-04-27,WH05,S1,18,144,5192,5192,4.506944444444445,10584,49.06,0,35,0.67,96.6,176,5016,2025,4,April,Sunday,True,Low,False,0.0,False
2025-04-27,WH05,S2,17,136,4712,14136,4.330882352941177,9520,49.5,0,41,0.87,96.33,173,4539,2025,4,April,Sunday,True,Low,False,0.0,False
2025-04-27,WH05,S3,14,112,3464,10392,3.866071428571429,6664,51.98,0,21,0.61,96.56,119,3345,2025,4,April,Sunday,True,Low,False,0.0,False
2025-04-28,WH01,S1,25,200,14400,14400,9.0,17850,80.67,0,175,1.22,95.39,664,13736,2025,4,April,Monday,False,High,False,0.0,False
2025-04-28,WH01,S2,24,192,12600,25200,8.203125,16320,77.21,0,77,0.61,96.99,379,12221,2025,4,April,Monday,False,High,False,0.0,False
2025-04-28,WH01,S3,19,152,8320,8320,6.842105263157895,10982,75.76,0,58,0.7,95.59,367,7953,2025,4,April,Monday,False,High,False,0.0,False
2025-04-28,WH02,S1,30,240,14616,29232,7.6125,22680,64.44,0,131,0.9,95.97,590,14026,2025,4,April,Monday,False,Normal,False,0.0,False
2025-04-28,WH02,S2,28,224,13672,27344,7.629464285714286,20160,67.82,0,106,0.78,95.25,649,13023,2025,4,April,Monday,False,Normal,False,0.0,False
2025-04-28,WH02,S3,22,176,10208,10208,7.25,13464,75.82,0,85,0.83,95.19,491,9717,2025,4,April,Monday,False,High,False,0.0,False
2025-04-28,WH03,S1,20,160,12152,12152,9.49375,12600,96.44,0,162,1.33,94.22,702,11450,2025,4,April,Monday,False,Very High,True,0.0,False
2025-04-28,WH03,S2,19,152,9328,18656,7.671052631578948,11400,81.82,0,79,0.85,96.36,339,8989,2025,4,April,Monday,False,High,False,0.0,False
2025-04-28,WH03,S3,15,120,7576,7576,7.891666666666667,7650,99.03,0,101,1.33,96.63,255,7321,2025,4,April,Monday,False,Very High,True,0.0,False
2025-04-28,WH04,S1,23,184,11152,11152,7.576086956521739,15842,70.4,0,86,0.77,96.85,351,10801,2025,4,April,Monday,False,Normal,False,0.0,False
2025-04-28,WH04,S2,22,176,8664,8664,6.153409090909091,14432,60.03,0,72,0.83,96.84,274,8390,2025,4,April,Monday,False,Normal,False,0.0,False
2025-04-28,WH04,S3,17,136,7752,7752,7.125,9479,81.78,0,77,0.99,95.92,316,7436,2025,4,April,Monday,False,High,False,0.0,False
2025-04-28,WH05,S1,18,144,9552,19104,8.291666666666666,10584,90.25,0,98,1.03,95.08,470,9082,2025,4,April,Monday,False,Very High,True,0.0,False
2025-04-28,WH05,S2,17,136,8592,8592,7.897058823529412,9520,90.25,0,93,1.08,96.45,305,8287,2025,4,April,Monday,False,Very High,True,0.0,False
2025-04-28,WH05,S3,14,112,6288,12576,7.017857142857143,6664,94.36,0,59,0.94,94.65,336,5952,2025,4,April,Monday,False,Very High,True,0.0,False
2025-04-29,WH01,S1,25,200,13696,13696,8.56,17850,76.73,0,83,0.61,96.39,494,13202,2025,4,April,Tuesday,False,High,False,0.0,False
2025-04-29,WH01,S2,24,192,11992,11992,7.807291666666667,16320,73.48,0,105,0.88,96.84,379,11613,2025,4,April,Tuesday,False,Normal,False,0.0,False
2025-04-29,WH01,S3,19,152,7888,23664,6.4868421052631575,10982,71.83,0,55,0.7,97.22,219,7669,2025,4,April,Tuesday,False,Normal,False,0.0,False
2025-04-29,WH02,S1,30,240,15288,30576,7.9625,22680,67.41,0,120,0.78,95.9,627,14661,2025,4,April,Tuesday,False,Normal,False,0.0,False
2025-04-29,WH02,S2,28,224,14280,42840,7.96875,20160,70.83,0,116,0.81,95.94,579,13701,2025,4,April,Tuesday,False,Normal,False,0.0,False
2025-04-29,WH02,S3,22,176,9248,9248,6.568181818181818,13464,68.69,0,72,0.78,95.54,412,8836,2025,4,April,Tuesday,False,Normal,False,0.0,False
2025-04-29,WH03,S1,20,160,10672,10672,8.3375,12600,84.7,0,61,0.57,96.32,392,10280,2025,4,April,Tuesday,False,High,False,0.0,False
2025-04-29,WH03,S2,19,152,9584,28752,7.881578947368421,11400,84.07,0,76,0.79,96.01,382,9202,2025,4,April,Tuesday,False,High,False,0.0,False
2025-04-29,WH03,S3,15,120,6680,6680,6.958333333333333,7650,87.32,0,75,1.12,96.03,265,6415,2025,4,April,Tuesday,False,Very High,True,0.0,False
2025-04-29,WH04,S1,23,184,14552,14552,9.88586956521739,15842,91.86,0,189,1.3,95.96,587,13965,2025,4,April,Tuesday,False,Very High,True,0.0,False
2025-04-29,WH04,S2,22,176,10416,10416,7.397727272727272,14432,72.17,0,76,0.73,96.22,394,10022,2025,4,April,Tuesday,False,Normal,False,0.0,False
2025-04-29,WH04,S3,17,136,7440,7440,6.838235294117647,9479,78.49,0,69,0.93,95.84,310,7130,2025,4,April,Tuesday,False,High,False,0.0,False
2025-04-29,WH05,S1,18,144,8728,8728,7.576388888888889,10584,82.46,0,65,0.74,95.02,435,8293,2025,4,April,Tuesday,False,High,False,0.0,False
2025-04-29,WH05,S2,17,136,7832,15664,7.198529411764706,9520,82.27,0,47,0.6,94.39,439,7393,2025,4,April,Tuesday,False,High,False,0.0,False
2025-04-29,WH05,S3,14,112,5128,5128,5.723214285714286,6664,76.95,0,36,0.7,96.87,161,4967,2025,4,April,Tuesday,False,High,False,0.0,False
2025-04-30,WH01,S1,25,200,12976,12976,8.11,17850,72.69,0,112,0.86,95.63,566,12410,2025,4,April,Wednesday,False,Normal,False,0.0,False
2025-04-30,WH01,S2,24,192,10008,10008,6.515625,16320,61.32,0,79,0.79,94.81,519,9489,2025,4,April,Wednesday,False,Normal,False,0.0,False
2025-04-30,WH01,S3,19,152,7600,22800,6.25,10982,69.2,0,53,0.7,97.21,212,7388,2025,4,April,Wednesday,False,Normal,False,0.0,False
2025-04-30,WH02,S1,30,240,14328,28656,7.4625,22680,63.17,0,120,0.84,95.48,647,13681,2025,4,April,Wednesday,False,Normal,False,0.0,False
2025-04-30,WH02,S2,28,224,14976,14976,8.357142857142858,20160,74.29,0,81,0.54,95.25,712,14264,2025,4,April,Wednesday,False,Normal,False,0.0,False
2025-04-30,WH02,S3,22,176,9056,9056,6.431818181818182,13464,67.26,0,80,0.88,95.05,448,8608,2025,4,April,Wednesday,False,Normal,False,0.0,False
2025-04-30,WH03,S1,20,160,11712,35136,9.15,12600,92.95,0,111,0.95,96.6,398,11314,2025,4,April,Wednesday,False,Very High,True,0.0,False
2025-04-30,WH03,S2,19,152,8128,24384,6.684210526315789,11400,71.3,0,62,0.76,95.09,399,7729,2025,4,April,Wednesday,False,Normal,False,0.0,False
2025-04-30,WH03,S3,15,120,6328,6328,6.591666666666667,7650,82.72,0,58,0.92,96.29,235,6093,2025,4,April,Wednesday,False,High,False,0.0,False
2025-04-30,WH04,S1,23,184,11128,11128,7.559782608695652,15842,70.24,0,97,0.87,98.34,184,10944,2025,4,April,Wednesday,False,Normal,False,0.0,False
2025-04-30,WH04,S2,22,176,10928,10928,7.761363636363637,14432,75.72,0,100,0.92,95.99,438,10490,2025,4,April,Wednesday,False,High,False,0.0,False
2025-04-30,WH04,S3,17,136,6792,6792,6.242647058823529,9479,71.65,0,65,0.96,95.8,285,6507,2025,4,April,Wednesday,False,Normal,False,0.0,False
2025-04-30,WH05,S1,18,144,9840,9840,8.541666666666666,10584,92.97,0,90,0.91,96.71,324,9516,2025,4,April,Wednesday,False,Very High,True,0.0,False
2025-04-30,WH05,S2,17,136,8816,8816,8.102941176470589,9520,92.61,0,83,0.94,95.17,426,8390,2025,4,April,Wednesday,False,Very High,True,0.0,False
2025-04-30,WH05,S3,14,112,6136,6136,6.848214285714286,6664,92.08,0,66,1.08,96.86,193,5943,2025,4,April,Wednesday,False,Very High,True,0.0,False
2025-05-01,WH01,S1,25,200,15000,30000,9.375,17850,84.03,0,130,0.87,95.67,649,14351,2025,5,May,Thursday,False,High,False,0.0,False
2025-05-01,WH01,S2,24,192,12168,12168,7.921875,16320,74.56,0,81,0.67,95.61,534,11634,2025,5,May,Thursday,False,Normal,False,0.0,False
2025-05-01,WH01,S3,19,152,8016,16032,6.592105263157895,10982,72.99,0,62,0.77,95.35,372,7644,2025,5,May,Thursday,False,Normal,False,0.0,False
2025-05-01,WH02,S1,30,240,16288,16288,8.483333333333333,22680,71.82,0,106,0.65,97.22,453,15835,2025,5,May,Thursday,False,Normal,False,0.0,False
2025-05-01,WH02,S2,28,224,15904,15904,8.875,20160,78.89,0,114,0.72,97.79,352,15552,2025,5,May,Thursday,False,High,False,0.0,False
2025-05-01,WH02,S3,22,176,9176,18352,6.517045454545454,13464,68.15,0,79,0.86,94.32,521,8655,2025,5,May,Thursday,False,Normal,False,0.0,False
2025-05-01,WH03,S1,20,160,12504,25008,9.76875,12600,99.24,0,113,0.9,94.81,649,11855,2025,5,May,Thursday,False,Very High,True,0.0,False
2025-05-01,WH03,S2,19,152,9872,9872,8.118421052631579,11400,86.6,0,113,1.14,96.53,343,9529,2025,5,May,Thursday,False,Very High,True,0.0,False
2025-05-01,WH03,S3,15,120,6976,13952,7.266666666666667,7650,91.19,0,75,1.08,95.65,304,6672,2025,5,May,Thursday,False,Very High,True,0.0,False
2025-05-01,WH04,S1,23,184,13464,13464,9.146739130434783,15842,84.99,0,127,0.94,96.67,448,13016,2025,5,May,Thursday,False,High,False,0.0,False
2025-05-01,WH04,S2,22,176,9432,28296,6.698863636363637,14432,65.35,0,87,0.92,94.85,486,8946,2025,5,May,Thursday,False,Normal,False,0.0,False
2025-05-01,WH04,S3,17,136,7336,7336,6.742647058823529,9479,77.39,0,49,0.67,95.24,349,6987,2025,5,May,Thursday,False,High,False,0.0,False
2025-05-01,WH05,S1,18,144,10240,10240,8.88888888888889,10584,96.75,0,101,0.99,97.72,234,10006,2025,5,May,Thursday,False,Very High,True,0.0,False
2025-05-01,WH05,S2,17,136,9280,9280,8.529411764705882,9520,97.48,0,124,1.34,96.7,306,8974,2025,5,May,Thursday,False,Very High,True,0.0,False
2025-05-01,WH05,S3,14,112,5512,5512,6.151785714285714,6664,82.71,0,36,0.65,95.45,251,5261,2025,5,May,Thursday,False,High,False,0.0,False
2025-05-02,WH01,S1,25,200,15096,15096,9.435,17850,84.57,0,115,0.76,96.36,550,14546,2025,5,May,Friday,False,High,False,0.0,False
2025-05-02,WH01,S2,24,192,13416,26832,8.734375,16320,82.21,0,84,0.63,95.29,632,12784,2025,5,May,Friday,False,High,False,0.0,False
2025-05-02,WH01,S3,19,152,8896,17792,7.315789473684211,10982,81.01,0,72,0.81,95.4,409,8487,2025,5,May,Friday,False,High,False,0.0,False
2025-05-02,WH02,S1,30,240,15696,31392,8.175,22680,69.21,0,139,0.89,94.02,938,14758,2025,5,May,Friday,False,Normal,False,0.0,False
2025-05-02,WH02,S2,28,224,13864,27728,7.736607142857143,20160,68.77,0,122,0.88,97.31,373,13491,2025,5,May,Friday,False,Normal,False,0.0,False
2025-05-02,WH02,S3,22,176,11952,11952,8.488636363636363,13464,88.77,0,92,0.77,94.52,655,11297,2025,5,May,Friday,False,Very High,True,0.0,False
2025-05-02,WH03,S1,20,160,13200,13200,10.3125,12600,104.76,600,163,1.23,89.2,1426,11774,2025,5,May,Friday,False,Over Capacity,True,4.55,True
2025-05-02,WH03,S2,19,152,12336,12336,10.144736842105264,11400,108.21,936,155,1.26,87.5,1541,10795,2025,5,May,Friday,False,Over Capacity,True,7.59,True
2025-05-02,WH03,S3,15,120,8432,8432,8.783333333333333,7650,110.22,782,100,1.19,88.84,941,7491,2025,5,May,Friday,False,Over Capacity,True,9.27,True
2025-05-02,WH04,S1,23,184,14776,14776,10.03804347826087,15842,93.27,0,201,1.36,95.94,600,14176,2025,5,May,Friday,False,Very High,True,0.0,False
2025-05-02,WH04,S2,22,176,13224,13224,9.392045454545457,14432,91.63,0,142,1.07,97.99,265,12959,2025,5,May,Friday,False,Very High,True,0.0,False
2025-05-02,WH04,S3,17,136,9872,9872,9.073529411764708,9479,104.15,393,82,0.83,93.49,642,9230,2025,5,May,Friday,False,Over Capacity,True,3.98,True
2025-05-02,WH05,S1,18,144,9128,9128,7.923611111111111,10584,86.24,0,103,1.13,95.43,417,8711,2025,5,May,Friday,False,Very High,True,0.0,False
2025-05-02,WH05,S2,17,136,9736,29208,8.948529411764707,9520,102.27,216,110,1.13,91.68,810,8926,2025,5,May,Friday,False,Over Capacity,True,2.22,True
2025-05-02,WH05,S3,14,112,6792,6792,7.580357142857143,6664,101.92,128,61,0.9,95.94,276,6516,2025,5,May,Friday,False,Over Capacity,True,1.88,False
2025-05-03,WH01,S1,25,200,8440,16880,5.275,17850,47.28,0,78,0.92,94.74,444,7996,2025,5,May,Saturday,False,Low,False,0.0,False
2025-05-03,WH01,S2,24,192,8664,17328,5.640625,16320,53.09,0,88,1.02,96.8,277,8387,2025,5,May,Saturday,False,Low,False,0.0,False
2025-05-03,WH01,S3,19,152,6056,12112,4.980263157894737,10982,55.14,0,59,0.97,95.49,273,5783,2025,5,May,Saturday,False,Low,False,0.0,False
2025-05-03,WH02,S1,30,240,9208,18416,4.795833333333333,22680,40.6,0,68,0.74,95.1,452,8756,2025,5,May,Saturday,False,Low,False,0.0,False
2025-05-03,WH02,S2,28,224,8224,8224,4.589285714285714,20160,40.79,0,55,0.67,97.82,179,8045,2025,5,May,Saturday,False,Low,False,0.0,False
2025-05-03,WH02,S3,22,176,6056,6056,4.301136363636363,13464,44.98,0,34,0.56,95.29,285,5771,2025,5,May,Saturday,False,Low,False,0.0,False
2025-05-03,WH03,S1,20,160,6040,6040,4.71875,12600,47.94,0,51,0.84,95.26,286,5754,2025,5,May,Saturday,False,Low,False,0.0,False
2025-05-03,WH03,S2,19,152,7008,14016,5.7631578947368425,11400,61.47,0,55,0.78,94.76,367,6641,2025,5,May,Saturday,False,Normal,False,0.0,False
2025-05-03,WH03,S3,15,120,4456,4456,4.641666666666667,7650,58.25,0,45,1.01,95.32,209,4247,2025,5,May,Saturday,False,Low,False,0.0,False
2025-05-03,WH04,S1,23,184,7384,14768,5.016304347826087,15842,46.61,0,52,0.7,96.79,237,7147,2025,5,May,Saturday,False,Low,False,0.0,False
2025-05-03,WH04,S2,22,176,7496,14992,5.323863636363637,14432,51.94,0,57,0.76,96.14,289,7207,2025,5,May,Saturday,False,Low,False,0.0,False
2025-05-03,WH04,S3,17,136,5248,5248,4.823529411764706,9479,55.36,0,41,0.78,94.9,267,4981,2025,5,May,Saturday,False,Low,False,0.0,False
2025-05-03,WH05,S1,18,144,5464,5464,4.743055555555555,10584,51.63,0,45,0.82,97.27,149,5315,2025,5,May,Saturday,False,Low,False,0.0,False
2025-05-03,WH05,S2,17,136,4792,9584,4.404411764705882,9520,50.34,0,38,0.79,96.47,169,4623,2025,5,May,Saturday,False,Low,False,0.0,False
2025-05-03,WH05,S3,14,112,3512,3512,3.919642857142857,6664,52.7,0,33,0.94,97.64,83,3429,2025,5,May,Saturday,False,Low,False,0.0,False
2025-05-04,WH01,S1,25,200,7456,7456,4.66,17850,41.77,0,43,0.58,96.85,235,7221,2025,5,May,Sunday,True,Low,False,0.0,False
2025-05-04,WH01,S2,24,192,6360,19080,4.140625,16320,38.97,0,54,0.85,95.32,298,6062,2025,5,May,Sunday,True,Low,False,0.0,False
2025-05-04,WH01,S3,19,152,3984,3984,3.276315789473684,10982,36.28,0,35,0.88,94.34,226,3758,2025,5,May,Sunday,True,Low,False,0.0,False
2025-05-04,WH02,S1,30,240,9408,28224,4.9,22680,41.48,0,62,0.66,95.69,406,9002,2025,5,May,Sunday,True,Low,False,0.0,False
2025-05-04,WH02,S2,28,224,8512,8512,4.75,20160,42.22,0,78,0.92,97.5,213,8299,2025,5,May,Sunday,True,Low,False,0.0,False
2025-05-04,WH02,S3,22,176,5776,11552,4.102272727272728,13464,42.9,0,38,0.66,95.02,288,5488,2025,5,May,Sunday,True,Low,False,0.0,False
2025-05-04,WH03,S1,20,160,5576,11152,4.35625,12600,44.25,0,51,0.91,96.43,199,5377,2025,5,May,Sunday,True,Low,False,0.0,False
2025-05-04,WH03,S2,19,152,5640,5640,4.6381578947368425,11400,49.47,0,36,0.64,95.92,230,5410,2025,5,May,Sunday,True,Low,False,0.0,False
2025-05-04,WH03,S3,15,120,3848,7696,4.008333333333334,7650,50.3,0,28,0.73,94.55,210,3638,2025,5,May,Sunday,True,Low,False,0.0,False
2025-05-04,WH04,S1,23,184,6824,13648,4.635869565217392,15842,43.08,0,40,0.59,96.15,263,6561,2025,5,May,Sunday,True,Low,False,0.0,False
2025-05-04,WH04,S2,22,176,6008,12016,4.267045454545454,14432,41.63,0,38,0.63,96.11,234,5774,2025,5,May,Sunday,True,Low,False,0.0,False
2025-05-04,WH04,S3,17,136,4864,9728,4.470588235294118,9479,51.31,0,44,0.9,95.31,228,4636,2025,5,May,Sunday,True,Low,False,0.0,False
2025-05-04,WH05,S1,18,144,5400,5400,4.6875,10584,51.02,0,34,0.63,93.53,349,5051,2025,5,May,Sunday,True,Low,False,0.0,False
2025-05-04,WH05,S2,17,136,4920,4920,4.522058823529412,9520,51.68,0,45,0.91,95.4,226,4694,2025,5,May,Sunday,True,Low,False,0.0,False
2025-05-04,WH05,S3,14,112,3304,3304,3.6875,6664,49.58,0,26,0.79,97.12,95,3209,2025,5,May,Sunday,True,Low,False,0.0,False
2025-05-05,WH01,S1,25,200,15272,15272,9.545,17850,85.56,0,129,0.84,95.67,661,14611,2025,5,May,Monday,False,Very High,True,0.0,False
2025-05-05,WH01,S2,24,192,13416,13416,8.734375,16320,82.21,0,100,0.75,95.73,574,12842,2025,5,May,Monday,False,High,False,0.0,False
2025-05-05,WH01,S3,19,152,8256,8256,6.789473684210527,10982,75.18,0,65,0.79,94.12,486,7770,2025,5,May,Monday,False,High,False,0.0,False
2025-05-05,WH02,S1,30,240,17136,34272,8.925,22680,75.56,0,122,0.71,97.42,442,16694,2025,5,May,Monday,False,High,False,0.0,False
2025-05-05,WH02,S2,28,224,16136,32272,9.004464285714286,20160,80.04,0,134,0.83,96.31,596,15540,2025,5,May,Monday,False,High,False,0.0,False
2025-05-05,WH02,S3,22,176,10656,10656,7.568181818181818,13464,79.14,0,84,0.79,94.26,612,10044,2025,5,May,Monday,False,High,False,0.0,False
2025-05-05,WH03,S1,20,160,12408,12408,9.69375,12600,98.48,0,140,1.13,97.0,372,12036,2025,5,May,Monday,False,Very High,True,0.0,False
2025-05-05,WH03,S2,19,152,11408,11408,9.38157894736842,11400,100.07,8,115,1.01,96.63,385,11023,2025,5,May,Monday,False,Over Capacity,True,0.07,False
2025-05-05,WH03,S3,15,120,7216,7216,7.516666666666667,7650,94.33,0,75,1.04,97.38,189,7027,2025,5,May,Monday,False,Very High,True,0.0,False
2025-05-05,WH04,S1,23,184,13744,13744,9.33695652173913,15842,86.76,0,141,1.03,95.84,572,13172,2025,5,May,Monday,False,Very High,True,0.0,False
2025-05-05,WH04,S2,22,176,12912,12912,9.170454545454543,14432,89.47,0,150,1.16,95.29,608,12304,2025,5,May,Monday,False,Very High,True,0.0,False
2025-05-05,WH04,S3,17,136,7888,15776,7.25,9479,83.22,0,64,0.81,95.15,383,7505,2025,5,May,Monday,False,High,False,0.0,False
2025-05-05,WH05,S1,18,144,10224,20448,8.875,10584,96.6,0,108,1.06,94.06,607,9617,2025,5,May,Monday,False,Very High,True,0.0,False
2025-05-05,WH05,S2,17,136,9368,9368,8.610294117647058,9520,98.4,0,90,0.96,96.56,322,9046,2025,5,May,Monday,False,Very High,True,0.0,False
2025-05-05,WH05,S3,14,112,5784,5784,6.455357142857143,6664,86.79,0,63,1.09,95.47,262,5522,2025,5,May,Monday,False,Very High,True,0.0,False
2025-05-06,WH01,S1,25,200,12984,12984,8.115,17850,72.74,0,130,1.0,96.86,408,12576,2025,5,May,Tuesday,False,Normal,False,0.0,False
2025-05-06,WH01,S2,24,192,11800,11800,7.682291666666667,16320,72.3,0,125,1.06,95.68,509,11291,2025,5,May,Tuesday,False,Normal,False,0.0,False
2025-05-06,WH01,S3,19,152,7752,15504,6.375,10982,70.59,0,59,0.76,96.7,256,7496,2025,5,May,Tuesday,False,Normal,False,0.0,False
2025-05-06,WH02,S1,30,240,15680,15680,8.166666666666666,22680,69.14,0,115,0.73,96.64,526,15154,2025,5,May,Tuesday,False,Normal,False,0.0,False
2025-05-06,WH02,S2,28,224,16216,16216,9.049107142857142,20160,80.44,0,115,0.71,96.18,620,15596,2025,5,May,Tuesday,False,High,False,0.0,False
2025-05-06,WH02,S3,22,176,9696,9696,6.886363636363637,13464,72.01,0,58,0.6,94.42,541,9155,2025,5,May,Tuesday,False,Normal,False,0.0,False
2025-05-06,WH03,S1,20,160,10184,10184,7.95625,12600,80.83,0,94,0.92,95.97,410,9774,2025,5,May,Tuesday,False,High,False,0.0,False
2025-05-06,WH03,S2,19,152,10080,20160,8.289473684210526,11400,88.42,0,96,0.95,96.16,387,9693,2025,5,May,Tuesday,False,Very High,True,0.0,False
2025-05-06,WH03,S3,15,120,6664,13328,6.941666666666666,7650,87.11,0,90,1.35,96.69,221,6443,2025,5,May,Tuesday,False,Very High,True,0.0,False
2025-05-06,WH04,S1,23,184,11336,22672,7.701086956521739,15842,71.56,0,96,0.85,96.54,392,10944,2025,5,May,Tuesday,False,Normal,False,0.0,False
2025-05-06,WH04,S2,22,176,10552,31656,7.494318181818182,14432,73.12,0,89,0.84,96.32,388,10164,2025,5,May,Tuesday,False,Normal,False,0.0,False
2025-05-06,WH04,S3,17,136,7504,7504,6.897058823529412,9479,79.16,0,64,0.85,94.75,394,7110,2025,5,May,Tuesday,False,High,False,0.0,False
2025-05-06,WH05,S1,18,144,9352,18704,8.118055555555555,10584,88.36,0,89,0.95,96.76,303,9049,2025,5,May,Tuesday,False,Very High,True,0.0,False
2025-05-06,WH05,S2,17,136,8416,8416,7.735294117647059,9520,88.4,0,108,1.28,95.72,360,8056,2025,5,May,Tuesday,False,Very High,True,0.0,False
2025-05-06,WH05,S3,14,112,5712,5712,6.375,6664,85.71,0,55,0.96,97.0,171,5541,2025,5,May,Tuesday,False,Very High,True,0.0,False
2025-05-07,WH01,S1,25,200,13600,27200,8.5,17850,76.19,0,137,1.01,96.6,463,13137,2025,5,May,Wednesday,False,High,False,0.0,False
2025-05-07,WH01,S2,24,192,12856,12856,8.369791666666666,16320,78.77,0,97,0.75,95.29,605,12251,2025,5,May,Wednesday,False,High,False,0.0,False
2025-05-07,WH01,S3,19,152,8312,16624,6.8355263157894735,10982,75.69,0,87,1.05,96.62,281,8031,2025,5,May,Wednesday,False,High,False,0.0,False
2025-05-07,WH02,S1,30,240,14784,14784,7.7,22680,65.19,0,160,1.08,95.91,605,14179,2025,5,May,Wednesday,False,Normal,False,0.0,False
2025-05-07,WH02,S2,28,224,13576,27152,7.575892857142857,20160,67.34,0,115,0.85,95.14,660,12916,2025,5,May,Wednesday,False,Normal,False,0.0,False
2025-05-07,WH02,S3,22,176,9144,18288,6.494318181818182,13464,67.91,0,59,0.65,96.43,327,8817,2025,5,May,Wednesday,False,Normal,False,0.0,False
2025-05-07,WH03,S1,20,160,11104,33312,8.675,12600,88.13,0,100,0.9,95.64,484,10620,2025,5,May,Wednesday,False,Very High,True,0.0,False
2025-05-07,WH03,S2,19,152,9472,9472,7.7894736842105265,11400,83.09,0,75,0.79,98.45,147,9325,2025,5,May,Wednesday,False,High,False,0.0,False
2025-05-07,WH03,S3,15,120,7184,7184,7.483333333333333,7650,93.91,0,83,1.16,97.32,193,6991,2025,5,May,Wednesday,False,Very High,True,0.0,False
2025-05-07,WH04,S1,23,184,11648,34944,7.913043478260869,15842,73.53,0,93,0.8,95.06,575,11073,2025,5,May,Wednesday,False,Normal,False,0.0,False
2025-05-07,WH04,S2,22,176,9848,9848,6.994318181818182,14432,68.24,0,94,0.95,97.54,242,9606,2025,5,May,Wednesday,False,Normal,False,0.0,False
2025-05-07,WH04,S3,17,136,7528,7528,6.919117647058823,9479,79.42,0,64,0.85,96.29,279,7249,2025,5,May,Wednesday,False,High,False,0.0,False
2025-05-07,WH05,S1,18,144,8432,16864,7.319444444444445,10584,79.67,0,61,0.72,94.53,461,7971,2025,5,May,Wednesday,False,High,False,0.0,False
2025-05-07,WH05,S2,17,136,7480,14960,6.875,9520,78.57,0,67,0.9,98.19,136,7344,2025,5,May,Wednesday,False,High,False,0.0,False
2025-05-07,WH05,S3,14,112,6216,6216,6.9375,6664,93.28,0,76,1.22,97.02,185,6031,2025,5,May,Wednesday,False,Very High,True,0.0,False
2025-05-08,WH01,S1,25,200,15064,45192,9.415,17850,84.39,0,111,0.74,96.81,480,14584,2025,5,May,Thursday,False,High,False,0.0,False
2025-05-08,WH01,S2,24,192,16376,16376,10.661458333333334,16320,100.34,56,147,0.9,94.88,839,15537,2025,5,May,Thursday,False,Over Capacity,True,0.34,True
2025-05-08,WH01,S3,19,152,9264,9264,7.618421052631579,10982,84.36,0,63,0.68,95.19,446,8818,2025,5,May,Thursday,False,High,False,0.0,False
2025-05-08,WH02,S1,30,240,15496,15496,8.070833333333333,22680,68.32,0,131,0.85,95.43,707,14789,2025,5,May,Thursday,False,Normal,False,0.0,False
2025-05-08,WH02,S2,28,224,14336,14336,8.0,20160,71.11,0,125,0.87,96.62,485,13851,2025,5,May,Thursday,False,Normal,False,0.0,False
2025-05-08,WH02,S3,22,176,10176,10176,7.227272727272727,13464,75.58,0,61,0.6,96.11,396,9780,2025,5,May,Thursday,False,High,False,0.0,False
2025-05-08,WH03,S1,20,160,11584,23168,9.05,12600,91.94,0,159,1.37,94.74,610,10974,2025,5,May,Thursday,False,Very High,True,0.0,False
2025-05-08,WH03,S2,19,152,11912,11912,9.796052631578949,11400,104.49,512,110,0.92,88.24,1401,10511,2025,5,May,Thursday,False,Over Capacity,True,4.3,True
2025-05-08,WH03,S3,15,120,6920,6920,7.208333333333333,7650,90.46,0,79,1.14,94.71,366,6554,2025,5,May,Thursday,False,Very High,True,0.0,False
2025-05-08,WH04,S1,23,184,9912,9912,6.733695652173913,15842,62.57,0,69,0.7,94.51,544,9368,2025,5,May,Thursday,False,Normal,False,0.0,False
2025-05-08,WH04,S2,22,176,9560,9560,6.789772727272728,14432,66.24,0,101,1.06,95.36,443,9117,2025,5,May,Thursday,False,Normal,False,0.0,False
2025-05-08,WH04,S3,17,136,7520,7520,6.911764705882353,9479,79.33,0,61,0.81,98.14,140,7380,2025,5,May,Thursday,False,High,False,0.0,False
2025-05-08,WH05,S1,18,144,11080,22160,9.618055555555555,10584,104.69,496,125,1.13,92.07,879,10201,2025,5,May,Thursday,False,Over Capacity,True,4.48,True
2025-05-08,WH05,S2,17,136,9936,19872,9.132352941176473,9520,104.37,416,103,1.04,91.13,881,9055,2025,5,May,Thursday,False,Over Capacity,True,4.19,True
2025-05-08,WH05,S3,14,112,5776,11552,6.446428571428571,6664,86.67,0,55,0.95,97.34,154,5622,2025,5,May,Thursday,False,Very High,True,0.0,False
2025-05-09,WH01,S1,25,200,13512,13512,8.445,17850,75.7,0,106,0.78,97.45,344,13168,2025,5,May,Friday,False,High,False,0.0,False
2025-05-09,WH01,S2,24,192,11304,33912,7.359375,16320,69.26,0,100,0.88,95.73,482,10822,2025,5,May,Friday,False,Normal,False,0.0,False
2025-05-09,WH01,S3,19,152,10384,31152,8.539473684210526,10982,94.55,0,129,1.24,95.68,449,9935,2025,5,May,Friday,False,Very High,True,0.0,False
2025-05-09,WH02,S1,30,240,19400,58200,10.104166666666666,22680,85.54,0,244,1.26,96.81,619,18781,2025,5,May,Friday,False,Very High,True,0.0,False
2025-05-09,WH02,S2,28,224,15488,15488,8.642857142857142,20160,76.83,0,120,0.77,94.79,807,14681,2025,5,May,Friday,False,High,False,0.0,False
2025-05-09,WH02,S3,22,176,12200,12200,8.664772727272727,13464,90.61,0,125,1.02,96.68,405,11795,2025,5,May,Friday,False,Very High,True,0.0,False
2025-05-09,WH03,S1,20,160,13928,41784,10.88125,12600,110.54,1328,154,1.11,88.96,1537,12391,2025,5,May,Friday,False,Over Capacity,True,9.53,True
2025-05-09,WH03,S2,19,152,11176,11176,9.19078947368421,11400,98.04,0,134,1.2,95.22,534,10642,2025,5,May,Friday,False,Very High,True,0.0,False
2025-05-09,WH03,S3,15,120,7912,15824,8.241666666666667,7650,103.42,262,102,1.29,90.68,738,7174,2025,5,May,Friday,False,Over Capacity,True,3.31,True
2025-05-09,WH04,S1,23,184,12496,24992,8.48913043478261,15842,78.88,0,109,0.87,97.73,284,12212,2025,5,May,Friday,False,High,False,0.0,False
2025-05-09,WH04,S2,22,176,12024,36072,8.539772727272727,14432,83.31,0,94,0.78,95.97,485,11539,2025,5,May,Friday,False,High,False,0.0,False
2025-05-09,WH04,S3,17,136,9496,9496,8.727941176470589,9479,100.18,17,103,1.08,96.76,307,9189,2025,5,May,Friday,False,Over Capacity,True,0.18,False
2025-05-09,WH05,S1,18,144,9960,9960,8.645833333333334,10584,94.1,0,128,1.29,96.78,321,9639,2025,5,May,Friday,False,Very High,True,0.0,False
2025-05-09,WH05,S2,17,136,9792,29376,9.0,9520,102.86,272,106,1.08,93.28,658,9134,2025,5,May,Friday,False,Over Capacity,True,2.78,True
2025-05-09,WH05,S3,14,112,5368,5368,5.991071428571429,6664,80.55,0,41,0.76,98.43,84,5284,2025,5,May,Friday,False,High,False,0.0,False
2025-05-10,WH01,S1,25,200,8648,17296,5.405,17850,48.45,0,70,0.81,97.59,208,8440,2025,5,May,Saturday,False,Low,False,0.0,False
2025-05-10,WH01,S2,24,192,7504,7504,4.885416666666667,16320,45.98,0,56,0.75,93.55,484,7020,2025,5,May,Saturday,False,Low,False,0.0,False
2025-05-10,WH01,S3,19,152,5152,5152,4.2368421052631575,10982,46.91,0,37,0.72,96.52,179,4973,2025,5,May,Saturday,False,Low,False,0.0,False
2025-05-10,WH02,S1,30,240,10624,21248,5.533333333333333,22680,46.84,0,94,0.88,96.53,369,10255,2025,5,May,Saturday,False,Low,False,0.0,False
2025-05-10,WH02,S2,28,224,9048,18096,5.049107142857143,20160,44.88,0,72,0.8,95.77,383,8665,2025,5,May,Saturday,False,Low,False,0.0,False
2025-05-10,WH02,S3,22,176,7000,14000,4.971590909090909,13464,51.99,0,49,0.7,96.75,228,6772,2025,5,May,Saturday,False,Low,False,0.0,False
2025-05-10,WH03,S1,20,160,6480,12960,5.0625,12600,51.43,0,50,0.77,97.72,148,6332,2025,5,May,Saturday,False,Low,False,0.0,False
2025-05-10,WH03,S2,19,152,7000,7000,5.756578947368421,11400,61.4,0,65,0.93,94.28,401,6599,2025,5,May,Saturday,False,Normal,False,0.0,False
2025-05-10,WH03,S3,15,120,5224,5224,5.441666666666666,7650,68.29,0,43,0.82,96.14,202,5022,2025,5,May,Saturday,False,Normal,False,0.0,False
2025-05-10,WH04,S1,23,184,7864,7864,5.342391304347826,15842,49.64,0,72,0.92,94.65,421,7443,2025,5,May,Saturday,False,Low,False,0.0,False
2025-05-10,WH04,S2,22,176,8216,8216,5.8352272727272725,14432,56.93,0,57,0.69,94.85,424,7792,2025,5,May,Saturday,False,Low,False,0.0,False
2025-05-10,WH04,S3,17,136,5064,5064,4.654411764705882,9479,53.42,0,42,0.83,95.66,220,4844,2025,5,May,Saturday,False,Low,False,0.0,False
2025-05-10,WH05,S1,18,144,6176,12352,5.361111111111111,10584,58.35,0,40,0.65,98.01,123,6053,2025,5,May,Saturday,False,Low,False,0.0,False
2025-05-10,WH05,S2,17,136,5368,5368,4.9338235294117645,9520,56.39,0,43,0.8,96.44,191,5177,2025,5,May,Saturday,False,Low,False,0.0,False
2025-05-10,WH05,S3,14,112,3432,3432,3.830357142857143,6664,51.5,0,23,0.67,96.27,128,3304,2025,5,May,Saturday,False,Low,False,0.0,False
2025-05-11,WH01,S1,25,200,6560,6560,4.1,17850,36.75,0,47,0.72,95.24,312,6248,2025,5,May,Sunday,True,Low,False,0.0,False
2025-05-11,WH01,S2,24,192,6856,13712,4.463541666666667,16320,42.01,0,66,0.96,96.69,227,6629,2025,5,May,Sunday,True,Low,False,0.0,False
2025-05-11,WH01,S3,19,152,4736,9472,3.8947368421052633,10982,43.13,0,51,1.08,96.75,154,4582,2025,5,May,Sunday,True,Low,False,0.0,False
2025-05-11,WH02,S1,30,240,8344,25032,4.345833333333333,22680,36.79,0,68,0.81,96.85,263,8081,2025,5,May,Sunday,True,Low,False,0.0,False
2025-05-11,WH02,S2,28,224,7464,7464,4.165178571428571,20160,37.02,0,56,0.75,96.07,293,7171,2025,5,May,Sunday,True,Low,False,0.0,False
2025-05-11,WH02,S3,22,176,6488,6488,4.607954545454546,13464,48.19,0,62,0.96,94.35,367,6121,2025,5,May,Sunday,True,Low,False,0.0,False
2025-05-11,WH03,S1,20,160,6248,12496,4.88125,12600,49.59,0,43,0.69,96.85,197,6051,2025,5,May,Sunday,True,Low,False,0.0,False
2025-05-11,WH03,S2,19,152,5600,11200,4.605263157894737,11400,49.12,0,33,0.59,95.26,265,5335,2025,5,May,Sunday,True,Low,False,0.0,False
2025-05-11,WH03,S3,15,120,4424,8848,4.608333333333333,7650,57.83,0,37,0.84,97.41,115,4309,2025,5,May,Sunday,True,Low,False,0.0,False
2025-05-11,WH04,S1,23,184,7856,7856,5.336956521739131,15842,49.59,0,61,0.78,95.79,330,7526,2025,5,May,Sunday,True,Low,False,0.0,False
2025-05-11,WH04,S2,22,176,4936,4936,3.5056818181818183,14432,34.2,0,50,1.01,97.35,131,4805,2025,5,May,Sunday,True,Low,False,0.0,False
2025-05-11,WH04,S3,17,136,4656,9312,4.279411764705882,9479,49.12,0,44,0.95,96.23,175,4481,2025,5,May,Sunday,True,Low,False,0.0,False
2025-05-11,WH05,S1,18,144,4848,4848,4.208333333333333,10584,45.8,0,45,0.93,95.65,211,4637,2025,5,May,Sunday,True,Low,False,0.0,False
2025-05-11,WH05,S2,17,136,5072,5072,4.661764705882353,9520,53.28,0,43,0.85,97.21,142,4930,2025,5,May,Sunday,True,Low,False,0.0,False
2025-05-11,WH05,S3,14,112,3576,7152,3.991071428571429,6664,53.66,0,32,0.89,93.96,216,3360,2025,5,May,Sunday,True,Low,False,0.0,False
2025-05-12,WH01,S1,25,200,13744,41232,8.59,17850,77.0,0,91,0.66,94.62,740,13004,2025,5,May,Monday,False,High,False,0.0,False
2025-05-12,WH01,S2,24,192,12328,12328,8.026041666666666,16320,75.54,0,96,0.78,96.28,458,11870,2025,5,May,Monday,False,High,False,0.0,False
2025-05-12,WH01,S3,19,152,8528,17056,7.0131578947368425,10982,77.65,0,58,0.68,97.3,230,8298,2025,5,May,Monday,False,High,False,0.0,False
2025-05-12,WH02,S1,30,240,17560,35120,9.145833333333334,22680,77.43,0,123,0.7,97.5,440,17120,2025,5,May,Monday,False,High,False,0.0,False
2025-05-12,WH02,S2,28,224,11984,23968,6.6875,20160,59.44,0,84,0.7,96.47,423,11561,2025,5,May,Monday,False,Low,False,0.0,False
2025-05-12,WH02,S3,22,176,12048,24096,8.556818181818182,13464,89.48,0,186,1.54,97.61,288,11760,2025,5,May,Monday,False,Very High,True,0.0,False
2025-05-12,WH03,S1,20,160,12400,12400,9.6875,12600,98.41,0,187,1.51,94.94,627,11773,2025,5,May,Monday,False,Very High,True,0.0,False
2025-05-12,WH03,S2,19,152,9928,19856,8.164473684210526,11400,87.09,0,125,1.26,96.93,305,9623,2025,5,May,Monday,False,Very High,True,0.0,False
2025-05-12,WH03,S3,15,120,7288,7288,7.591666666666667,7650,95.27,0,66,0.91,96.13,282,7006,2025,5,May,Monday,False,Very High,True,0.0,False
2025-05-12,WH04,S1,23,184,13432,13432,9.125,15842,84.79,0,86,0.64,96.82,427,13005,2025,5,May,Monday,False,High,False,0.0,False
2025-05-12,WH04,S2,22,176,12640,12640,8.977272727272727,14432,87.58,0,131,1.04,95.57,560,12080,2025,5,May,Monday,False,Very High,True,0.0,False
2025-05-12,WH04,S3,17,136,7928,15856,7.286764705882353,9479,83.64,0,83,1.05,95.89,326,7602,2025,5,May,Monday,False,High,False,0.0,False
2025-05-12,WH05,S1,18,144,9192,9192,7.979166666666667,10584,86.85,0,92,1.0,95.66,399,8793,2025,5,May,Monday,False,Very High,True,0.0,False
2025-05-12,WH05,S2,17,136,7272,14544,6.6838235294117645,9520,76.39,0,65,0.89,96.1,284,6988,2025,5,May,Monday,False,High,False,0.0,False
2025-05-12,WH05,S3,14,112,5904,5904,6.589285714285714,6664,88.6,0,61,1.03,95.9,242,5662,2025,5,May,Monday,False,Very High,True,0.0,False
2025-05-13,WH01,S1,25,200,13000,26000,8.125,17850,72.83,0,113,0.87,97.66,304,12696,2025,5,May,Tuesday,False,Normal,False,0.0,False
2025-05-13,WH01,S2,24,192,13024,26048,8.479166666666666,16320,79.8,0,95,0.73,96.87,408,12616,2025,5,May,Tuesday,False,High,False,0.0,False
2025-05-13,WH01,S3,19,152,9144,9144,7.519736842105263,10982,83.26,0,101,1.1,96.38,331,8813,2025,5,May,Tuesday,False,High,False,0.0,False
2025-05-13,WH02,S1,30,240,15880,15880,8.270833333333334,22680,70.02,0,101,0.64,93.02,1109,14771,2025,5,May,Tuesday,False,Normal,False,0.0,False
2025-05-13,WH02,S2,28,224,14192,42576,7.919642857142857,20160,70.4,0,95,0.67,96.26,531,13661,2025,5,May,Tuesday,False,Normal,False,0.0,False
2025-05-13,WH02,S3,22,176,9680,9680,6.875,13464,71.9,0,94,0.97,94.55,528,9152,2025,5,May,Tuesday,False,Normal,False,0.0,False
2025-05-13,WH03,S1,20,160,12224,12224,9.55,12600,97.02,0,124,1.01,98.21,219,12005,2025,5,May,Tuesday,False,Very High,True,0.0,False
2025-05-13,WH03,S2,19,152,9040,9040,7.434210526315789,11400,79.3,0,61,0.67,97.01,271,8769,2025,5,May,Tuesday,False,High,False,0.0,False
2025-05-13,WH03,S3,15,120,6992,6992,7.283333333333333,7650,91.4,0,58,0.83,96.82,222,6770,2025,5,May,Tuesday,False,Very High,True,0.0,False
2025-05-13,WH04,S1,23,184,11024,11024,7.489130434782608,15842,69.59,0,84,0.76,95.84,459,10565,2025,5,May,Tuesday,False,Normal,False,0.0,False
2025-05-13,WH04,S2,22,176,10096,10096,7.170454545454546,14432,69.96,0,83,0.82,94.32,573,9523,2025,5,May,Tuesday,False,Normal,False,0.0,False
2025-05-13,WH04,S3,17,136,8816,8816,8.102941176470589,9479,93.01,0,132,1.5,95.64,385,8431,2025,5,May,Tuesday,False,Very High,True,0.0,False
2025-05-13,WH05,S1,18,144,9104,9104,7.902777777777778,10584,86.02,0,92,1.01,95.78,384,8720,2025,5,May,Tuesday,False,Very High,True,0.0,False
2025-05-13,WH05,S2,17,136,8056,16112,7.404411764705882,9520,84.62,0,65,0.81,96.91,249,7807,2025,5,May,Tuesday,False,High,False,0.0,False
2025-05-13,WH05,S3,14,112,6216,6216,6.9375,6664,93.28,0,58,0.93,96.24,234,5982,2025,5,May,Tuesday,False,Very High,True,0.0,False
2025-05-14,WH01,S1,25,200,16224,16224,10.14,17850,90.89,0,133,0.82,95.66,705,15519,2025,5,May,Wednesday,False,Very High,True,0.0,False
2025-05-14,WH01,S2,24,192,10328,10328,6.723958333333333,16320,63.28,0,84,0.81,95.96,417,9911,2025,5,May,Wednesday,False,Normal,False,0.0,False
2025-05-14,WH01,S3,19,152,7328,7328,6.026315789473684,10982,66.73,0,62,0.85,93.68,463,6865,2025,5,May,Wednesday,False,Normal,False,0.0,False
2025-05-14,WH02,S1,30,240,17176,17176,8.945833333333333,22680,75.73,0,158,0.92,96.94,525,16651,2025,5,May,Wednesday,False,High,False,0.0,False
2025-05-14,WH02,S2,28,224,12416,37248,6.928571428571429,20160,61.59,0,126,1.01,93.81,768,11648,2025,5,May,Wednesday,False,Normal,False,0.0,False
2025-05-14,WH02,S3,22,176,10672,21344,7.579545454545454,13464,79.26,0,83,0.78,97.2,299,10373,2025,5,May,Wednesday,False,High,False,0.0,False
2025-05-14,WH03,S1,20,160,10384,20768,8.1125,12600,82.41,0,114,1.1,95.32,486,9898,2025,5,May,Wednesday,False,High,False,0.0,False
2025-05-14,WH03,S2,19,152,8832,17664,7.263157894736842,11400,77.47,0,85,0.96,95.95,358,8474,2025,5,May,Wednesday,False,High,False,0.0,False
2025-05-14,WH03,S3,15,120,6576,6576,6.85,7650,85.96,0,99,1.51,97.0,197,6379,2025,5,May,Wednesday,False,Very High,True,0.0,False
2025-05-14,WH04,S1,23,184,12256,36768,8.326086956521738,15842,77.36,0,105,0.86,97.67,286,11970,2025,5,May,Wednesday,False,High,False,0.0,False
2025-05-14,WH04,S2,22,176,11376,11376,8.079545454545455,14432,78.82,0,92,0.81,94.58,616,10760,2025,5,May,Wednesday,False,High,False,0.0,False
2025-05-14,WH04,S3,17,136,7216,14432,6.632352941176471,9479,76.13,0,63,0.87,95.59,318,6898,2025,5,May,Wednesday,False,High,False,0.0,False
2025-05-14,WH05,S1,18,144,7744,7744,6.722222222222222,10584,73.17,0,64,0.83,95.45,352,7392,2025,5,May,Wednesday,False,Normal,False,0.0,False
2025-05-14,WH05,S2,17,136,8480,8480,7.794117647058823,9520,89.08,0,79,0.93,97.04,251,8229,2025,5,May,Wednesday,False,Very High,True,0.0,False
2025-05-14,WH05,S3,14,112,5920,17760,6.607142857142857,6664,88.84,0,63,1.06,97.1,172,5748,2025,5,May,Wednesday,False,Very High,True,0.0,False
2025-05-15,WH01,S1,25,200,13608,13608,8.505,17850,76.24,0,98,0.72,96.96,414,13194,2025,5,May,Thursday,False,High,False,0.0,False
2025-05-15,WH01,S2,24,192,12168,24336,7.921875,16320,74.56,0,112,0.92,96.92,375,11793,2025,5,May,Thursday,False,Normal,False,0.0,False
2025-05-15,WH01,S3,19,152,8760,8760,7.203947368421052,10982,79.77,0,73,0.83,96.24,330,8430,2025,5,May,Thursday,False,High,False,0.0,False
2025-05-15,WH02,S1,30,240,15160,30320,7.895833333333333,22680,66.84,0,136,0.9,96.02,603,14557,2025,5,May,Thursday,False,Normal,False,0.0,False
2025-05-15,WH02,S2,28,224,14784,29568,8.25,20160,73.33,0,70,0.47,95.36,686,14098,2025,5,May,Thursday,False,Normal,False,0.0,False
2025-05-15,WH02,S3,22,176,10168,10168,7.221590909090909,13464,75.52,0,74,0.73,96.32,374,9794,2025,5,May,Thursday,False,High,False,0.0,False
2025-05-15,WH03,S1,20,160,12424,24848,9.70625,12600,98.6,0,171,1.38,96.17,475,11949,2025,5,May,Thursday,False,Very High,True,0.0,False
2025-05-15,WH03,S2,19,152,11808,35424,9.710526315789474,11400,103.58,408,152,1.29,93.31,790,11018,2025,5,May,Thursday,False,Over Capacity,True,3.46,True
2025-05-15,WH03,S3,15,120,7768,7768,8.091666666666667,7650,101.54,118,78,1.0,95.92,317,7451,2025,5,May,Thursday,False,Over Capacity,True,1.52,False
2025-05-15,WH04,S1,23,184,12688,25376,8.619565217391305,15842,80.09,0,90,0.71,95.86,525,12163,2025,5,May,Thursday,False,High,False,0.0,False
2025-05-15,WH04,S2,22,176,10200,10200,7.244318181818182,14432,70.68,0,82,0.8,96.46,362,9838,2025,5,May,Thursday,False,Normal,False,0.0,False
2025-05-15,WH04,S3,17,136,7144,21432,6.566176470588236,9479,75.37,0,66,0.92,95.1,350,6794,2025,5,May,Thursday,False,High,False,0.0,False
2025-05-15,WH05,S1,18,144,10872,10872,9.4375,10584,102.72,288,79,0.73,92.32,835,10037,2025,5,May,Thursday,False,Over Capacity,True,2.65,True
2025-05-15,WH05,S2,17,136,8032,8032,7.382352941176471,9520,84.37,0,70,0.87,93.64,511,7521,2025,5,May,Thursday,False,High,False,0.0,False
2025-05-15,WH05,S3,14,112,5688,5688,6.348214285714286,6664,85.35,0,74,1.3,96.25,214,5474,2025,5,May,Thursday,False,Very High,True,0.0,False
2025-05-16,WH01,S1,25,200,14552,14552,9.095,17850,81.52,0,126,0.87,97.29,394,14158,2025,5,May,Friday,False,High,False,0.0,False
2025-05-16,WH01,S2,24,192,14120,14120,9.192708333333334,16320,86.52,0,182,1.29,94.41,789,13331,2025,5,May,Friday,False,Very High,True,0.0,False
2025-05-16,WH01,S3,19,152,10120,10120,8.322368421052632,10982,92.15,0,99,0.98,94.4,567,9553,2025,5,May,Friday,False,Very High,True,0.0,False
2025-05-16,WH02,S1,30,240,17680,17680,9.208333333333334,22680,77.95,0,166,0.94,94.55,963,16717,2025,5,May,Friday,False,High,False,0.0,False
2025-05-16,WH02,S2,28,224,17784,35568,9.924107142857142,20160,88.21,0,200,1.12,95.65,774,17010,2025,5,May,Friday,False,Very High,True,0.0,False
2025-05-16,WH02,S3,22,176,11800,11800,8.380681818181818,13464,87.64,0,123,1.04,95.97,476,11324,2025,5,May,Friday,False,Very High,True,0.0,False
2025-05-16,WH03,S1,20,160,12368,12368,9.6625,12600,98.16,0,126,1.02,96.29,459,11909,2025,5,May,Friday,False,Very High,True,0.0,False
2025-05-16,WH03,S2,19,152,12712,12712,10.453947368421051,11400,111.51,1312,158,1.24,88.79,1424,11288,2025,5,May,Friday,False,Over Capacity,True,10.32,True
2025-05-16,WH03,S3,15,120,8520,17040,8.875,7650,111.37,870,83,0.97,88.83,952,7568,2025,5,May,Friday,False,Over Capacity,True,10.21,True
2025-05-16,WH04,S1,23,184,11648,34944,7.913043478260869,15842,73.53,0,82,0.7,96.67,388,11260,2025,5,May,Friday,False,Normal,False,0.0,False
2025-05-16,WH04,S2,22,176,9272,9272,6.5852272727272725,14432,64.25,0,98,1.06,96.25,347,8925,2025,5,May,Friday,False,Normal,False,0.0,False
2025-05-16,WH04,S3,17,136,9968,9968,9.161764705882351,9479,105.16,489,117,1.17,91.79,818,9150,2025,5,May,Friday,False,Over Capacity,True,4.91,True
2025-05-16,WH05,S1,18,144,11024,11024,9.569444444444445,10584,104.16,440,92,0.83,92.68,807,10217,2025,5,May,Friday,False,Over Capacity,True,3.99,True
2025-05-16,WH05,S2,17,136,9096,9096,8.360294117647058,9520,95.55,0,126,1.39,95.74,387,8709,2025,5,May,Friday,False,Very High,True,0.0,False
2025-05-16,WH05,S3,14,112,6472,19416,7.223214285714286,6664,97.12,0,94,1.45,95.54,289,6183,2025,5,May,Friday,False,Very High,True,0.0,False
2025-05-17,WH01,S1,25,200,8704,8704,5.44,17850,48.76,0,71,0.82,96.2,331,8373,2025,5,May,Saturday,False,Low,False,0.0,False
2025-05-17,WH01,S2,24,192,8328,16656,5.421875,16320,51.03,0,48,0.58,97.14,238,8090,2025,5,May,Saturday,False,Low,False,0.0,False
2025-05-17,WH01,S3,19,152,5024,5024,4.131578947368421,10982,45.75,0,40,0.8,96.83,159,4865,2025,5,May,Saturday,False,Low,False,0.0,False
2025-05-17,WH02,S1,30,240,11304,11304,5.8875,22680,49.84,0,104,0.92,96.46,400,10904,2025,5,May,Saturday,False,Low,False,0.0,False
2025-05-17,WH02,S2,28,224,10784,10784,6.017857142857143,20160,53.49,0,106,0.98,97.15,307,10477,2025,5,May,Saturday,False,Low,False,0.0,False
2025-05-17,WH02,S3,22,176,6960,13920,4.943181818181818,13464,51.69,0,59,0.85,97.86,149,6811,2025,5,May,Saturday,False,Low,False,0.0,False
2025-05-17,WH03,S1,20,160,6752,6752,5.275,12600,53.59,0,47,0.7,97.25,186,6566,2025,5,May,Saturday,False,Low,False,0.0,False
2025-05-17,WH03,S2,19,152,6584,6584,5.414473684210527,11400,57.75,0,53,0.8,94.95,332,6252,2025,5,May,Saturday,False,Low,False,0.0,False
2025-05-17,WH03,S3,15,120,4568,4568,4.758333333333334,7650,59.71,0,35,0.77,96.09,179,4389,2025,5,May,Saturday,False,Low,False,0.0,False
2025-05-17,WH04,S1,23,184,8328,24984,5.657608695652174,15842,52.57,0,70,0.84,94.68,443,7885,2025,5,May,Saturday,False,Low,False,0.0,False
2025-05-17,WH04,S2,22,176,6632,13264,4.7102272727272725,14432,45.95,0,43,0.65,96.49,233,6399,2025,5,May,Saturday,False,Low,False,0.0,False
2025-05-17,WH04,S3,17,136,4792,9584,4.404411764705882,9479,50.55,0,34,0.71,95.95,194,4598,2025,5,May,Saturday,False,Low,False,0.0,False
2025-05-17,WH05,S1,18,144,6080,12160,5.277777777777778,10584,57.45,0,38,0.62,95.72,260,5820,2025,5,May,Saturday,False,Low,False,0.0,False
2025-05-17,WH05,S2,17,136,5712,5712,5.25,9520,60.0,0,47,0.82,96.07,224,5488,2025,5,May,Saturday,False,Normal,False,0.0,False
2025-05-17,WH05,S3,14,112,3992,3992,4.455357142857143,6664,59.9,0,32,0.8,96.88,125,3867,2025,5,May,Saturday,False,Low,False,0.0,False
2025-05-18,WH01,S1,25,200,7520,15040,4.7,17850,42.13,0,62,0.82,96.93,231,7289,2025,5,May,Sunday,True,Low,False,0.0,False
2025-05-18,WH01,S2,24,192,5728,5728,3.7291666666666665,16320,35.1,0,41,0.72,97.75,129,5599,2025,5,May,Sunday,True,Low,False,0.0,False
2025-05-18,WH01,S3,19,152,3872,11616,3.1842105263157894,10982,35.26,0,26,0.67,97.93,80,3792,2025,5,May,Sunday,True,Low,False,0.0,False
2025-05-18,WH02,S1,30,240,8800,17600,4.583333333333333,22680,38.8,0,59,0.67,96.91,272,8528,2025,5,May,Sunday,True,Low,False,0.0,False
2025-05-18,WH02,S2,28,224,6808,6808,3.799107142857143,20160,33.77,0,63,0.93,96.5,238,6570,2025,5,May,Sunday,True,Low,False,0.0,False
2025-05-18,WH02,S3,22,176,4280,4280,3.039772727272727,13464,31.79,0,31,0.72,95.11,209,4071,2025,5,May,Sunday,True,Low,False,0.0,False
2025-05-18,WH03,S1,20,160,6104,6104,4.76875,12600,48.44,0,49,0.8,95.12,298,5806,2025,5,May,Sunday,True,Low,False,0.0,False
2025-05-18,WH03,S2,19,152,5032,5032,4.1381578947368425,11400,44.14,0,32,0.64,96.36,183,4849,2025,5,May,Sunday,True,Low,False,0.0,False
2025-05-18,WH03,S3,15,120,4080,8160,4.25,7650,53.33,0,26,0.64,94.52,224,3856,2025,5,May,Sunday,True,Low,False,0.0,False
2025-05-18,WH04,S1,23,184,5288,10576,3.592391304347826,15842,33.38,0,41,0.78,96.32,194,5094,2025,5,May,Sunday,True,Low,False,0.0,False
2025-05-18,WH04,S2,22,176,5792,5792,4.113636363636363,14432,40.13,0,49,0.85,95.77,245,5547,2025,5,May,Sunday,True,Low,False,0.0,False
2025-05-18,WH04,S3,17,136,4544,4544,4.176470588235294,9479,47.94,0,44,0.97,96.47,160,4384,2025,5,May,Sunday,True,Low,False,0.0,False
2025-05-18,WH05,S1,18,144,5184,5184,4.5,10584,48.98,0,45,0.87,96.28,193,4991,2025,5,May,Sunday,True,Low,False,0.0,False
2025-05-18,WH05,S2,17,136,5288,10576,4.860294117647059,9520,55.55,0,43,0.81,96.47,186,5102,2025,5,May,Sunday,True,Low,False,0.0,False
2025-05-18,WH05,S3,14,112,3088,3088,3.446428571428572,6664,46.34,0,17,0.55,97.88,66,3022,2025,5,May,Sunday,True,Low,False,0.0,False
2025-05-19,WH01,S1,25,200,16488,16488,10.305,17850,92.37,0,145,0.88,96.29,612,15876,2025,5,May,Monday,False,Very High,True,0.0,False
2025-05-19,WH01,S2,24,192,12208,12208,7.947916666666667,16320,74.8,0,99,0.81,94.67,650,11558,2025,5,May,Monday,False,Normal,False,0.0,False
2025-05-19,WH01,S3,19,152,9904,29712,8.144736842105264,10982,90.18,0,91,0.92,97.3,268,9636,2025,5,May,Monday,False,Very High,True,0.0,False
2025-05-19,WH02,S1,30,240,17744,35488,9.241666666666667,22680,78.24,0,168,0.95,96.21,672,17072,2025,5,May,Monday,False,High,False,0.0,False
2025-05-19,WH02,S2,28,224,16304,16304,9.098214285714286,20160,80.87,0,105,0.64,95.55,725,15579,2025,5,May,Monday,False,High,False,0.0,False
2025-05-19,WH02,S3,22,176,10216,10216,7.255681818181818,13464,75.88,0,73,0.71,95.23,487,9729,2025,5,May,Monday,False,High,False,0.0,False
2025-05-19,WH03,S1,20,160,10680,10680,8.34375,12600,84.76,0,80,0.75,95.74,455,10225,2025,5,May,Monday,False,High,False,0.0,False
2025-05-19,WH03,S2,19,152,9192,18384,7.559210526315789,11400,80.63,0,67,0.73,94.24,530,8662,2025,5,May,Monday,False,High,False,0.0,False
2025-05-19,WH03,S3,15,120,7920,7920,8.25,7650,103.53,270,88,1.11,91.9,641,7279,2025,5,May,Monday,False,Over Capacity,True,3.41,True
2025-05-19,WH04,S1,23,184,12232,12232,8.309782608695652,15842,77.21,0,87,0.71,97.16,347,11885,2025,5,May,Monday,False,High,False,0.0,False
2025-05-19,WH04,S2,22,176,11008,11008,7.818181818181818,14432,76.27,0,85,0.77,95.91,450,10558,2025,5,May,Monday,False,High,False,0.0,False
2025-05-19,WH04,S3,17,136,7352,22056,6.757352941176471,9479,77.56,0,51,0.69,94.29,420,6932,2025,5,May,Monday,False,High,False,0.0,False
2025-05-19,WH05,S1,18,144,9328,18656,8.097222222222221,10584,88.13,0,116,1.24,96.07,367,8961,2025,5,May,Monday,False,Very High,True,0.0,False
2025-05-19,WH05,S2,17,136,9552,9552,8.779411764705882,9520,100.34,32,112,1.17,96.48,337,9215,2025,5,May,Monday,False,Over Capacity,True,0.34,False
2025-05-19,WH05,S3,14,112,5584,5584,6.232142857142857,6664,83.79,0,54,0.97,95.54,249,5335,2025,5,May,Monday,False,High,False,0.0,False
2025-05-20,WH01,S1,25,200,13064,26128,8.165,17850,73.19,0,79,0.6,98.68,172,12892,2025,5,May,Tuesday,False,Normal,False,0.0,False
2025-05-20,WH01,S2,24,192,12280,12280,7.994791666666667,16320,75.25,0,128,1.04,97.2,343,11937,2025,5,May,Tuesday,False,High,False,0.0,False
2025-05-20,WH01,S3,19,152,8928,17856,7.342105263157895,10982,81.3,0,64,0.72,96.53,310,8618,2025,5,May,Tuesday,False,High,False,0.0,False
2025-05-20,WH02,S1,30,240,18424,18424,9.595833333333331,22680,81.23,0,174,0.94,95.3,867,17557,2025,5,May,Tuesday,False,High,False,0.0,False
2025-05-20,WH02,S2,28,224,12728,25456,7.102678571428571,20160,63.13,0,100,0.79,97.83,276,12452,2025,5,May,Tuesday,False,Normal,False,0.0,False
2025-05-20,WH02,S3,22,176,10312,10312,7.323863636363637,13464,76.59,0,69,0.67,95.64,450,9862,2025,5,May,Tuesday,False,High,False,0.0,False
2025-05-20,WH03,S1,20,160,11288,22576,8.81875,12600,89.59,0,147,1.3,97.42,292,10996,2025,5,May,Tuesday,False,Very High,True,0.0,False
2025-05-20,WH03,S2,19,152,10432,20864,8.578947368421053,11400,91.51,0,124,1.19,95.25,496,9936,2025,5,May,Tuesday,False,Very High,True,0.0,False
2025-05-20,WH03,S3,15,120,7016,14032,7.308333333333334,7650,91.71,0,48,0.68,96.56,242,6774,2025,5,May,Tuesday,False,Very High,True,0.0,False
2025-05-20,WH04,S1,23,184,13952,13952,9.478260869565217,15842,88.07,0,122,0.87,96.72,458,13494,2025,5,May,Tuesday,False,Very High,True,0.0,False
2025-05-20,WH04,S2,22,176,11032,11032,7.835227272727272,14432,76.44,0,91,0.82,95.33,515,10517,2025,5,May,Tuesday,False,High,False,0.0,False
2025-05-20,WH04,S3,17,136,7488,14976,6.882352941176471,9479,79.0,0,56,0.75,95.51,336,7152,2025,5,May,Tuesday,False,High,False,0.0,False
2025-05-20,WH05,S1,18,144,8912,17824,7.736111111111111,10584,84.2,0,76,0.85,96.53,309,8603,2025,5,May,Tuesday,False,High,False,0.0,False
2025-05-20,WH05,S2,17,136,9608,19216,8.830882352941176,9520,100.92,88,105,1.09,96.77,311,9297,2025,5,May,Tuesday,False,Over Capacity,True,0.92,False
2025-05-20,WH05,S3,14,112,6696,6696,7.473214285714286,6664,100.48,32,90,1.34,96.58,229,6467,2025,5,May,Tuesday,False,Over Capacity,True,0.48,False
2025-05-21,WH01,S1,25,200,14696,29392,9.185,17850,82.33,0,119,0.81,94.76,771,13925,2025,5,May,Wednesday,False,High,False,0.0,False
2025-05-21,WH01,S2,24,192,9368,9368,6.098958333333333,16320,57.4,0,68,0.73,96.31,346,9022,2025,5,May,Wednesday,False,Low,False,0.0,False
2025-05-21,WH01,S3,19,152,9296,9296,7.644736842105263,10982,84.65,0,72,0.77,96.24,350,8946,2025,5,May,Wednesday,False,High,False,0.0,False
2025-05-21,WH02,S1,30,240,18688,18688,9.733333333333333,22680,82.4,0,161,0.86,95.68,808,17880,2025,5,May,Wednesday,False,High,False,0.0,False
2025-05-21,WH02,S2,28,224,12208,12208,6.8125,20160,60.56,0,100,0.82,95.97,492,11716,2025,5,May,Wednesday,False,Normal,False,0.0,False
2025-05-21,WH02,S3,22,176,8992,8992,6.386363636363637,13464,66.79,0,70,0.78,96.87,281,8711,2025,5,May,Wednesday,False,Normal,False,0.0,False
2025-05-21,WH03,S1,20,160,10688,10688,8.35,12600,84.83,0,90,0.84,97.78,237,10451,2025,5,May,Wednesday,False,High,False,0.0,False
2025-05-21,WH03,S2,19,152,10104,20208,8.30921052631579,11400,88.63,0,95,0.94,97.59,244,9860,2025,5,May,Wednesday,False,Very High,True,0.0,False
2025-05-21,WH03,S3,15,120,6968,13936,7.258333333333334,7650,91.08,0,73,1.05,96.75,227,6741,2025,5,May,Wednesday,False,Very High,True,0.0,False
2025-05-21,WH04,S1,23,184,11480,11480,7.798913043478261,15842,72.47,0,91,0.79,95.94,466,11014,2025,5,May,Wednesday,False,Normal,False,0.0,False
2025-05-21,WH04,S2,22,176,10120,20240,7.1875,14432,70.12,0,76,0.75,95.18,488,9632,2025,5,May,Wednesday,False,Normal,False,0.0,False
2025-05-21,WH04,S3,17,136,7672,7672,7.051470588235294,9479,80.94,0,61,0.8,96.87,240,7432,2025,5,May,Wednesday,False,High,False,0.0,False
2025-05-21,WH05,S1,18,144,8032,8032,6.972222222222222,10584,75.89,0,69,0.86,94.68,427,7605,2025,5,May,Wednesday,False,High,False,0.0,False
2025-05-21,WH05,S2,17,136,8424,16848,7.742647058823529,9520,88.49,0,96,1.14,95.9,345,8079,2025,5,May,Wednesday,False,Very High,True,0.0,False
2025-05-21,WH05,S3,14,112,5472,10944,6.107142857142857,6664,82.11,0,37,0.68,95.38,253,5219,2025,5,May,Wednesday,False,High,False,0.0,False
2025-05-22,WH01,S1,25,200,13448,13448,8.405,17850,75.34,0,156,1.16,95.91,550,12898,2025,5,May,Thursday,False,High,False,0.0,False
2025-05-22,WH01,S2,24,192,11472,22944,7.46875,16320,70.29,0,91,0.79,96.37,417,11055,2025,5,May,Thursday,False,Normal,False,0.0,False
2025-05-22,WH01,S3,19,152,8888,17776,7.309210526315789,10982,80.93,0,78,0.88,95.21,426,8462,2025,5,May,Thursday,False,High,False,0.0,False
2025-05-22,WH02,S1,30,240,16392,32784,8.5375,22680,72.28,0,125,0.76,95.51,736,15656,2025,5,May,Thursday,False,Normal,False,0.0,False
2025-05-22,WH02,S2,28,224,13488,13488,7.526785714285714,20160,66.9,0,116,0.86,96.89,420,13068,2025,5,May,Thursday,False,Normal,False,0.0,False
2025-05-22,WH02,S3,22,176,9552,9552,6.784090909090909,13464,70.94,0,79,0.83,97.97,194,9358,2025,5,May,Thursday,False,Normal,False,0.0,False
2025-05-22,WH03,S1,20,160,11712,11712,9.15,12600,92.95,0,118,1.01,97.44,300,11412,2025,5,May,Thursday,False,Very High,True,0.0,False
2025-05-22,WH03,S2,19,152,11056,11056,9.092105263157896,11400,96.98,0,128,1.16,94.95,558,10498,2025,5,May,Thursday,False,Very High,True,0.0,False
2025-05-22,WH03,S3,15,120,6560,6560,6.833333333333333,7650,85.75,0,72,1.1,95.88,270,6290,2025,5,May,Thursday,False,Very High,True,0.0,False
2025-05-22,WH04,S1,23,184,12304,24608,8.358695652173912,15842,77.67,0,114,0.93,95.46,559,11745,2025,5,May,Thursday,False,High,False,0.0,False
2025-05-22,WH04,S2,22,176,10360,10360,7.357954545454546,14432,71.78,0,55,0.53,96.77,335,10025,2025,5,May,Thursday,False,Normal,False,0.0,False
2025-05-22,WH04,S3,17,136,7792,23376,7.161764705882353,9479,82.2,0,69,0.89,95.68,337,7455,2025,5,May,Thursday,False,High,False,0.0,False
2025-05-22,WH05,S1,18,144,10664,21328,9.256944444444445,10584,100.76,80,150,1.41,95.17,516,10148,2025,5,May,Thursday,False,Over Capacity,True,0.75,False
2025-05-22,WH05,S2,17,136,10680,10680,9.816176470588236,9520,112.18,1160,122,1.14,90.89,973,9707,2025,5,May,Thursday,False,Over Capacity,True,10.86,True
2025-05-22,WH05,S3,14,112,5208,5208,5.8125,6664,78.15,0,37,0.71,95.94,211,4997,2025,5,May,Thursday,False,High,False,0.0,False
2025-05-23,WH01,S1,25,200,15024,45072,9.39,17850,84.17,0,117,0.78,94.58,815,14209,2025,5,May,Friday,False,High,False,0.0,False
2025-05-23,WH01,S2,24,192,12040,24080,7.838541666666667,16320,73.77,0,108,0.9,95.7,518,11522,2025,5,May,Friday,False,Normal,False,0.0,False
2025-05-23,WH01,S3,19,152,8160,8160,6.7105263157894735,10982,74.3,0,50,0.61,94.46,452,7708,2025,5,May,Friday,False,Normal,False,0.0,False
2025-05-23,WH02,S1,30,240,17352,17352,9.0375,22680,76.51,0,161,0.93,95.52,778,16574,2025,5,May,Friday,False,High,False,0.0,False
2025-05-23,WH02,S2,28,224,14400,14400,8.035714285714286,20160,71.43,0,159,1.1,96.45,511,13889,2025,5,May,Friday,False,Normal,False,0.0,False
2025-05-23,WH02,S3,22,176,11520,11520,8.181818181818182,13464,85.56,0,115,1.0,95.78,486,11034,2025,5,May,Friday,False,Very High,True,0.0,False
2025-05-23,WH03,S1,20,160,11176,22352,8.73125,12600,88.7,0,121,1.08,96.33,411,10765,2025,5,May,Friday,False,Very High,True,0.0,False
2025-05-23,WH03,S2,19,152,8320,8320,6.842105263157895,11400,72.98,0,53,0.64,93.88,509,7811,2025,5,May,Friday,False,Normal,False,0.0,False
2025-05-23,WH03,S3,15,120,8144,8144,8.483333333333333,7650,106.46,494,85,1.04,91.95,655,7489,2025,5,May,Friday,False,Over Capacity,True,6.07,True
2025-05-23,WH04,S1,23,184,11392,11392,7.739130434782608,15842,71.91,0,79,0.69,97.68,264,11128,2025,5,May,Friday,False,Normal,False,0.0,False
2025-05-23,WH04,S2,22,176,10040,10040,7.130681818181818,14432,69.57,0,89,0.89,96.29,372,9668,2025,5,May,Friday,False,Normal,False,0.0,False
2025-05-23,WH04,S3,17,136,9168,9168,8.426470588235293,9479,96.72,0,121,1.32,94.58,497,8671,2025,5,May,Friday,False,Very High,True,0.0,False
2025-05-23,WH05,S1,18,144,9736,19472,8.45138888888889,10584,91.99,0,118,1.21,94.84,503,9233,2025,5,May,Friday,False,Very High,True,0.0,False
2025-05-23,WH05,S2,17,136,8600,8600,7.904411764705882,9520,90.34,0,70,0.81,95.76,365,8235,2025,5,May,Friday,False,Very High,True,0.0,False
2025-05-23,WH05,S3,14,112,6280,6280,7.008928571428571,6664,94.24,0,79,1.26,96.46,222,6058,2025,5,May,Friday,False,Very High,True,0.0,False
2025-05-24,WH01,S1,25,200,8896,17792,5.56,17850,49.84,0,75,0.84,95.36,413,8483,2025,5,May,Saturday,False,Low,False,0.0,False
2025-05-24,WH01,S2,24,192,6880,13760,4.479166666666667,16320,42.16,0,37,0.54,96.12,267,6613,2025,5,May,Saturday,False,Low,False,0.0,False
2025-05-24,WH01,S3,19,152,5184,5184,4.2631578947368425,10982,47.2,0,33,0.64,96.52,180,5004,2025,5,May,Saturday,False,Low,False,0.0,False
2025-05-24,WH02,S1,30,240,8552,8552,4.454166666666667,22680,37.71,0,56,0.65,96.74,279,8273,2025,5,May,Saturday,False,Low,False,0.0,False
2025-05-24,WH02,S2,28,224,8352,8352,4.660714285714286,20160,41.43,0,74,0.89,96.29,310,8042,2025,5,May,Saturday,False,Low,False,0.0,False
2025-05-24,WH02,S3,22,176,7664,7664,5.443181818181818,13464,56.92,0,69,0.9,95.67,332,7332,2025,5,May,Saturday,False,Low,False,0.0,False
2025-05-24,WH03,S1,20,160,5832,17496,4.55625,12600,46.29,0,43,0.74,96.33,214,5618,2025,5,May,Saturday,False,Low,False,0.0,False
2025-05-24,WH03,S2,19,152,6816,6816,5.605263157894737,11400,59.79,0,66,0.97,95.37,316,6500,2025,5,May,Saturday,False,Low,False,0.0,False
2025-05-24,WH03,S3,15,120,4296,4296,4.475,7650,56.16,0,39,0.91,96.59,146,4150,2025,5,May,Saturday,False,Low,False,0.0,False
2025-05-24,WH04,S1,23,184,7368,7368,5.005434782608695,15842,46.51,0,62,0.84,96.44,263,7105,2025,5,May,Saturday,False,Low,False,0.0,False
2025-05-24,WH04,S2,22,176,6168,12336,4.380681818181818,14432,42.74,0,60,0.97,95.59,272,5896,2025,5,May,Saturday,False,Low,False,0.0,False
2025-05-24,WH04,S3,17,136,5080,15240,4.669117647058823,9479,53.59,0,30,0.59,96.87,159,4921,2025,5,May,Saturday,False,Low,False,0.0,False
2025-05-24,WH05,S1,18,144,6704,6704,5.819444444444445,10584,63.34,0,54,0.81,97.3,181,6523,2025,5,May,Saturday,False,Normal,False,0.0,False
2025-05-24,WH05,S2,17,136,5936,17808,5.455882352941177,9520,62.35,0,54,0.91,97.0,178,5758,2025,5,May,Saturday,False,Normal,False,0.0,False
2025-05-24,WH05,S3,14,112,4208,8416,4.696428571428571,6664,63.15,0,35,0.83,95.65,183,4025,2025,5,May,Saturday,False,Normal,False,0.0,False
2025-05-25,WH01,S1,25,200,8960,26880,5.6,17850,50.2,0,80,0.89,95.84,373,8587,2025,5,May,Sunday,True,Low,False,0.0,False
2025-05-25,WH01,S2,24,192,6576,13152,4.28125,16320,40.29,0,55,0.84,96.47,232,6344,2025,5,May,Sunday,True,Low,False,0.0,False
2025-05-25,WH01,S3,19,152,3984,3984,3.276315789473684,10982,36.28,0,35,0.88,93.74,249,3735,2025,5,May,Sunday,True,Low,False,0.0,False
2025-05-25,WH02,S1,30,240,7728,7728,4.025,22680,34.07,0,58,0.75,97.08,226,7502,2025,5,May,Sunday,True,Low,False,0.0,False
2025-05-25,WH02,S2,28,224,8296,8296,4.629464285714286,20160,41.15,0,67,0.81,95.1,407,7889,2025,5,May,Sunday,True,Low,False,0.0,False
2025-05-25,WH02,S3,22,176,6264,6264,4.448863636363637,13464,46.52,0,46,0.73,95.54,279,5985,2025,5,May,Sunday,True,Low,False,0.0,False
2025-05-25,WH03,S1,20,160,5368,5368,4.19375,12600,42.6,0,58,1.08,95.46,244,5124,2025,5,May,Sunday,True,Low,False,0.0,False
2025-05-25,WH03,S2,19,152,4704,4704,3.8684210526315783,11400,41.26,0,37,0.79,95.83,196,4508,2025,5,May,Sunday,True,Low,False,0.0,False
2025-05-25,WH03,S3,15,120,4176,4176,4.35,7650,54.59,0,30,0.72,96.15,161,4015,2025,5,May,Sunday,True,Low,False,0.0,False
2025-05-25,WH04,S1,23,184,6616,6616,4.494565217391305,15842,41.76,0,62,0.94,97.5,165,6451,2025,5,May,Sunday,True,Low,False,0.0,False
2025-05-25,WH04,S2,22,176,5936,5936,4.215909090909091,14432,41.13,0,48,0.81,95.72,254,5682,2025,5,May,Sunday,True,Low,False,0.0,False
2025-05-25,WH04,S3,17,136,4296,8592,3.948529411764706,9479,45.32,0,40,0.93,95.81,180,4116,2025,5,May,Sunday,True,Low,False,0.0,False
2025-05-25,WH05,S1,18,144,5576,5576,4.840277777777778,10584,52.68,0,54,0.97,96.9,173,5403,2025,5,May,Sunday,True,Low,False,0.0,False
2025-05-25,WH05,S2,17,136,4536,9072,4.169117647058823,9520,47.65,0,31,0.68,96.54,157,4379,2025,5,May,Sunday,True,Low,False,0.0,False
2025-05-25,WH05,S3,14,112,3064,6128,3.419642857142857,6664,45.98,0,26,0.85,97.44,79,2985,2025,5,May,Sunday,True,Low,False,0.0,False
2025-05-26,WH01,S1,25,200,13168,13168,8.23,17850,73.77,0,99,0.75,96.69,436,12732,2025,5,May,Monday,False,Normal,False,0.0,False
2025-05-26,WH01,S2,24,192,12128,24256,7.895833333333333,16320,74.31,0,106,0.87,96.8,388,11740,2025,5,May,Monday,False,Normal,False,0.0,False
2025-05-26,WH01,S3,19,152,8856,17712,7.282894736842105,10982,80.64,0,62,0.7,95.58,392,8464,2025,5,May,Monday,False,High,False,0.0,False
2025-05-26,WH02,S1,30,240,17072,17072,8.891666666666667,22680,75.27,0,111,0.65,96.48,602,16470,2025,5,May,Monday,False,High,False,0.0,False
2025-05-26,WH02,S2,28,224,13576,27152,7.575892857142857,20160,67.34,0,122,0.9,96.21,515,13061,2025,5,May,Monday,False,Normal,False,0.0,False
2025-05-26,WH02,S3,22,176,11440,11440,8.125,13464,84.97,0,91,0.8,97.31,308,11132,2025,5,May,Monday,False,High,False,0.0,False
2025-05-26,WH03,S1,20,160,8728,8728,6.81875,12600,69.27,0,94,1.08,94.63,469,8259,2025,5,May,Monday,False,Normal,False,0.0,False
2025-05-26,WH03,S2,19,152,10992,10992,9.039473684210526,11400,96.42,0,119,1.08,96.02,437,10555,2025,5,May,Monday,False,Very High,True,0.0,False
2025-05-26,WH03,S3,15,120,7952,15904,8.283333333333333,7650,103.95,302,75,0.94,92.85,569,7383,2025,5,May,Monday,False,Over Capacity,True,3.8,True
2025-05-26,WH04,S1,23,184,12272,12272,8.33695652173913,15842,77.46,0,96,0.78,96.29,455,11817,2025,5,May,Monday,False,High,False,0.0,False
2025-05-26,WH04,S2,22,176,10592,10592,7.522727272727272,14432,73.39,0,100,0.94,96.64,356,10236,2025,5,May,Monday,False,Normal,False,0.0,False
2025-05-26,WH04,S3,17,136,10448,20896,9.602941176470589,9479,110.22,969,135,1.29,89.93,1052,9396,2025,5,May,Monday,False,Over Capacity,True,9.27,True
2025-05-26,WH05,S1,18,144,10344,20688,8.979166666666666,10584,97.73,0,117,1.13,94.47,572,9772,2025,5,May,Monday,False,Very High,True,0.0,False
2025-05-26,WH05,S2,17,136,9512,19024,8.742647058823529,9520,99.92,0,81,0.85,95.07,469,9043,2025,5,May,Monday,False,Very High,True,0.0,False
2025-05-26,WH05,S3,14,112,6280,6280,7.008928571428571,6664,94.24,0,71,1.13,97.74,142,6138,2025,5,May,Monday,False,Very High,True,0.0,False
2025-05-27,WH01,S1,25,200,12552,12552,7.845,17850,70.32,0,127,1.01,96.47,443,12109,2025,5,May,Tuesday,False,Normal,False,0.0,False
2025-05-27,WH01,S2,24,192,11912,11912,7.755208333333333,16320,72.99,0,80,0.67,94.87,612,11300,2025,5,May,Tuesday,False,Normal,False,0.0,False
2025-05-27,WH01,S3,19,152,8168,16336,6.717105263157895,10982,74.38,0,67,0.82,96.58,279,7889,2025,5,May,Tuesday,False,Normal,False,0.0,False
2025-05-27,WH02,S1,30,240,18560,37120,9.666666666666666,22680,81.83,0,126,0.68,95.37,860,17700,2025,5,May,Tuesday,False,High,False,0.0,False
2025-05-27,WH02,S2,28,224,14112,28224,7.875,20160,70.0,0,80,0.57,96.41,507,13605,2025,5,May,Tuesday,False,Normal,False,0.0,False
2025-05-27,WH02,S3,22,176,9376,18752,6.659090909090909,13464,69.64,0,83,0.89,96.17,359,9017,2025,5,May,Tuesday,False,Normal,False,0.0,False
2025-05-27,WH03,S1,20,160,10592,31776,8.275,12600,84.06,0,47,0.44,95.57,470,10122,2025,5,May,Tuesday,False,High,False,0.0,False
2025-05-27,WH03,S2,19,152,9088,9088,7.473684210526316,11400,79.72,0,61,0.67,96.33,333,8755,2025,5,May,Tuesday,False,High,False,0.0,False
2025-05-27,WH03,S3,15,120,6616,6616,6.891666666666667,7650,86.48,0,81,1.22,95.44,302,6314,2025,5,May,Tuesday,False,Very High,True,0.0,False
2025-05-27,WH04,S1,23,184,11512,11512,7.820652173913044,15842,72.67,0,85,0.74,94.87,591,10921,2025,5,May,Tuesday,False,Normal,False,0.0,False
2025-05-27,WH04,S2,22,176,8936,8936,6.346590909090909,14432,61.92,0,69,0.77,94.91,455,8481,2025,5,May,Tuesday,False,Normal,False,0.0,False
2025-05-27,WH04,S3,17,136,8112,16224,7.455882352941177,9479,85.58,0,114,1.41,95.84,338,7774,2025,5,May,Tuesday,False,Very High,True,0.0,False
2025-05-27,WH05,S1,18,144,10464,20928,9.083333333333334,10584,98.87,0,140,1.34,95.82,438,10026,2025,5,May,Tuesday,False,Very High,True,0.0,False
2025-05-27,WH05,S2,17,136,7280,7280,6.691176470588236,9520,76.47,0,67,0.92,97.04,215,7065,2025,5,May,Tuesday,False,High,False,0.0,False
2025-05-27,WH05,S3,14,112,5848,11696,6.526785714285714,6664,87.76,0,60,1.03,95.17,283,5565,2025,5,May,Tuesday,False,Very High,True,0.0,False
2025-05-28,WH01,S1,25,200,12016,12016,7.51,17850,67.32,0,77,0.64,95.33,561,11455,2025,5,May,Wednesday,False,Normal,False,0.0,False
2025-05-28,WH01,S2,24,192,12080,12080,7.864583333333333,16320,74.02,0,112,0.93,95.87,499,11581,2025,5,May,Wednesday,False,Normal,False,0.0,False
2025-05-28,WH01,S3,19,152,8808,8808,7.243421052631579,10982,80.2,0,56,0.64,96.0,352,8456,2025,5,May,Wednesday,False,High,False,0.0,False
2025-05-28,WH02,S1,30,240,15944,31888,8.304166666666667,22680,70.3,0,131,0.82,94.54,871,15073,2025,5,May,Wednesday,False,Normal,False,0.0,False
2025-05-28,WH02,S2,28,224,15312,30624,8.544642857142858,20160,75.95,0,146,0.95,96.04,607,14705,2025,5,May,Wednesday,False,High,False,0.0,False
2025-05-28,WH02,S3,22,176,10656,10656,7.568181818181818,13464,79.14,0,107,1.0,96.19,406,10250,2025,5,May,Wednesday,False,High,False,0.0,False
2025-05-28,WH03,S1,20,160,14096,28192,11.0125,12600,111.87,1496,110,0.78,88.01,1690,12406,2025,5,May,Wednesday,False,Over Capacity,True,10.61,True
2025-05-28,WH03,S2,19,152,10648,10648,8.756578947368421,11400,93.4,0,107,1.0,95.52,477,10171,2025,5,May,Wednesday,False,Very High,True,0.0,False
2025-05-28,WH03,S3,15,120,5768,11536,6.008333333333334,7650,75.4,0,59,1.02,95.76,244,5524,2025,5,May,Wednesday,False,High,False,0.0,False
2025-05-28,WH04,S1,23,184,11200,11200,7.608695652173913,15842,70.7,0,88,0.79,96.19,427,10773,2025,5,May,Wednesday,False,Normal,False,0.0,False
2025-05-28,WH04,S2,22,176,10816,10816,7.681818181818182,14432,74.94,0,88,0.81,94.89,553,10263,2025,5,May,Wednesday,False,Normal,False,0.0,False
2025-05-28,WH04,S3,17,136,7712,7712,7.088235294117647,9479,81.36,0,58,0.75,97.83,167,7545,2025,5,May,Wednesday,False,High,False,0.0,False
2025-05-28,WH05,S1,18,144,8080,16160,7.013888888888889,10584,76.34,0,66,0.82,94.13,475,7605,2025,5,May,Wednesday,False,High,False,0.0,False
2025-05-28,WH05,S2,17,136,9824,9824,9.029411764705882,9520,103.19,304,118,1.2,92.59,728,9096,2025,5,May,Wednesday,False,Over Capacity,True,3.09,True
2025-05-28,WH05,S3,14,112,5240,10480,5.848214285714286,6664,78.63,0,37,0.71,96.66,175,5065,2025,5,May,Wednesday,False,High,False,0.0,False
2025-05-29,WH01,S1,25,200,12264,12264,7.665,17850,68.71,0,106,0.86,97.51,305,11959,2025,5,May,Thursday,False,Normal,False,0.0,False
2025-05-29,WH01,S2,24,192,14488,28976,9.432291666666666,16320,88.77,0,153,1.06,96.21,549,13939,2025,5,May,Thursday,False,Very High,True,0.0,False
2025-05-29,WH01,S3,19,152,9280,18560,7.631578947368421,10982,84.5,0,87,0.94,96.58,318,8962,2025,5,May,Thursday,False,High,False,0.0,False
2025-05-29,WH02,S1,30,240,16808,50424,8.754166666666666,22680,74.11,0,120,0.71,94.92,854,15954,2025,5,May,Thursday,False,Normal,False,0.0,False
2025-05-29,WH02,S2,28,224,12528,37584,6.991071428571429,20160,62.14,0,128,1.02,95.74,534,11994,2025,5,May,Thursday,False,Normal,False,0.0,False
2025-05-29,WH02,S3,22,176,10824,32472,7.6875,13464,80.39,0,92,0.85,95.77,458,10366,2025,5,May,Thursday,False,High,False,0.0,False
2025-05-29,WH03,S1,20,160,11968,11968,9.35,12600,94.98,0,135,1.13,96.51,417,11551,2025,5,May,Thursday,False,Very High,True,0.0,False
2025-05-29,WH03,S2,19,152,10240,30720,8.421052631578947,11400,89.82,0,114,1.11,95.54,456,9784,2025,5,May,Thursday,False,Very High,True,0.0,False
2025-05-29,WH03,S3,15,120,7472,7472,7.783333333333333,7650,97.67,0,73,0.98,95.68,323,7149,2025,5,May,Thursday,False,Very High,True,0.0,False
2025-05-29,WH04,S1,23,184,11040,11040,7.5,15842,69.69,0,62,0.56,98.34,184,10856,2025,5,May,Thursday,False,Normal,False,0.0,False
2025-05-29,WH04,S2,22,176,14448,28896,10.261363636363637,14432,100.11,16,188,1.3,97.31,389,14059,2025,5,May,Thursday,False,Over Capacity,True,0.11,False
2025-05-29,WH04,S3,17,136,7968,7968,7.323529411764706,9479,84.06,0,61,0.77,96.2,303,7665,2025,5,May,Thursday,False,High,False,0.0,False
2025-05-29,WH05,S1,18,144,8984,26952,7.798611111111111,10584,84.88,0,58,0.65,95.69,387,8597,2025,5,May,Thursday,False,High,False,0.0,False
2025-05-29,WH05,S2,17,136,9568,28704,8.794117647058824,9520,100.5,48,105,1.1,95.22,457,9111,2025,5,May,Thursday,False,Over Capacity,True,0.5,False
2025-05-29,WH05,S3,14,112,7288,7288,8.133928571428571,6664,109.36,624,82,1.13,88.86,812,6476,2025,5,May,Thursday,False,Over Capacity,True,8.56,True
2025-05-30,WH01,S1,25,200,14848,29696,9.28,17850,83.18,0,104,0.7,97.03,441,14407,2025,5,May,Friday,False,High,False,0.0,False
2025-05-30,WH01,S2,24,192,14576,14576,9.489583333333334,16320,89.31,0,118,0.81,97.12,419,14157,2025,5,May,Friday,False,Very High,True,0.0,False
2025-05-30,WH01,S3,19,152,9296,9296,7.644736842105263,10982,84.65,0,67,0.72,97.1,270,9026,2025,5,May,Friday,False,High,False,0.0,False
2025-05-30,WH02,S1,30,240,17744,35488,9.241666666666667,22680,78.24,0,131,0.74,96.01,707,17037,2025,5,May,Friday,False,High,False,0.0,False
2025-05-30,WH02,S2,28,224,13800,13800,7.700892857142857,20160,68.45,0,96,0.7,95.79,580,13220,2025,5,May,Friday,False,Normal,False,0.0,False
2025-05-30,WH02,S3,22,176,9096,9096,6.4602272727272725,13464,67.56,0,79,0.87,94.81,472,8624,2025,5,May,Friday,False,Normal,False,0.0,False
2025-05-30,WH03,S1,20,160,12432,37296,9.7125,12600,98.67,0,138,1.11,96.93,381,12051,2025,5,May,Friday,False,Very High,True,0.0,False
2025-05-30,WH03,S2,19,152,10672,21344,8.776315789473685,11400,93.61,0,136,1.27,97.35,283,10389,2025,5,May,Friday,False,Very High,True,0.0,False
2025-05-30,WH03,S3,15,120,7888,7888,8.216666666666667,7650,103.11,238,74,0.94,91.63,660,7228,2025,5,May,Friday,False,Over Capacity,True,3.02,True
2025-05-30,WH04,S1,23,184,11976,11976,8.13586956521739,15842,75.6,0,106,0.89,96.85,377,11599,2025,5,May,Friday,False,High,False,0.0,False
2025-05-30,WH04,S2,22,176,12040,24080,8.551136363636363,14432,83.43,0,85,0.71,95.24,573,11467,2025,5,May,Friday,False,High,False,0.0,False
2025-05-30,WH04,S3,17,136,8112,24336,7.455882352941177,9479,85.58,0,81,1.0,97.07,238,7874,2025,5,May,Friday,False,Very High,True,0.0,False
2025-05-30,WH05,S1,18,144,10376,10376,9.006944444444445,10584,98.03,0,115,1.11,96.46,367,10009,2025,5,May,Friday,False,Very High,True,0.0,False
2025-05-30,WH05,S2,17,136,7800,23400,7.169117647058823,9520,81.93,0,52,0.67,96.78,251,7549,2025,5,May,Friday,False,High,False,0.0,False
2025-05-30,WH05,S3,14,112,5976,5976,6.669642857142857,6664,89.68,0,60,1.0,96.87,187,5789,2025,5,May,Friday,False,Very High,True,0.0,False
2025-05-31,WH01,S1,25,200,10056,10056,6.285,17850,56.34,0,90,0.89,96.05,397,9659,2025,5,May,Saturday,False,Low,False,0.0,False
2025-05-31,WH01,S2,24,192,8704,26112,5.666666666666667,16320,53.33,0,66,0.76,95.66,378,8326,2025,5,May,Saturday,False,Low,False,0.0,False
2025-05-31,WH01,S3,19,152,4488,8976,3.6907894736842106,10982,40.87,0,39,0.87,95.66,195,4293,2025,5,May,Saturday,False,Low,False,0.0,False
2025-05-31,WH02,S1,30,240,10608,10608,5.525,22680,46.77,0,88,0.83,97.43,273,10335,2025,5,May,Saturday,False,Low,False,0.0,False
2025-05-31,WH02,S2,28,224,9568,9568,5.339285714285714,20160,47.46,0,93,0.97,95.52,429,9139,2025,5,May,Saturday,False,Low,False,0.0,False
2025-05-31,WH02,S3,22,176,6288,12576,4.465909090909091,13464,46.7,0,48,0.76,94.88,322,5966,2025,5,May,Saturday,False,Low,False,0.0,False
2025-05-31,WH03,S1,20,160,7344,7344,5.7375,12600,58.29,0,49,0.67,96.05,290,7054,2025,5,May,Saturday,False,Low,False,0.0,False
2025-05-31,WH03,S2,19,152,5720,5720,4.703947368421052,11400,50.18,0,47,0.82,95.82,239,5481,2025,5,May,Saturday,False,Low,False,0.0,False
2025-05-31,WH03,S3,15,120,4392,4392,4.575,7650,57.41,0,27,0.61,95.66,191,4201,2025,5,May,Saturday,False,Low,False,0.0,False
2025-05-31,WH04,S1,23,184,7128,21384,4.842391304347826,15842,44.99,0,73,1.02,97.15,203,6925,2025,5,May,Saturday,False,Low,False,0.0,False
2025-05-31,WH04,S2,22,176,6048,6048,4.295454545454546,14432,41.91,0,42,0.69,96.35,221,5827,2025,5,May,Saturday,False,Low,False,0.0,False
2025-05-31,WH04,S3,17,136,5696,11392,5.235294117647059,9479,60.09,0,51,0.9,95.69,245,5451,2025,5,May,Saturday,False,Normal,False,0.0,False
2025-05-31,WH05,S1,18,144,7648,7648,6.638888888888889,10584,72.26,0,65,0.85,96.75,249,7399,2025,5,May,Saturday,False,Normal,False,0.0,False
2025-05-31,WH05,S2,17,136,5496,5496,5.051470588235294,9520,57.73,0,48,0.87,95.7,236,5260,2025,5,May,Saturday,False,Low,False,0.0,False
2025-05-31,WH05,S3,14,112,3872,3872,4.321428571428571,6664,58.1,0,33,0.85,95.63,169,3703,2025,5,May,Saturday,False,Low,False,0.0,False
2025-06-01,WH01,S1,25,200,7472,7472,4.67,17850,41.86,0,53,0.71,97.02,223,7249,2025,6,June,Sunday,True,Low,False,0.0,False
2025-06-01,WH01,S2,24,192,6512,13024,4.239583333333333,16320,39.9,0,51,0.78,95.65,283,6229,2025,6,June,Sunday,True,Low,False,0.0,False
2025-06-01,WH01,S3,19,152,4336,4336,3.5657894736842106,10982,39.48,0,31,0.71,96.19,165,4171,2025,6,June,Sunday,True,Low,False,0.0,False
2025-06-01,WH02,S1,30,240,8920,8920,4.645833333333333,22680,39.33,0,73,0.82,94.8,464,8456,2025,6,June,Sunday,True,Low,False,0.0,False
2025-06-01,WH02,S2,28,224,8576,25728,4.785714285714286,20160,42.54,0,52,0.61,96.32,316,8260,2025,6,June,Sunday,True,Low,False,0.0,False
2025-06-01,WH02,S3,22,176,6504,13008,4.619318181818182,13464,48.31,0,55,0.85,95.83,271,6233,2025,6,June,Sunday,True,Low,False,0.0,False
2025-06-01,WH03,S1,20,160,7000,7000,5.46875,12600,55.56,0,80,1.14,96.21,266,6734,2025,6,June,Sunday,True,Low,False,0.0,False
2025-06-01,WH03,S2,19,152,5592,11184,4.598684210526316,11400,49.05,0,43,0.77,96.33,205,5387,2025,6,June,Sunday,True,Low,False,0.0,False
2025-06-01,WH03,S3,15,120,3952,7904,4.116666666666666,7650,51.66,0,32,0.81,94.73,208,3744,2025,6,June,Sunday,True,Low,False,0.0,False
2025-06-01,WH04,S1,23,184,6496,6496,4.413043478260869,15842,41.0,0,57,0.88,96.69,215,6281,2025,6,June,Sunday,True,Low,False,0.0,False
2025-06-01,WH04,S2,22,176,6032,6032,4.284090909090909,14432,41.8,0,44,0.73,95.66,262,5770,2025,6,June,Sunday,True,Low,False,0.0,False
2025-06-01,WH04,S3,17,136,4136,8272,3.801470588235294,9479,43.63,0,28,0.68,96.48,146,3990,2025,6,June,Sunday,True,Low,False,0.0,False
2025-06-01,WH05,S1,18,144,5264,5264,4.569444444444445,10584,49.74,0,43,0.82,95.29,248,5016,2025,6,June,Sunday,True,Low,False,0.0,False
2025-06-01,WH05,S2,17,136,4392,4392,4.036764705882353,9520,46.13,0,31,0.71,95.05,217,4175,2025,6,June,Sunday,True,Low,False,0.0,False
2025-06-01,WH05,S3,14,112,3656,3656,4.080357142857143,6664,54.86,0,30,0.82,95.13,178,3478,2025,6,June,Sunday,True,Low,False,0.0,False
2025-06-02,WH01,S1,25,200,13464,13464,8.415,17850,75.43,0,96,0.71,94.54,735,12729,2025,6,June,Monday,False,High,False,0.0,False
2025-06-02,WH01,S2,24,192,11968,35904,7.791666666666667,16320,73.33,0,107,0.89,96.71,394,11574,2025,6,June,Monday,False,Normal,False,0.0,False
2025-06-02,WH01,S3,19,152,8960,17920,7.368421052631579,10982,81.59,0,84,0.94,97.26,245,8715,2025,6,June,Monday,False,High,False,0.0,False
2025-06-02,WH02,S1,30,240,15408,46224,8.025,22680,67.94,0,128,0.83,96.53,535,14873,2025,6,June,Monday,False,Normal,False,0.0,False
2025-06-02,WH02,S2,28,224,16256,16256,9.071428571428571,20160,80.63,0,135,0.83,95.0,812,15444,2025,6,June,Monday,False,High,False,0.0,False
2025-06-02,WH02,S3,22,176,10368,31104,7.363636363636363,13464,77.01,0,83,0.8,96.4,373,9995,2025,6,June,Monday,False,High,False,0.0,False
2025-06-02,WH03,S1,20,160,13568,13568,10.6,12600,107.68,968,140,1.03,89.98,1359,12209,2025,6,June,Monday,False,Over Capacity,True,7.13,True
2025-06-02,WH03,S2,19,152,11384,11384,9.361842105263158,11400,99.86,0,87,0.76,95.94,462,10922,2025,6,June,Monday,False,Very High,True,0.0,False
2025-06-02,WH03,S3,15,120,7968,7968,8.3,7650,104.16,318,80,1.0,92.08,631,7337,2025,6,June,Monday,False,Over Capacity,True,3.99,True
2025-06-02,WH04,S1,23,184,12440,24880,8.451086956521738,15842,78.53,0,96,0.77,95.27,588,11852,2025,6,June,Monday,False,High,False,0.0,False
2025-06-02,WH04,S2,22,176,11432,11432,8.119318181818182,14432,79.21,0,101,0.88,96.32,420,11012,2025,6,June,Monday,False,High,False,0.0,False
2025-06-02,WH04,S3,17,136,7832,7832,7.198529411764706,9479,82.62,0,53,0.68,95.69,337,7495,2025,6,June,Monday,False,High,False,0.0,False
2025-06-02,WH05,S1,18,144,9968,19936,8.652777777777779,10584,94.18,0,103,1.03,97.3,269,9699,2025,6,June,Monday,False,Very High,True,0.0,False
2025-06-02,WH05,S2,17,136,9368,18736,8.610294117647058,9520,98.4,0,123,1.31,96.09,366,9002,2025,6,June,Monday,False,Very High,True,0.0,False
2025-06-02,WH05,S3,14,112,7144,7144,7.973214285714286,6664,107.2,480,78,1.09,91.74,590,6554,2025,6,June,Monday,False,Over Capacity,True,6.72,True
2025-06-03,WH01,S1,25,200,12208,12208,7.63,17850,68.39,0,93,0.76,95.31,573,11635,2025,6,June,Tuesday,False,Normal,False,0.0,False
2025-06-03,WH01,S2,24,192,10440,10440,6.796875,16320,63.97,0,93,0.89,96.66,349,10091,2025,6,June,Tuesday,False,Normal,False,0.0,False
2025-06-03,WH01,S3,19,152,8392,8392,6.901315789473684,10982,76.42,0,75,0.89,96.55,290,8102,2025,6,June,Tuesday,False,High,False,0.0,False
2025-06-03,WH02,S1,30,240,15416,30832,8.029166666666667,22680,67.97,0,86,0.56,95.61,677,14739,2025,6,June,Tuesday,False,Normal,False,0.0,False
2025-06-03,WH02,S2,28,224,12888,25776,7.191964285714286,20160,63.93,0,95,0.74,96.16,494,12394,2025,6,June,Tuesday,False,Normal,False,0.0,False
2025-06-03,WH02,S3,22,176,11032,11032,7.835227272727272,13464,81.94,0,103,0.93,97.94,227,10805,2025,6,June,Tuesday,False,High,False,0.0,False
2025-06-03,WH03,S1,20,160,11504,11504,8.9875,12600,91.3,0,128,1.11,94.86,591,10913,2025,6,June,Tuesday,False,Very High,True,0.0,False
2025-06-03,WH03,S2,19,152,10072,10072,8.282894736842104,11400,88.35,0,120,1.19,96.59,343,9729,2025,6,June,Tuesday,False,Very High,True,0.0,False
2025-06-03,WH03,S3,15,120,6128,6128,6.383333333333334,7650,80.1,0,47,0.77,95.0,306,5822,2025,6,June,Tuesday,False,High,False,0.0,False
2025-06-03,WH04,S1,23,184,11704,11704,7.951086956521739,15842,73.88,0,86,0.73,95.59,516,11188,2025,6,June,Tuesday,False,Normal,False,0.0,False
2025-06-03,WH04,S2,22,176,13264,13264,9.420454545454543,14432,91.91,0,127,0.96,94.96,668,12596,2025,6,June,Tuesday,False,Very High,True,0.0,False
2025-06-03,WH04,S3,17,136,6784,6784,6.235294117647059,9479,71.57,0,67,0.99,96.08,266,6518,2025,6,June,Tuesday,False,Normal,False,0.0,False
2025-06-03,WH05,S1,18,144,9296,18592,8.069444444444445,10584,87.83,0,105,1.13,94.94,471,8825,2025,6,June,Tuesday,False,Very High,True,0.0,False
2025-06-03,WH05,S2,17,136,7216,21648,6.632352941176471,9520,75.8,0,58,0.8,95.06,357,6859,2025,6,June,Tuesday,False,High,False,0.0,False
2025-06-03,WH05,S3,14,112,5984,17952,6.678571428571429,6664,89.8,0,59,0.99,97.48,151,5833,2025,6,June,Tuesday,False,Very High,True,0.0,False
2025-06-04,WH01,S1,25,200,12176,24352,7.61,17850,68.21,0,109,0.9,95.46,553,11623,2025,6,June,Wednesday,False,Normal,False,0.0,False
2025-06-04,WH01,S2,24,192,12472,24944,8.119791666666666,16320,76.42,0,116,0.93,95.61,547,11925,2025,6,June,Wednesday,False,High,False,0.0,False
2025-06-04,WH01,S3,19,152,7752,23256,6.375,10982,70.59,0,67,0.86,95.57,344,7408,2025,6,June,Wednesday,False,Normal,False,0.0,False
2025-06-04,WH02,S1,30,240,18200,18200,9.479166666666666,22680,80.25,0,141,0.77,95.0,910,17290,2025,6,June,Wednesday,False,High,False,0.0,False
2025-06-04,WH02,S2,28,224,14272,28544,7.964285714285714,20160,70.79,0,118,0.83,96.4,514,13758,2025,6,June,Wednesday,False,Normal,False,0.0,False
2025-06-04,WH02,S3,22,176,10504,10504,7.460227272727272,13464,78.02,0,85,0.81,95.99,421,10083,2025,6,June,Wednesday,False,High,False,0.0,False
2025-06-04,WH03,S1,20,160,9664,9664,7.55,12600,76.7,0,79,0.82,97.97,196,9468,2025,6,June,Wednesday,False,High,False,0.0,False
2025-06-04,WH03,S2,19,152,9256,9256,7.611842105263157,11400,81.19,0,75,0.81,94.64,496,8760,2025,6,June,Wednesday,False,High,False,0.0,False
2025-06-04,WH03,S3,15,120,8096,8096,8.433333333333334,7650,105.83,446,113,1.4,90.64,758,7338,2025,6,June,Wednesday,False,Over Capacity,True,5.51,True
2025-06-04,WH04,S1,23,184,13168,13168,8.945652173913043,15842,83.12,0,90,0.68,96.15,506,12662,2025,6,June,Wednesday,False,High,False,0.0,False
2025-06-04,WH04,S2,22,176,10952,21904,7.778409090909091,14432,75.89,0,88,0.8,95.18,528,10424,2025,6,June,Wednesday,False,High,False,0.0,False
2025-06-04,WH04,S3,17,136,8200,8200,7.536764705882353,9479,86.51,0,93,1.13,96.23,309,7891,2025,6,June,Wednesday,False,Very High,True,0.0,False
2025-06-04,WH05,S1,18,144,9128,9128,7.923611111111111,10584,86.24,0,90,0.99,94.94,462,8666,2025,6,June,Wednesday,False,Very High,True,0.0,False
2025-06-04,WH05,S2,17,136,9520,9520,8.75,9520,100.0,0,104,1.09,96.63,321,9199,2025,6,June,Wednesday,False,Over Capacity,True,0.0,False
2025-06-04,WH05,S3,14,112,5744,11488,6.410714285714286,6664,86.19,0,62,1.08,96.31,212,5532,2025,6,June,Wednesday,False,Very High,True,0.0,False
2025-06-05,WH01,S1,25,200,12320,12320,7.7,17850,69.02,0,95,0.77,95.02,613,11707,2025,6,June,Thursday,False,Normal,False,0.0,False
2025-06-05,WH01,S2,24,192,11648,11648,7.583333333333333,16320,71.37,0,82,0.7,95.03,579,11069,2025,6,June,Thursday,False,Normal,False,0.0,False
2025-06-05,WH01,S3,19,152,7368,22104,6.059210526315789,10982,67.09,0,44,0.6,97.28,201,7167,2025,6,June,Thursday,False,Normal,False,0.0,False
2025-06-05,WH02,S1,30,240,16328,32656,8.504166666666666,22680,71.99,0,117,0.72,95.53,730,15598,2025,6,June,Thursday,False,Normal,False,0.0,False
2025-06-05,WH02,S2,28,224,12936,12936,7.21875,20160,64.17,0,102,0.79,96.59,441,12495,2025,6,June,Thursday,False,Normal,False,0.0,False
2025-06-05,WH02,S3,22,176,11016,22032,7.823863636363637,13464,81.82,0,84,0.76,95.01,549,10467,2025,6,June,Thursday,False,High,False,0.0,False
2025-06-05,WH03,S1,20,160,11424,11424,8.925,12600,90.67,0,115,1.01,95.12,557,10867,2025,6,June,Thursday,False,Very High,True,0.0,False
2025-06-05,WH03,S2,19,152,9816,9816,8.072368421052632,11400,86.11,0,120,1.22,95.31,461,9355,2025,6,June,Thursday,False,Very High,True,0.0,False
2025-06-05,WH03,S3,15,120,7400,7400,7.708333333333333,7650,96.73,0,89,1.2,95.79,312,7088,2025,6,June,Thursday,False,Very High,True,0.0,False
2025-06-05,WH04,S1,23,184,10592,21184,7.195652173913044,15842,66.86,0,95,0.9,94.79,552,10040,2025,6,June,Thursday,False,Normal,False,0.0,False
2025-06-05,WH04,S2,22,176,12552,25104,8.914772727272727,14432,86.97,0,150,1.2,95.85,521,12031,2025,6,June,Thursday,False,Very High,True,0.0,False
2025-06-05,WH04,S3,17,136,8336,8336,7.661764705882353,9479,87.94,0,81,0.97,96.09,326,8010,2025,6,June,Thursday,False,Very High,True,0.0,False
2025-06-05,WH05,S1,18,144,9584,19168,8.319444444444445,10584,90.55,0,144,1.5,95.91,392,9192,2025,6,June,Thursday,False,Very High,True,0.0,False
2025-06-05,WH05,S2,17,136,8856,8856,8.139705882352942,9520,93.03,0,97,1.1,96.97,269,8587,2025,6,June,Thursday,False,Very High,True,0.0,False
2025-06-05,WH05,S3,14,112,6432,12864,7.178571428571429,6664,96.52,0,76,1.18,95.43,294,6138,2025,6,June,Thursday,False,Very High,True,0.0,False
2025-06-06,WH01,S1,25,200,12976,12976,8.11,17850,72.69,0,87,0.67,95.85,538,12438,2025,6,June,Friday,False,Normal,False,0.0,False
2025-06-06,WH01,S2,24,192,13528,27056,8.807291666666666,16320,82.89,0,116,0.86,98.34,224,13304,2025,6,June,Friday,False,High,False,0.0,False
2025-06-06,WH01,S3,19,152,10608,10608,8.723684210526315,10982,96.59,0,128,1.21,94.37,597,10011,2025,6,June,Friday,False,Very High,True,0.0,False
2025-06-06,WH02,S1,30,240,14624,14624,7.616666666666666,22680,64.48,0,114,0.78,94.88,749,13875,2025,6,June,Friday,False,Normal,False,0.0,False
2025-06-06,WH02,S2,28,224,14344,43032,8.004464285714286,20160,71.15,0,104,0.73,95.54,639,13705,2025,6,June,Friday,False,Normal,False,0.0,False
2025-06-06,WH02,S3,22,176,11832,11832,8.403409090909092,13464,87.88,0,111,0.94,97.44,303,11529,2025,6,June,Friday,False,Very High,True,0.0,False
2025-06-06,WH03,S1,20,160,11216,11216,8.7625,12600,89.02,0,139,1.24,94.77,586,10630,2025,6,June,Friday,False,Very High,True,0.0,False
2025-06-06,WH03,S2,19,152,10480,31440,8.618421052631579,11400,91.93,0,122,1.16,94.03,626,9854,2025,6,June,Friday,False,Very High,True,0.0,False
2025-06-06,WH03,S3,15,120,8400,8400,8.75,7650,109.8,750,98,1.17,87.55,1045,7355,2025,6,June,Friday,False,Over Capacity,True,8.93,True
2025-06-06,WH04,S1,23,184,10728,10728,7.288043478260869,15842,67.72,0,83,0.77,97.29,291,10437,2025,6,June,Friday,False,Normal,False,0.0,False
2025-06-06,WH04,S2,22,176,11800,11800,8.380681818181818,14432,81.76,0,116,0.98,96.54,408,11392,2025,6,June,Friday,False,High,False,0.0,False
2025-06-06,WH04,S3,17,136,9152,9152,8.411764705882353,9479,96.55,0,108,1.18,95.75,389,8763,2025,6,June,Friday,False,Very High,True,0.0,False
2025-06-06,WH05,S1,18,144,11568,11568,10.041666666666666,10584,109.3,984,125,1.08,87.36,1462,10106,2025,6,June,Friday,False,Over Capacity,True,8.51,True
2025-06-06,WH05,S2,17,136,9024,9024,8.294117647058824,9520,94.79,0,113,1.25,95.02,449,8575,2025,6,June,Friday,False,Very High,True,0.0,False
2025-06-06,WH05,S3,14,112,7008,14016,7.821428571428571,6664,105.16,344,98,1.4,93.47,457,6551,2025,6,June,Friday,False,Over Capacity,True,4.91,True
2025-06-07,WH01,S1,25,200,8576,17152,5.36,17850,48.04,0,61,0.71,96.25,321,8255,2025,6,June,Saturday,False,Low,False,0.0,False
2025-06-07,WH01,S2,24,192,8480,25440,5.520833333333333,16320,51.96,0,92,1.08,95.79,357,8123,2025,6,June,Saturday,False,Low,False,0.0,False
2025-06-07,WH01,S3,19,152,5696,5696,4.684210526315789,10982,51.87,0,49,0.86,96.39,206,5490,2025,6,June,Saturday,False,Low,False,0.0,False
2025-06-07,WH02,S1,30,240,9448,9448,4.920833333333333,22680,41.66,0,78,0.83,95.52,423,9025,2025,6,June,Saturday,False,Low,False,0.0,False
2025-06-07,WH02,S2,28,224,8768,17536,4.892857142857143,20160,43.49,0,64,0.73,95.39,404,8364,2025,6,June,Saturday,False,Low,False,0.0,False
2025-06-07,WH02,S3,22,176,7416,7416,5.267045454545454,13464,55.08,0,57,0.77,94.37,417,6999,2025,6,June,Saturday,False,Low,False,0.0,False
2025-06-07,WH03,S1,20,160,7072,14144,5.525,12600,56.13,0,52,0.74,96.29,262,6810,2025,6,June,Saturday,False,Low,False,0.0,False
2025-06-07,WH03,S2,19,152,6784,13568,5.578947368421052,11400,59.51,0,43,0.63,95.75,288,6496,2025,6,June,Saturday,False,Low,False,0.0,False
2025-06-07,WH03,S3,15,120,4504,13512,4.691666666666666,7650,58.88,0,35,0.78,96.4,162,4342,2025,6,June,Saturday,False,Low,False,0.0,False
2025-06-07,WH04,S1,23,184,7744,15488,5.260869565217392,15842,48.88,0,75,0.97,95.43,354,7390,2025,6,June,Saturday,False,Low,False,0.0,False
2025-06-07,WH04,S2,22,176,6576,6576,4.670454545454546,14432,45.57,0,53,0.81,95.69,284,6292,2025,6,June,Saturday,False,Low,False,0.0,False
2025-06-07,WH04,S3,17,136,5048,5048,4.639705882352941,9479,53.25,0,32,0.63,96.13,195,4853,2025,6,June,Saturday,False,Low,False,0.0,False
2025-06-07,WH05,S1,18,144,5264,5264,4.569444444444445,10584,49.74,0,34,0.65,95.59,232,5032,2025,6,June,Saturday,False,Low,False,0.0,False
2025-06-07,WH05,S2,17,136,5744,17232,5.279411764705882,9520,60.34,0,44,0.77,94.33,326,5418,2025,6,June,Saturday,False,Normal,False,0.0,False
2025-06-07,WH05,S3,14,112,4144,8288,4.625,6664,62.18,0,18,0.43,96.36,151,3993,2025,6,June,Saturday,False,Normal,False,0.0,False
2025-06-08,WH01,S1,25,200,7080,14160,4.425,17850,39.66,0,65,0.92,97.39,185,6895,2025,6,June,Sunday,True,Low,False,0.0,False
2025-06-08,WH01,S2,24,192,6144,12288,4.0,16320,37.65,0,49,0.8,94.42,343,5801,2025,6,June,Sunday,True,Low,False,0.0,False
2025-06-08,WH01,S3,19,152,4624,4624,3.8026315789473686,10982,42.11,0,36,0.78,96.55,160,4464,2025,6,June,Sunday,True,Low,False,0.0,False
2025-06-08,WH02,S1,30,240,9136,9136,4.758333333333334,22680,40.28,0,68,0.74,97.13,263,8873,2025,6,June,Sunday,True,Low,False,0.0,False
2025-06-08,WH02,S2,28,224,7816,7816,4.361607142857143,20160,38.77,0,74,0.95,95.88,322,7494,2025,6,June,Sunday,True,Low,False,0.0,False
2025-06-08,WH02,S3,22,176,5688,5688,4.039772727272728,13464,42.25,0,43,0.76,97.29,154,5534,2025,6,June,Sunday,True,Low,False,0.0,False
2025-06-08,WH03,S1,20,160,5656,16968,4.41875,12600,44.89,0,36,0.64,93.07,392,5264,2025,6,June,Sunday,True,Low,False,0.0,False
2025-06-08,WH03,S2,19,152,4816,4816,3.960526315789474,11400,42.25,0,37,0.77,95.36,223,4593,2025,6,June,Sunday,True,Low,False,0.0,False
2025-06-08,WH03,S3,15,120,3752,7504,3.908333333333333,7650,49.05,0,28,0.75,96.75,122,3630,2025,6,June,Sunday,True,Low,False,0.0,False
2025-06-08,WH04,S1,23,184,6536,13072,4.440217391304348,15842,41.26,0,44,0.67,96.36,238,6298,2025,6,June,Sunday,True,Low,False,0.0,False
2025-06-08,WH04,S2,22,176,6176,12352,4.386363636363637,14432,42.79,0,48,0.78,94.87,317,5859,2025,6,June,Sunday,True,Low,False,0.0,False
2025-06-08,WH04,S3,17,136,4600,4600,4.227941176470588,9479,48.53,0,39,0.85,95.57,204,4396,2025,6,June,Sunday,True,Low,False,0.0,False
2025-06-08,WH05,S1,18,144,5440,10880,4.722222222222222,10584,51.4,0,46,0.85,96.7,179,5261,2025,6,June,Sunday,True,Low,False,0.0,False
2025-06-08,WH05,S2,17,136,4160,8320,3.823529411764706,9520,43.7,0,36,0.87,96.18,159,4001,2025,6,June,Sunday,True,Low,False,0.0,False
2025-06-08,WH05,S3,14,112,3008,9024,3.357142857142857,6664,45.14,0,23,0.76,95.51,135,2873,2025,6,June,Sunday,True,Low,False,0.0,False
2025-06-09,WH01,S1,25,200,14808,14808,9.255,17850,82.96,0,114,0.77,98.33,247,14561,2025,6,June,Monday,False,High,False,0.0,False
2025-06-09,WH01,S2,24,192,13792,27584,8.979166666666666,16320,84.51,0,90,0.65,95.92,562,13230,2025,6,June,Monday,False,High,False,0.0,False
2025-06-09,WH01,S3,19,152,9288,9288,7.638157894736842,10982,84.57,0,66,0.71,97.34,247,9041,2025,6,June,Monday,False,High,False,0.0,False
2025-06-09,WH02,S1,30,240,15568,46704,8.108333333333333,22680,68.64,0,124,0.8,95.66,675,14893,2025,6,June,Monday,False,Normal,False,0.0,False
2025-06-09,WH02,S2,28,224,12600,12600,7.03125,20160,62.5,0,123,0.98,97.23,349,12251,2025,6,June,Monday,False,Normal,False,0.0,False
2025-06-09,WH02,S3,22,176,9456,9456,6.715909090909091,13464,70.23,0,92,0.97,96.5,330,9126,2025,6,June,Monday,False,Normal,False,0.0,False
2025-06-09,WH03,S1,20,160,10440,31320,8.15625,12600,82.86,0,81,0.78,95.96,421,10019,2025,6,June,Monday,False,High,False,0.0,False
2025-06-09,WH03,S2,19,152,9880,9880,8.125,11400,86.67,0,79,0.8,95.94,401,9479,2025,6,June,Monday,False,Very High,True,0.0,False
2025-06-09,WH03,S3,15,120,6968,13936,7.258333333333334,7650,91.08,0,77,1.11,95.46,316,6652,2025,6,June,Monday,False,Very High,True,0.0,False
2025-06-09,WH04,S1,23,184,13192,39576,8.96195652173913,15842,83.27,0,125,0.95,95.72,565,12627,2025,6,June,Monday,False,High,False,0.0,False
2025-06-09,WH04,S2,22,176,11016,22032,7.823863636363637,14432,76.33,0,76,0.69,95.08,542,10474,2025,6,June,Monday,False,High,False,0.0,False
2025-06-09,WH04,S3,17,136,8464,8464,7.779411764705882,9479,89.29,0,82,0.97,96.73,276,8188,2025,6,June,Monday,False,Very High,True,0.0,False
2025-06-09,WH05,S1,18,144,10424,10424,9.04861111111111,10584,98.49,0,99,0.95,95.83,435,9989,2025,6,June,Monday,False,Very High,True,0.0,False
2025-06-09,WH05,S2,17,136,9720,9720,8.933823529411764,9520,102.1,200,103,1.06,97.25,267,9453,2025,6,June,Monday,False,Over Capacity,True,2.06,False
2025-06-09,WH05,S3,14,112,6192,6192,6.910714285714286,6664,92.92,0,75,1.21,96.18,237,5955,2025,6,June,Monday,False,Very High,True,0.0,False
2025-06-10,WH01,S1,25,200,11656,23312,7.285,17850,65.3,0,110,0.94,95.94,473,11183,2025,6,June,Tuesday,False,Normal,False,0.0,False
2025-06-10,WH01,S2,24,192,13248,13248,8.625,16320,81.18,0,134,1.01,95.41,608,12640,2025,6,June,Tuesday,False,High,False,0.0,False
2025-06-10,WH01,S3,19,152,8840,8840,7.269736842105263,10982,80.5,0,58,0.66,96.57,303,8537,2025,6,June,Tuesday,False,High,False,0.0,False
2025-06-10,WH02,S1,30,240,14376,28752,7.4875,22680,63.39,0,112,0.78,96.29,533,13843,2025,6,June,Tuesday,False,Normal,False,0.0,False
2025-06-10,WH02,S2,28,224,12048,24096,6.723214285714286,20160,59.76,0,101,0.84,96.01,480,11568,2025,6,June,Tuesday,False,Low,False,0.0,False
2025-06-10,WH02,S3,22,176,9304,18608,6.607954545454546,13464,69.1,0,81,0.87,96.38,337,8967,2025,6,June,Tuesday,False,Normal,False,0.0,False
2025-06-10,WH03,S1,20,160,10232,30696,7.99375,12600,81.21,0,86,0.84,95.66,444,9788,2025,6,June,Tuesday,False,High,False,0.0,False
2025-06-10,WH03,S2,19,152,9792,19584,8.052631578947368,11400,85.89,0,107,1.09,94.93,496,9296,2025,6,June,Tuesday,False,Very High,True,0.0,False
2025-06-10,WH03,S3,15,120,6896,6896,7.183333333333334,7650,90.14,0,63,0.91,96.18,263,6633,2025,6,June,Tuesday,False,Very High,True,0.0,False
2025-06-10,WH04,S1,23,184,9312,18624,6.326086956521739,15842,58.78,0,67,0.72,96.54,322,8990,2025,6,June,Tuesday,False,Low,False,0.0,False
2025-06-10,WH04,S2,22,176,9376,9376,6.659090909090909,14432,64.97,0,87,0.93,96.07,369,9007,2025,6,June,Tuesday,False,Normal,False,0.0,False
2025-06-10,WH04,S3,17,136,7592,7592,6.977941176470588,9479,80.09,0,63,0.83,96.15,293,7299,2025,6,June,Tuesday,False,High,False,0.0,False
2025-06-10,WH05,S1,18,144,10000,10000,8.680555555555555,10584,94.48,0,137,1.37,97.32,268,9732,2025,6,June,Tuesday,False,Very High,True,0.0,False
2025-06-10,WH05,S2,17,136,10096,20192,9.279411764705882,9520,106.05,576,110,1.09,86.58,1355,8741,2025,6,June,Tuesday,False,Over Capacity,True,5.71,True
2025-06-10,WH05,S3,14,112,6448,12896,7.196428571428571,6664,96.76,0,77,1.19,96.67,215,6233,2025,6,June,Tuesday,False,Very High,True,0.0,False
2025-06-11,WH01,S1,25,200,13680,13680,8.55,17850,76.64,0,138,1.01,95.86,566,13114,2025,6,June,Wednesday,False,High,False,0.0,False
2025-06-11,WH01,S2,24,192,11120,11120,7.239583333333333,16320,68.14,0,65,0.58,95.65,483,10637,2025,6,June,Wednesday,False,Normal,False,0.0,False
2025-06-11,WH01,S3,19,152,7240,7240,5.953947368421052,10982,65.93,0,56,0.77,95.93,295,6945,2025,6,June,Wednesday,False,Normal,False,0.0,False
2025-06-11,WH02,S1,30,240,17432,34864,9.079166666666667,22680,76.86,0,171,0.98,95.96,704,16728,2025,6,June,Wednesday,False,High,False,0.0,False
2025-06-11,WH02,S2,28,224,14048,14048,7.839285714285714,20160,69.68,0,104,0.74,96.08,551,13497,2025,6,June,Wednesday,False,Normal,False,0.0,False
2025-06-11,WH02,S3,22,176,9392,9392,6.670454545454546,13464,69.76,0,60,0.64,96.99,282,9110,2025,6,June,Wednesday,False,Normal,False,0.0,False
2025-06-11,WH03,S1,20,160,10896,21792,8.5125,12600,86.48,0,106,0.97,95.34,507,10389,2025,6,June,Wednesday,False,Very High,True,0.0,False
2025-06-11,WH03,S2,19,152,8864,17728,7.2894736842105265,11400,77.75,0,87,0.98,93.67,561,8303,2025,6,June,Wednesday,False,High,False,0.0,False
2025-06-11,WH03,S3,15,120,6408,12816,6.675,7650,83.76,0,42,0.66,96.73,209,6199,2025,6,June,Wednesday,False,High,False,0.0,False
2025-06-11,WH04,S1,23,184,12552,25104,8.527173913043478,15842,79.23,0,97,0.77,96.28,467,12085,2025,6,June,Wednesday,False,High,False,0.0,False
2025-06-11,WH04,S2,22,176,10040,10040,7.130681818181818,14432,69.57,0,71,0.71,97.47,254,9786,2025,6,June,Wednesday,False,Normal,False,0.0,False
2025-06-11,WH04,S3,17,136,8584,8584,7.889705882352941,9479,90.56,0,85,0.99,95.37,397,8187,2025,6,June,Wednesday,False,Very High,True,0.0,False
2025-06-11,WH05,S1,18,144,9632,19264,8.36111111111111,10584,91.01,0,93,0.97,96.57,331,9301,2025,6,June,Wednesday,False,Very High,True,0.0,False
2025-06-11,WH05,S2,17,136,8480,25440,7.794117647058823,9520,89.08,0,89,1.05,94.87,435,8045,2025,6,June,Wednesday,False,Very High,True,0.0,False
2025-06-11,WH05,S3,14,112,6256,6256,6.982142857142857,6664,93.88,0,75,1.2,94.03,373,5883,2025,6,June,Wednesday,False,Very High,True,0.0,False
2025-06-12,WH01,S1,25,200,12504,25008,7.815,17850,70.05,0,102,0.82,95.86,517,11987,2025,6,June,Thursday,False,Normal,False,0.0,False
2025-06-12,WH01,S2,24,192,12680,25360,8.255208333333334,16320,77.7,0,117,0.92,95.5,570,12110,2025,6,June,Thursday,False,High,False,0.0,False
2025-06-12,WH01,S3,19,152,9440,18880,7.763157894736842,10982,85.96,0,104,1.1,95.11,461,8979,2025,6,June,Thursday,False,Very High,True,0.0,False
2025-06-12,WH02,S1,30,240,16336,16336,8.508333333333333,22680,72.03,0,129,0.79,94.02,976,15360,2025,6,June,Thursday,False,Normal,False,0.0,False
2025-06-12,WH02,S2,28,224,15760,15760,8.794642857142858,20160,78.17,0,145,0.92,96.62,532,15228,2025,6,June,Thursday,False,High,False,0.0,False
2025-06-12,WH02,S3,22,176,12896,12896,9.159090909090908,13464,95.78,0,115,0.89,96.35,471,12425,2025,6,June,Thursday,False,Very High,True,0.0,False
2025-06-12,WH03,S1,20,160,12528,25056,9.7875,12600,99.43,0,120,0.96,95.33,585,11943,2025,6,June,Thursday,False,Very High,True,0.0,False
2025-06-12,WH03,S2,19,152,10888,10888,8.953947368421053,11400,95.51,0,126,1.16,96.01,435,10453,2025,6,June,Thursday,False,Very High,True,0.0,False
2025-06-12,WH03,S3,15,120,7128,14256,7.425,7650,93.18,0,96,1.35,96.08,279,6849,2025,6,June,Thursday,False,Very High,True,0.0,False
2025-06-12,WH04,S1,23,184,10928,32784,7.423913043478261,15842,68.98,0,87,0.8,95.38,504,10424,2025,6,June,Thursday,False,Normal,False,0.0,False
2025-06-12,WH04,S2,22,176,11472,11472,8.147727272727273,14432,79.49,0,92,0.8,96.03,455,11017,2025,6,June,Thursday,False,High,False,0.0,False
2025-06-12,WH04,S3,17,136,7320,14640,6.727941176470588,9479,77.22,0,59,0.81,96.39,265,7055,2025,6,June,Thursday,False,High,False,0.0,False
2025-06-12,WH05,S1,18,144,10200,10200,8.854166666666666,10584,96.37,0,144,1.41,96.52,355,9845,2025,6,June,Thursday,False,Very High,True,0.0,False
2025-06-12,WH05,S2,17,136,8152,16304,7.492647058823529,9520,85.63,0,79,0.97,95.08,401,7751,2025,6,June,Thursday,False,Very High,True,0.0,False
2025-06-12,WH05,S3,14,112,5392,10784,6.017857142857143,6664,80.91,0,48,0.89,97.22,150,5242,2025,6,June,Thursday,False,High,False,0.0,False
2025-06-13,WH01,S1,25,200,16112,16112,10.07,17850,90.26,0,156,0.97,95.39,743,15369,2025,6,June,Friday,False,Very High,True,0.0,False
2025-06-13,WH01,S2,24,192,10832,21664,7.052083333333333,16320,66.37,0,88,0.81,96.29,401,10431,2025,6,June,Friday,False,Normal,False,0.0,False
2025-06-13,WH01,S3,19,152,8008,24024,6.5855263157894735,10982,72.92,0,59,0.74,95.78,338,7670,2025,6,June,Friday,False,Normal,False,0.0,False
2025-06-13,WH02,S1,30,240,13936,13936,7.258333333333334,22680,61.45,0,109,0.78,96.76,451,13485,2025,6,June,Friday,False,Normal,False,0.0,False
2025-06-13,WH02,S2,28,224,17448,52344,9.736607142857142,20160,86.55,0,190,1.09,95.25,828,16620,2025,6,June,Friday,False,Very High,True,0.0,False
2025-06-13,WH02,S3,22,176,10472,31416,7.4375,13464,77.78,0,77,0.74,95.0,523,9949,2025,6,June,Friday,False,High,False,0.0,False
2025-06-13,WH03,S1,20,160,12072,12072,9.43125,12600,95.81,0,142,1.18,95.37,558,11514,2025,6,June,Friday,False,Very High,True,0.0,False
2025-06-13,WH03,S2,19,152,11512,11512,9.467105263157896,11400,100.98,112,139,1.21,95.92,470,11042,2025,6,June,Friday,False,Over Capacity,True,0.97,False
2025-06-13,WH03,S3,15,120,7688,15376,8.008333333333333,7650,100.5,38,71,0.92,96.92,237,7451,2025,6,June,Friday,False,Over Capacity,True,0.49,False
2025-06-13,WH04,S1,23,184,13576,13576,9.222826086956522,15842,85.7,0,140,1.03,94.86,697,12879,2025,6,June,Friday,False,Very High,True,0.0,False
2025-06-13,WH04,S2,22,176,11560,23120,8.210227272727273,14432,80.1,0,106,0.92,95.42,529,11031,2025,6,June,Friday,False,High,False,0.0,False
2025-06-13,WH04,S3,17,136,7848,15696,7.213235294117647,9479,82.79,0,48,0.61,97.86,168,7680,2025,6,June,Friday,False,High,False,0.0,False
2025-06-13,WH05,S1,18,144,10216,20432,8.868055555555555,10584,96.52,0,87,0.85,96.27,381,9835,2025,6,June,Friday,False,Very High,True,0.0,False
2025-06-13,WH05,S2,17,136,11240,22480,10.330882352941176,9520,118.07,1720,120,1.07,88.39,1304,9936,2025,6,June,Friday,False,Over Capacity,True,15.3,True
2025-06-13,WH05,S3,14,112,8192,8192,9.142857142857142,6664,122.93,1528,111,1.35,88.24,963,7229,2025,6,June,Friday,False,Over Capacity,True,18.65,True
2025-06-14,WH01,S1,25,200,7712,7712,4.82,17850,43.2,0,53,0.69,97.02,230,7482,2025,6,June,Saturday,False,Low,False,0.0,False
2025-06-14,WH01,S2,24,192,8888,17776,5.786458333333333,16320,54.46,0,75,0.84,95.94,361,8527,2025,6,June,Saturday,False,Low,False,0.0,False
2025-06-14,WH01,S3,19,152,5272,10544,4.3355263157894735,10982,48.01,0,41,0.78,97.36,139,5133,2025,6,June,Saturday,False,Low,False,0.0,False
2025-06-14,WH02,S1,30,240,10560,10560,5.5,22680,46.56,0,104,0.98,95.55,469,10091,2025,6,June,Saturday,False,Low,False,0.0,False
2025-06-14,WH02,S2,28,224,10104,10104,5.638392857142857,20160,50.12,0,79,0.78,94.57,549,9555,2025,6,June,Saturday,False,Low,False,0.0,False
2025-06-14,WH02,S3,22,176,5616,16848,3.988636363636364,13464,41.71,0,47,0.84,94.57,305,5311,2025,6,June,Saturday,False,Low,False,0.0,False
2025-06-14,WH03,S1,20,160,7720,7720,6.03125,12600,61.27,0,77,1.0,96.65,259,7461,2025,6,June,Saturday,False,Normal,False,0.0,False
2025-06-14,WH03,S2,19,152,6288,12576,5.171052631578948,11400,55.16,0,57,0.91,96.35,229,6059,2025,6,June,Saturday,False,Low,False,0.0,False
2025-06-14,WH03,S3,15,120,4216,4216,4.391666666666667,7650,55.11,0,33,0.78,95.78,178,4038,2025,6,June,Saturday,False,Low,False,0.0,False
2025-06-14,WH04,S1,23,184,9640,9640,6.548913043478261,15842,60.85,0,91,0.94,96.17,369,9271,2025,6,June,Saturday,False,Normal,False,0.0,False
2025-06-14,WH04,S2,22,176,7040,7040,5.0,14432,48.78,0,60,0.85,95.16,341,6699,2025,6,June,Saturday,False,Low,False,0.0,False
2025-06-14,WH04,S3,17,136,5120,5120,4.705882352941177,9479,54.01,0,40,0.78,95.16,248,4872,2025,6,June,Saturday,False,Low,False,0.0,False
2025-06-14,WH05,S1,18,144,6040,6040,5.243055555555555,10584,57.07,0,54,0.89,95.37,280,5760,2025,6,June,Saturday,False,Low,False,0.0,False
2025-06-14,WH05,S2,17,136,4104,8208,3.772058823529412,9520,43.11,0,32,0.78,95.33,192,3912,2025,6,June,Saturday,False,Low,False,0.0,False
2025-06-14,WH05,S3,14,112,4320,4320,4.821428571428571,6664,64.83,0,41,0.95,96.52,151,4169,2025,6,June,Saturday,False,Normal,False,0.0,False
2025-06-15,WH01,S1,25,200,8016,16032,5.01,17850,44.91,0,73,0.91,95.88,330,7686,2025,6,June,Sunday,True,Low,False,0.0,False
2025-06-15,WH01,S2,24,192,6568,6568,4.276041666666667,16320,40.25,0,69,1.05,94.63,352,6216,2025,6,June,Sunday,True,Low,False,0.0,False
2025-06-15,WH01,S3,19,152,4976,14928,4.092105263157895,10982,45.31,0,47,0.94,96.6,169,4807,2025,6,June,Sunday,True,Low,False,0.0,False
2025-06-15,WH02,S1,30,240,7592,7592,3.9541666666666666,22680,33.47,0,61,0.8,95.37,351,7241,2025,6,June,Sunday,True,Low,False,0.0,False
2025-06-15,WH02,S2,28,224,9016,9016,5.03125,20160,44.72,0,77,0.85,95.44,411,8605,2025,6,June,Sunday,True,Low,False,0.0,False
2025-06-15,WH02,S3,22,176,5512,5512,3.914772727272727,13464,40.94,0,50,0.91,94.55,300,5212,2025,6,June,Sunday,True,Low,False,0.0,False
2025-06-15,WH03,S1,20,160,6208,6208,4.85,12600,49.27,0,51,0.82,97.79,137,6071,2025,6,June,Sunday,True,Low,False,0.0,False
2025-06-15,WH03,S2,19,152,4952,4952,4.072368421052632,11400,43.44,0,40,0.81,96.45,176,4776,2025,6,June,Sunday,True,Low,False,0.0,False
2025-06-15,WH03,S3,15,120,3720,3720,3.875,7650,48.63,0,34,0.91,96.66,124,3596,2025,6,June,Sunday,True,Low,False,0.0,False
2025-06-15,WH04,S1,23,184,7200,7200,4.891304347826087,15842,45.45,0,66,0.92,96.4,259,6941,2025,6,June,Sunday,True,Low,False,0.0,False
2025-06-15,WH04,S2,22,176,6056,12112,4.301136363636363,14432,41.96,0,38,0.63,98.21,109,5947,2025,6,June,Sunday,True,Low,False,0.0,False
2025-06-15,WH04,S3,17,136,4448,4448,4.088235294117647,9479,46.92,0,37,0.83,94.67,237,4211,2025,6,June,Sunday,True,Low,False,0.0,False
2025-06-15,WH05,S1,18,144,5688,5688,4.9375,10584,53.74,0,50,0.88,95.23,271,5417,2025,6,June,Sunday,True,Low,False,0.0,False
2025-06-15,WH05,S2,17,136,4048,4048,3.7205882352941178,9520,42.52,0,37,0.91,96.13,157,3891,2025,6,June,Sunday,True,Low,False,0.0,False
2025-06-15,WH05,S3,14,112,4024,4024,4.491071428571429,6664,60.38,0,29,0.72,95.62,176,3848,2025,6,June,Sunday,True,Normal,False,0.0,False
2025-06-16,WH01,S1,25,200,15704,15704,9.815,17850,87.98,0,138,0.88,96.68,522,15182,2025,6,June,Monday,False,Very High,True,0.0,False
2025-06-16,WH01,S2,24,192,11760,23520,7.65625,16320,72.06,0,58,0.49,95.4,541,11219,2025,6,June,Monday,False,Normal,False,0.0,False
2025-06-16,WH01,S3,19,152,8312,16624,6.8355263157894735,10982,75.69,0,61,0.73,96.34,304,8008,2025,6,June,Monday,False,High,False,0.0,False
2025-06-16,WH02,S1,30,240,17664,35328,9.2,22680,77.88,0,117,0.66,95.54,788,16876,2025,6,June,Monday,False,High,False,0.0,False
2025-06-16,WH02,S2,28,224,15224,30448,8.495535714285714,20160,75.52,0,117,0.77,95.74,649,14575,2025,6,June,Monday,False,High,False,0.0,False
2025-06-16,WH02,S3,22,176,9072,9072,6.443181818181818,13464,67.38,0,69,0.76,97.64,214,8858,2025,6,June,Monday,False,Normal,False,0.0,False
2025-06-16,WH03,S1,20,160,10880,10880,8.5,12600,86.35,0,132,1.21,95.65,473,10407,2025,6,June,Monday,False,Very High,True,0.0,False
2025-06-16,WH03,S2,19,152,10800,21600,8.881578947368421,11400,94.74,0,152,1.41,96.34,396,10404,2025,6,June,Monday,False,Very High,True,0.0,False
2025-06-16,WH03,S3,15,120,7760,7760,8.083333333333334,7650,101.44,110,69,0.89,95.67,336,7424,2025,6,June,Monday,False,Over Capacity,True,1.42,False
2025-06-16,WH04,S1,23,184,13392,13392,9.097826086956522,15842,84.53,0,91,0.68,94.88,686,12706,2025,6,June,Monday,False,High,False,0.0,False
2025-06-16,WH04,S2,22,176,11800,23600,8.380681818181818,14432,81.76,0,92,0.78,96.36,429,11371,2025,6,June,Monday,False,High,False,0.0,False
2025-06-16,WH04,S3,17,136,6928,6928,6.367647058823529,9479,73.09,0,53,0.77,96.32,255,6673,2025,6,June,Monday,False,Normal,False,0.0,False
2025-06-16,WH05,S1,18,144,12336,12336,10.708333333333334,10584,116.55,1752,150,1.22,88.71,1393,10943,2025,6,June,Monday,False,Over Capacity,True,14.2,True
2025-06-16,WH05,S2,17,136,9088,18176,8.352941176470589,9520,95.46,0,110,1.21,96.09,355,8733,2025,6,June,Monday,False,Very High,True,0.0,False
2025-06-16,WH05,S3,14,112,6592,6592,7.357142857142857,6664,98.92,0,77,1.17,96.75,214,6378,2025,6,June,Monday,False,Very High,True,0.0,False
2025-06-17,WH01,S1,25,200,13136,26272,8.21,17850,73.59,0,104,0.79,96.0,525,12611,2025,6,June,Tuesday,False,Normal,False,0.0,False
2025-06-17,WH01,S2,24,192,11008,11008,7.166666666666667,16320,67.45,0,109,0.99,95.87,454,10554,2025,6,June,Tuesday,False,Normal,False,0.0,False
2025-06-17,WH01,S3,19,152,8840,8840,7.269736842105263,10982,80.5,0,60,0.68,97.68,205,8635,2025,6,June,Tuesday,False,High,False,0.0,False
2025-06-17,WH02,S1,30,240,14920,14920,7.770833333333333,22680,65.78,0,133,0.89,95.99,598,14322,2025,6,June,Tuesday,False,Normal,False,0.0,False
2025-06-17,WH02,S2,28,224,13840,41520,7.723214285714286,20160,68.65,0,111,0.8,95.43,632,13208,2025,6,June,Tuesday,False,Normal,False,0.0,False
2025-06-17,WH02,S3,22,176,11272,11272,8.005681818181818,13464,83.72,0,87,0.77,95.14,548,10724,2025,6,June,Tuesday,False,High,False,0.0,False
2025-06-17,WH03,S1,20,160,11016,11016,8.60625,12600,87.43,0,132,1.2,94.34,624,10392,2025,6,June,Tuesday,False,Very High,True,0.0,False
2025-06-17,WH03,S2,19,152,8896,17792,7.315789473684211,11400,78.04,0,85,0.96,98.36,146,8750,2025,6,June,Tuesday,False,High,False,0.0,False
2025-06-17,WH03,S3,15,120,7264,7264,7.566666666666666,7650,94.95,0,84,1.16,95.28,343,6921,2025,6,June,Tuesday,False,Very High,True,0.0,False
2025-06-17,WH04,S1,23,184,12552,12552,8.527173913043478,15842,79.23,0,112,0.89,96.46,444,12108,2025,6,June,Tuesday,False,High,False,0.0,False
2025-06-17,WH04,S2,22,176,10680,10680,7.585227272727272,14432,74.0,0,93,0.87,95.85,443,10237,2025,6,June,Tuesday,False,Normal,False,0.0,False
2025-06-17,WH04,S3,17,136,8104,8104,7.448529411764706,9479,85.49,0,64,0.79,95.96,328,7776,2025,6,June,Tuesday,False,Very High,True,0.0,False
2025-06-17,WH05,S1,18,144,10608,10608,9.208333333333334,10584,100.23,24,122,1.15,95.88,437,10171,2025,6,June,Tuesday,False,Over Capacity,True,0.23,False
2025-06-17,WH05,S2,17,136,8640,17280,7.9411764705882355,9520,90.76,0,85,0.98,97.75,194,8446,2025,6,June,Tuesday,False,Very High,True,0.0,False
2025-06-17,WH05,S3,14,112,6448,19344,7.196428571428571,6664,96.76,0,81,1.26,95.82,269,6179,2025,6,June,Tuesday,False,Very High,True,0.0,False
2025-06-18,WH01,S1,25,200,13072,13072,8.17,17850,73.23,0,108,0.83,96.5,457,12615,2025,6,June,Wednesday,False,Normal,False,0.0,False
2025-06-18,WH01,S2,24,192,10296,10296,6.703125,16320,63.09,0,69,0.67,94.4,577,9719,2025,6,June,Wednesday,False,Normal,False,0.0,False
2025-06-18,WH01,S3,19,152,8336,16672,6.855263157894737,10982,75.91,0,55,0.66,96.29,309,8027,2025,6,June,Wednesday,False,High,False,0.0,False
2025-06-18,WH02,S1,30,240,16808,33616,8.754166666666666,22680,74.11,0,124,0.74,96.69,557,16251,2025,6,June,Wednesday,False,Normal,False,0.0,False
2025-06-18,WH02,S2,28,224,13440,26880,7.5,20160,66.67,0,84,0.62,95.54,600,12840,2025,6,June,Wednesday,False,Normal,False,0.0,False
2025-06-18,WH02,S3,22,176,10360,20720,7.357954545454546,13464,76.95,0,58,0.56,98.65,140,10220,2025,6,June,Wednesday,False,High,False,0.0,False
2025-06-18,WH03,S1,20,160,10848,21696,8.475,12600,86.1,0,118,1.09,97.1,315,10533,2025,6,June,Wednesday,False,Very High,True,0.0,False
2025-06-18,WH03,S2,19,152,8632,17264,7.098684210526316,11400,75.72,0,64,0.74,95.03,429,8203,2025,6,June,Wednesday,False,High,False,0.0,False
2025-06-18,WH03,S3,15,120,7904,7904,8.233333333333333,7650,103.32,254,92,1.16,92.06,628,7276,2025,6,June,Wednesday,False,Over Capacity,True,3.21,True
2025-06-18,WH04,S1,23,184,10472,10472,7.114130434782608,15842,66.1,0,80,0.76,97.16,298,10174,2025,6,June,Wednesday,False,Normal,False,0.0,False
2025-06-18,WH04,S2,22,176,9840,29520,6.988636363636363,14432,68.18,0,105,1.07,97.15,280,9560,2025,6,June,Wednesday,False,Normal,False,0.0,False
2025-06-18,WH04,S3,17,136,7712,15424,7.088235294117647,9479,81.36,0,49,0.64,98.53,114,7598,2025,6,June,Wednesday,False,High,False,0.0,False
2025-06-18,WH05,S1,18,144,9464,9464,8.215277777777779,10584,89.42,0,110,1.16,95.59,418,9046,2025,6,June,Wednesday,False,Very High,True,0.0,False
2025-06-18,WH05,S2,17,136,9248,9248,8.5,9520,97.14,0,81,0.88,96.15,356,8892,2025,6,June,Wednesday,False,Very High,True,0.0,False
2025-06-18,WH05,S3,14,112,5352,10704,5.973214285714286,6664,80.31,0,45,0.84,97.48,135,5217,2025,6,June,Wednesday,False,High,False,0.0,False
2025-06-19,WH01,S1,25,200,15000,15000,9.375,17850,84.03,0,127,0.85,98.2,270,14730,2025,6,June,Thursday,False,High,False,0.0,False
2025-06-19,WH01,S2,24,192,13200,13200,8.59375,16320,80.88,0,115,0.87,95.91,540,12660,2025,6,June,Thursday,False,High,False,0.0,False
2025-06-19,WH01,S3,19,152,7968,7968,6.552631578947368,10982,72.56,0,80,1.0,96.18,304,7664,2025,6,June,Thursday,False,Normal,False,0.0,False
2025-06-19,WH02,S1,30,240,15600,31200,8.125,22680,68.78,0,122,0.78,97.77,347,15253,2025,6,June,Thursday,False,Normal,False,0.0,False
2025-06-19,WH02,S2,28,224,14624,14624,8.160714285714286,20160,72.54,0,93,0.64,95.29,689,13935,2025,6,June,Thursday,False,Normal,False,0.0,False
2025-06-19,WH02,S3,22,176,12376,12376,8.789772727272727,13464,91.92,0,128,1.03,95.82,517,11859,2025,6,June,Thursday,False,Very High,True,0.0,False
2025-06-19,WH03,S1,20,160,12072,12072,9.43125,12600,95.81,0,122,1.01,95.6,531,11541,2025,6,June,Thursday,False,Very High,True,0.0,False
2025-06-19,WH03,S2,19,152,9144,18288,7.519736842105263,11400,80.21,0,54,0.59,96.19,349,8795,2025,6,June,Thursday,False,High,False,0.0,False
2025-06-19,WH03,S3,15,120,6720,6720,7.0,7650,87.84,0,87,1.29,95.27,318,6402,2025,6,June,Thursday,False,Very High,True,0.0,False
2025-06-19,WH04,S1,23,184,13160,13160,8.940217391304348,15842,83.07,0,109,0.83,96.77,425,12735,2025,6,June,Thursday,False,High,False,0.0,False
2025-06-19,WH04,S2,22,176,12952,12952,9.198863636363637,14432,89.75,0,144,1.11,95.29,609,12343,2025,6,June,Thursday,False,Very High,True,0.0,False
2025-06-19,WH04,S3,17,136,7416,7416,6.816176470588236,9479,78.24,0,56,0.76,95.84,308,7108,2025,6,June,Thursday,False,High,False,0.0,False
2025-06-19,WH05,S1,18,144,10928,10928,9.48611111111111,10584,103.25,344,114,1.04,93.51,709,10219,2025,6,June,Thursday,False,Over Capacity,True,3.15,True
2025-06-19,WH05,S2,17,136,11208,11208,10.301470588235292,9520,117.73,1688,116,1.03,88.77,1259,9949,2025,6,June,Thursday,False,Over Capacity,True,15.06,True
2025-06-19,WH05,S3,14,112,6176,6176,6.892857142857143,6664,92.68,0,72,1.17,95.91,253,5923,2025,6,June,Thursday,False,Very High,True,0.0,False
2025-06-20,WH01,S1,25,200,13920,27840,8.7,17850,77.98,0,118,0.85,96.7,460,13460,2025,6,June,Friday,False,High,False,0.0,False
2025-06-20,WH01,S2,24,192,13200,39600,8.59375,16320,80.88,0,115,0.87,95.37,611,12589,2025,6,June,Friday,False,High,False,0.0,False
2025-06-20,WH01,S3,19,152,8760,8760,7.203947368421052,10982,79.77,0,73,0.83,95.18,422,8338,2025,6,June,Friday,False,High,False,0.0,False
2025-06-20,WH02,S1,30,240,14632,14632,7.620833333333334,22680,64.51,0,135,0.92,97.05,432,14200,2025,6,June,Friday,False,Normal,False,0.0,False
2025-06-20,WH02,S2,28,224,15560,15560,8.683035714285714,20160,77.18,0,101,0.65,95.29,733,14827,2025,6,June,Friday,False,High,False,0.0,False
2025-06-20,WH02,S3,22,176,11184,33552,7.943181818181818,13464,83.07,0,84,0.75,96.57,384,10800,2025,6,June,Friday,False,High,False,0.0,False
2025-06-20,WH03,S1,20,160,11240,22480,8.78125,12600,89.21,0,101,0.9,95.7,483,10757,2025,6,June,Friday,False,Very High,True,0.0,False
2025-06-20,WH03,S2,19,152,8416,8416,6.921052631578948,11400,73.82,0,61,0.72,96.29,312,8104,2025,6,June,Friday,False,Normal,False,0.0,False
2025-06-20,WH03,S3,15,120,7248,21744,7.55,7650,94.75,0,76,1.05,96.6,247,7001,2025,6,June,Friday,False,Very High,True,0.0,False
2025-06-20,WH04,S1,23,184,12128,12128,8.23913043478261,15842,76.56,0,92,0.76,96.15,467,11661,2025,6,June,Friday,False,High,False,0.0,False
2025-06-20,WH04,S2,22,176,13584,27168,9.647727272727272,14432,94.12,0,151,1.11,96.7,448,13136,2025,6,June,Friday,False,Very High,True,0.0,False
2025-06-20,WH04,S3,17,136,8416,25248,7.735294117647059,9479,88.79,0,95,1.13,94.78,439,7977,2025,6,June,Friday,False,Very High,True,0.0,False
2025-06-20,WH05,S1,18,144,11248,11248,9.76388888888889,10584,106.27,664,117,1.04,87.24,1435,9813,2025,6,June,Friday,False,Over Capacity,True,5.9,True
2025-06-20,WH05,S2,17,136,8696,8696,7.992647058823529,9520,91.34,0,82,0.94,95.15,421,8275,2025,6,June,Friday,False,Very High,True,0.0,False
2025-06-20,WH05,S3,14,112,6392,6392,7.133928571428571,6664,95.92,0,87,1.36,94.7,339,6053,2025,6,June,Friday,False,Very High,True,0.0,False
2025-06-21,WH01,S1,25,200,8488,16976,5.305,17850,47.55,0,70,0.82,97.46,216,8272,2025,6,June,Saturday,False,Low,False,0.0,False
2025-06-21,WH01,S2,24,192,7976,23928,5.192708333333333,16320,48.87,0,43,0.54,97.56,195,7781,2025,6,June,Saturday,False,Low,False,0.0,False
2025-06-21,WH01,S3,19,152,5104,10208,4.197368421052632,10982,46.48,0,42,0.82,95.35,237,4867,2025,6,June,Saturday,False,Low,False,0.0,False
2025-06-21,WH02,S1,30,240,9192,9192,4.7875,22680,40.53,0,88,0.96,94.6,496,8696,2025,6,June,Saturday,False,Low,False,0.0,False
2025-06-21,WH02,S2,28,224,9304,9304,5.191964285714286,20160,46.15,0,64,0.69,96.8,298,9006,2025,6,June,Saturday,False,Low,False,0.0,False
2025-06-21,WH02,S3,22,176,5224,5224,3.710227272727273,13464,38.8,0,48,0.92,95.22,250,4974,2025,6,June,Saturday,False,Low,False,0.0,False
2025-06-21,WH03,S1,20,160,6768,6768,5.2875,12600,53.71,0,60,0.89,96.18,259,6509,2025,6,June,Saturday,False,Low,False,0.0,False
2025-06-21,WH03,S2,19,152,5744,5744,4.723684210526316,11400,50.39,0,39,0.68,94.44,319,5425,2025,6,June,Saturday,False,Low,False,0.0,False
2025-06-21,WH03,S3,15,120,5184,5184,5.4,7650,67.76,0,33,0.64,95.98,208,4976,2025,6,June,Saturday,False,Normal,False,0.0,False
2025-06-21,WH04,S1,23,184,8904,8904,6.048913043478261,15842,56.21,0,63,0.71,94.36,503,8401,2025,6,June,Saturday,False,Low,False,0.0,False
2025-06-21,WH04,S2,22,176,7304,7304,5.1875,14432,50.61,0,57,0.78,97.44,187,7117,2025,6,June,Saturday,False,Low,False,0.0,False
2025-06-21,WH04,S3,17,136,5136,5136,4.720588235294118,9479,54.18,0,36,0.7,97.25,141,4995,2025,6,June,Saturday,False,Low,False,0.0,False
2025-06-21,WH05,S1,18,144,6328,12656,5.493055555555555,10584,59.79,0,59,0.93,98.1,120,6208,2025,6,June,Saturday,False,Low,False,0.0,False
2025-06-21,WH05,S2,17,136,6176,6176,5.676470588235294,9520,64.87,0,57,0.92,96.47,218,5958,2025,6,June,Saturday,False,Normal,False,0.0,False
2025-06-21,WH05,S3,14,112,4104,4104,4.580357142857143,6664,61.58,0,24,0.58,95.56,182,3922,2025,6,June,Saturday,False,Normal,False,0.0,False
2025-06-22,WH01,S1,25,200,8992,17984,5.62,17850,50.38,0,82,0.91,94.74,473,8519,2025,6,June,Sunday,True,Low,False,0.0,False
2025-06-22,WH01,S2,24,192,7104,14208,4.625,16320,43.53,0,69,0.97,96.08,278,6826,2025,6,June,Sunday,True,Low,False,0.0,False
2025-06-22,WH01,S3,19,152,4400,4400,3.6184210526315783,10982,40.07,0,42,0.95,97.24,121,4279,2025,6,June,Sunday,True,Low,False,0.0,False
2025-06-22,WH02,S1,30,240,9296,27888,4.841666666666667,22680,40.99,0,69,0.74,95.43,425,8871,2025,6,June,Sunday,True,Low,False,0.0,False
2025-06-22,WH02,S2,28,224,7832,7832,4.370535714285714,20160,38.85,0,61,0.78,96.98,236,7596,2025,6,June,Sunday,True,Low,False,0.0,False
2025-06-22,WH02,S3,22,176,5704,5704,4.051136363636363,13464,42.36,0,45,0.79,95.24,271,5433,2025,6,June,Sunday,True,Low,False,0.0,False
2025-06-22,WH03,S1,20,160,6824,13648,5.33125,12600,54.16,0,56,0.82,96.04,270,6554,2025,6,June,Sunday,True,Low,False,0.0,False
2025-06-22,WH03,S2,19,152,4896,4896,4.026315789473684,11400,42.95,0,36,0.74,96.35,179,4717,2025,6,June,Sunday,True,Low,False,0.0,False
2025-06-22,WH03,S3,15,120,3368,3368,3.5083333333333333,7650,44.03,0,27,0.8,97.25,93,3275,2025,6,June,Sunday,True,Low,False,0.0,False
2025-06-22,WH04,S1,23,184,6312,12624,4.288043478260869,15842,39.84,0,40,0.63,96.76,204,6108,2025,6,June,Sunday,True,Low,False,0.0,False
2025-06-22,WH04,S2,22,176,4736,9472,3.363636363636364,14432,32.82,0,50,1.06,96.96,144,4592,2025,6,June,Sunday,True,Low,False,0.0,False
2025-06-22,WH04,S3,17,136,5088,5088,4.676470588235294,9479,53.68,0,31,0.61,94.61,274,4814,2025,6,June,Sunday,True,Low,False,0.0,False
2025-06-22,WH05,S1,18,144,6136,12272,5.326388888888889,10584,57.97,0,36,0.59,94.94,310,5826,2025,6,June,Sunday,True,Low,False,0.0,False
2025-06-22,WH05,S2,17,136,4408,4408,4.051470588235294,9520,46.3,0,27,0.61,96.2,168,4240,2025,6,June,Sunday,True,Low,False,0.0,False
2025-06-22,WH05,S3,14,112,3200,3200,3.571428571428572,6664,48.02,0,25,0.78,96.05,126,3074,2025,6,June,Sunday,True,Low,False,0.0,False
2025-06-23,WH01,S1,25,200,14472,28944,9.045,17850,81.08,0,108,0.75,96.42,518,13954,2025,6,June,Monday,False,High,False,0.0,False
2025-06-23,WH01,S2,24,192,13080,13080,8.515625,16320,80.15,0,98,0.75,94.66,699,12381,2025,6,June,Monday,False,High,False,0.0,False
2025-06-23,WH01,S3,19,152,9384,9384,7.717105263157895,10982,85.45,0,88,0.94,96.83,298,9086,2025,6,June,Monday,False,Very High,True,0.0,False
2025-06-23,WH02,S1,30,240,17080,17080,8.895833333333334,22680,75.31,0,113,0.66,96.2,648,16432,2025,6,June,Monday,False,High,False,0.0,False
2025-06-23,WH02,S2,28,224,14480,43440,8.080357142857142,20160,71.83,0,147,1.02,96.62,490,13990,2025,6,June,Monday,False,Normal,False,0.0,False
2025-06-23,WH02,S3,22,176,11968,35904,8.5,13464,88.89,0,137,1.14,95.43,547,11421,2025,6,June,Monday,False,Very High,True,0.0,False
2025-06-23,WH03,S1,20,160,11488,34464,8.975,12600,91.17,0,134,1.17,97.69,265,11223,2025,6,June,Monday,False,Very High,True,0.0,False
2025-06-23,WH03,S2,19,152,10672,10672,8.776315789473685,11400,93.61,0,163,1.53,97.6,256,10416,2025,6,June,Monday,False,Very High,True,0.0,False
2025-06-23,WH03,S3,15,120,7320,14640,7.625,7650,95.69,0,82,1.12,95.05,362,6958,2025,6,June,Monday,False,Very High,True,0.0,False
2025-06-23,WH04,S1,23,184,11992,23984,8.146739130434783,15842,75.7,0,109,0.91,94.45,666,11326,2025,6,June,Monday,False,High,False,0.0,False
2025-06-23,WH04,S2,22,176,10288,30864,7.306818181818182,14432,71.29,0,64,0.62,96.5,360,9928,2025,6,June,Monday,False,Normal,False,0.0,False
2025-06-23,WH04,S3,17,136,6584,6584,6.051470588235294,9479,69.46,0,62,0.94,94.9,336,6248,2025,6,June,Monday,False,Normal,False,0.0,False
2025-06-23,WH05,S1,18,144,8576,8576,7.444444444444445,10584,81.03,0,63,0.73,95.43,392,8184,2025,6,June,Monday,False,High,False,0.0,False
2025-06-23,WH05,S2,17,136,11360,11360,10.441176470588236,9520,119.33,1840,122,1.07,88.93,1257,10103,2025,6,June,Monday,False,Over Capacity,True,16.2,True
2025-06-23,WH05,S3,14,112,7160,7160,7.991071428571429,6664,107.44,496,88,1.23,92.35,548,6612,2025,6,June,Monday,False,Over Capacity,True,6.93,True
2025-06-24,WH01,S1,25,200,15336,15336,9.585,17850,85.92,0,151,0.98,96.59,523,14813,2025,6,June,Tuesday,False,Very High,True,0.0,False
2025-06-24,WH01,S2,24,192,11392,11392,7.416666666666667,16320,69.8,0,79,0.69,97.4,296,11096,2025,6,June,Tuesday,False,Normal,False,0.0,False
2025-06-24,WH01,S3,19,152,9488,9488,7.802631578947368,10982,86.4,0,85,0.9,97.08,277,9211,2025,6,June,Tuesday,False,Very High,True,0.0,False
2025-06-24,WH02,S1,30,240,16848,16848,8.775,22680,74.29,0,119,0.71,95.85,700,16148,2025,6,June,Tuesday,False,Normal,False,0.0,False
2025-06-24,WH02,S2,28,224,12648,37944,7.058035714285714,20160,62.74,0,91,0.72,98.56,183,12465,2025,6,June,Tuesday,False,Normal,False,0.0,False
2025-06-24,WH02,S3,22,176,11672,11672,8.289772727272727,13464,86.69,0,160,1.37,96.83,370,11302,2025,6,June,Tuesday,False,Very High,True,0.0,False
2025-06-24,WH03,S1,20,160,12256,12256,9.575,12600,97.27,0,103,0.84,95.07,604,11652,2025,6,June,Tuesday,False,Very High,True,0.0,False
2025-06-24,WH03,S2,19,152,12576,25152,10.342105263157896,11400,110.32,1176,162,1.29,88.16,1489,11087,2025,6,June,Tuesday,False,Over Capacity,True,9.35,True
2025-06-24,WH03,S3,15,120,6048,6048,6.3,7650,79.06,0,44,0.73,95.88,249,5799,2025,6,June,Tuesday,False,High,False,0.0,False
2025-06-24,WH04,S1,23,184,13280,13280,9.021739130434783,15842,83.83,0,113,0.85,96.05,524,12756,2025,6,June,Tuesday,False,High,False,0.0,False
2025-06-24,WH04,S2,22,176,10888,21776,7.732954545454546,14432,75.44,0,85,0.78,96.59,371,10517,2025,6,June,Tuesday,False,High,False,0.0,False
2025-06-24,WH04,S3,17,136,5968,5968,5.485294117647059,9479,62.96,0,38,0.64,95.39,275,5693,2025,6,June,Tuesday,False,Normal,False,0.0,False
2025-06-24,WH05,S1,18,144,10392,10392,9.020833333333334,10584,98.19,0,91,0.88,96.68,345,10047,2025,6,June,Tuesday,False,Very High,True,0.0,False
2025-06-24,WH05,S2,17,136,8528,8528,7.838235294117647,9520,89.58,0,84,0.98,97.86,182,8346,2025,6,June,Tuesday,False,Very High,True,0.0,False
2025-06-24,WH05,S3,14,112,6096,12192,6.803571428571429,6664,91.48,0,72,1.18,95.31,286,5810,2025,6,June,Tuesday,False,Very High,True,0.0,False
2025-06-25,WH01,S1,25,200,13080,13080,8.175,17850,73.28,0,98,0.75,95.39,603,12477,2025,6,June,Wednesday,False,Normal,False,0.0,False
2025-06-25,WH01,S2,24,192,13104,26208,8.53125,16320,80.29,0,91,0.69,95.07,647,12457,2025,6,June,Wednesday,False,High,False,0.0,False
2025-06-25,WH01,S3,19,152,9272,9272,7.625,10982,84.43,0,69,0.74,97.21,259,9013,2025,6,June,Wednesday,False,High,False,0.0,False
2025-06-25,WH02,S1,30,240,18752,18752,9.766666666666667,22680,82.68,0,117,0.62,95.36,871,17881,2025,6,June,Wednesday,False,High,False,0.0,False
2025-06-25,WH02,S2,28,224,14632,14632,8.165178571428571,20160,72.58,0,87,0.59,95.0,732,13900,2025,6,June,Wednesday,False,Normal,False,0.0,False
2025-06-25,WH02,S3,22,176,10944,21888,7.772727272727272,13464,81.28,0,73,0.67,95.21,524,10420,2025,6,June,Wednesday,False,High,False,0.0,False
2025-06-25,WH03,S1,20,160,11920,11920,9.3125,12600,94.6,0,114,0.96,96.64,400,11520,2025,6,June,Wednesday,False,Very High,True,0.0,False
2025-06-25,WH03,S2,19,152,10392,20784,8.546052631578947,11400,91.16,0,105,1.01,96.21,394,9998,2025,6,June,Wednesday,False,Very High,True,0.0,False
2025-06-25,WH03,S3,15,120,5816,5816,6.058333333333334,7650,76.03,0,50,0.86,95.28,275,5541,2025,6,June,Wednesday,False,High,False,0.0,False
2025-06-25,WH04,S1,23,184,12480,12480,8.478260869565217,15842,78.78,0,78,0.62,97.88,264,12216,2025,6,June,Wednesday,False,High,False,0.0,False
2025-06-25,WH04,S2,22,176,11032,11032,7.835227272727272,14432,76.44,0,90,0.82,96.18,422,10610,2025,6,June,Wednesday,False,High,False,0.0,False
2025-06-25,WH04,S3,17,136,8080,16160,7.426470588235294,9479,85.24,0,93,1.15,94.83,418,7662,2025,6,June,Wednesday,False,Very High,True,0.0,False
2025-06-25,WH05,S1,18,144,10320,10320,8.958333333333334,10584,97.51,0,105,1.02,96.18,394,9926,2025,6,June,Wednesday,False,Very High,True,0.0,False
2025-06-25,WH05,S2,17,136,7400,7400,6.801470588235294,9520,77.73,0,59,0.8,97.0,222,7178,2025,6,June,Wednesday,False,High,False,0.0,False
2025-06-25,WH05,S3,14,112,6360,6360,7.098214285714286,6664,95.44,0,55,0.86,95.51,286,6074,2025,6,June,Wednesday,False,Very High,True,0.0,False
2025-06-26,WH01,S1,25,200,13520,27040,8.45,17850,75.74,0,113,0.84,97.03,402,13118,2025,6,June,Thursday,False,High,False,0.0,False
2025-06-26,WH01,S2,24,192,12120,24240,7.890625,16320,74.26,0,81,0.67,95.11,593,11527,2025,6,June,Thursday,False,Normal,False,0.0,False
2025-06-26,WH01,S3,19,152,9296,18592,7.644736842105263,10982,84.65,0,64,0.69,95.88,383,8913,2025,6,June,Thursday,False,High,False,0.0,False
2025-06-26,WH02,S1,30,240,17192,34384,8.954166666666667,22680,75.8,0,180,1.05,95.71,738,16454,2025,6,June,Thursday,False,High,False,0.0,False
2025-06-26,WH02,S2,28,224,13024,13024,7.267857142857143,20160,64.6,0,111,0.85,96.37,473,12551,2025,6,June,Thursday,False,Normal,False,0.0,False
2025-06-26,WH02,S3,22,176,10872,21744,7.721590909090909,13464,80.75,0,69,0.63,97.22,302,10570,2025,6,June,Thursday,False,High,False,0.0,False
2025-06-26,WH03,S1,20,160,10224,20448,7.9875,12600,81.14,0,97,0.95,97.08,299,9925,2025,6,June,Thursday,False,High,False,0.0,False
2025-06-26,WH03,S2,19,152,9464,9464,7.782894736842105,11400,83.02,0,65,0.69,96.88,295,9169,2025,6,June,Thursday,False,High,False,0.0,False
2025-06-26,WH03,S3,15,120,7472,7472,7.783333333333333,7650,97.67,0,73,0.98,94.29,427,7045,2025,6,June,Thursday,False,Very High,True,0.0,False
2025-06-26,WH04,S1,23,184,14736,14736,10.01086956521739,15842,93.02,0,160,1.09,93.92,897,13839,2025,6,June,Thursday,False,Very High,True,0.0,False
2025-06-26,WH04,S2,22,176,12608,25216,8.954545454545455,14432,87.36,0,128,1.02,95.91,515,12093,2025,6,June,Thursday,False,Very High,True,0.0,False
2025-06-26,WH04,S3,17,136,8960,17920,8.235294117647058,9479,94.52,0,122,1.36,97.46,228,8732,2025,6,June,Thursday,False,Very High,True,0.0,False
2025-06-26,WH05,S1,18,144,10232,10232,8.881944444444445,10584,96.67,0,168,1.64,96.46,362,9870,2025,6,June,Thursday,False,Very High,True,0.0,False
2025-06-26,WH05,S2,17,136,9960,9960,9.154411764705882,9520,104.62,440,105,1.05,91.84,813,9147,2025,6,June,Thursday,False,Over Capacity,True,4.42,True
2025-06-26,WH05,S3,14,112,6680,6680,7.455357142857143,6664,100.24,16,81,1.21,94.96,337,6343,2025,6,June,Thursday,False,Over Capacity,True,0.24,True
2025-06-27,WH01,S1,25,200,15776,31552,9.86,17850,88.38,0,153,0.97,95.92,644,15132,2025,6,June,Friday,False,Very High,True,0.0,False
2025-06-27,WH01,S2,24,192,12456,12456,8.109375,16320,76.32,0,96,0.77,96.92,383,12073,2025,6,June,Friday,False,High,False,0.0,False
2025-06-27,WH01,S3,19,152,10248,10248,8.427631578947368,10982,93.32,0,100,0.98,96.07,403,9845,2025,6,June,Friday,False,Very High,True,0.0,False
2025-06-27,WH02,S1,30,240,21368,42736,11.129166666666666,22680,94.22,0,275,1.29,95.8,898,20470,2025,6,June,Friday,False,Very High,True,0.0,False
2025-06-27,WH02,S2,28,224,14496,28992,8.089285714285714,20160,71.9,0,142,0.98,94.68,772,13724,2025,6,June,Friday,False,Normal,False,0.0,False
2025-06-27,WH02,S3,22,176,9520,9520,6.761363636363637,13464,70.71,0,56,0.59,95.73,407,9113,2025,6,June,Friday,False,Normal,False,0.0,False
2025-06-27,WH03,S1,20,160,10112,30336,7.9,12600,80.25,0,85,0.84,96.26,378,9734,2025,6,June,Friday,False,High,False,0.0,False
2025-06-27,WH03,S2,19,152,10696,10696,8.796052631578947,11400,93.82,0,128,1.2,94.87,549,10147,2025,6,June,Friday,False,Very High,True,0.0,False
2025-06-27,WH03,S3,15,120,7680,7680,8.0,7650,100.39,30,84,1.09,96.35,280,7400,2025,6,June,Friday,False,Over Capacity,True,0.39,False
2025-06-27,WH04,S1,23,184,13584,27168,9.228260869565217,15842,85.75,0,138,1.02,95.64,593,12991,2025,6,June,Friday,False,Very High,True,0.0,False
2025-06-27,WH04,S2,22,176,11712,23424,8.318181818181818,14432,81.15,0,69,0.59,95.81,491,11221,2025,6,June,Friday,False,High,False,0.0,False
2025-06-27,WH04,S3,17,136,7960,7960,7.3161764705882355,9479,83.98,0,73,0.92,96.19,303,7657,2025,6,June,Friday,False,High,False,0.0,False
2025-06-27,WH05,S1,18,144,10200,10200,8.854166666666666,10584,96.37,0,137,1.34,97.03,303,9897,2025,6,June,Friday,False,Very High,True,0.0,False
2025-06-27,WH05,S2,17,136,9672,9672,8.889705882352942,9520,101.6,152,88,0.91,95.65,421,9251,2025,6,June,Friday,False,Over Capacity,True,1.57,False
2025-06-27,WH05,S3,14,112,5528,5528,6.169642857142857,6664,82.95,0,47,0.85,94.42,309,5219,2025,6,June,Friday,False,High,False,0.0,False
2025-06-28,WH01,S1,25,200,9512,9512,5.945,17850,53.29,0,78,0.82,95.64,415,9097,2025,6,June,Saturday,False,Low,False,0.0,False
2025-06-28,WH01,S2,24,192,7616,15232,4.958333333333333,16320,46.67,0,83,1.09,96.97,231,7385,2025,6,June,Saturday,False,Low,False,0.0,False
2025-06-28,WH01,S3,19,152,6280,6280,5.164473684210527,10982,57.18,0,40,0.64,94.98,315,5965,2025,6,June,Saturday,False,Low,False,0.0,False
2025-06-28,WH02,S1,30,240,9320,18640,4.854166666666667,22680,41.09,0,65,0.7,96.72,306,9014,2025,6,June,Saturday,False,Low,False,0.0,False
2025-06-28,WH02,S2,28,224,9056,9056,5.053571428571429,20160,44.92,0,72,0.8,96.59,309,8747,2025,6,June,Saturday,False,Low,False,0.0,False
2025-06-28,WH02,S3,22,176,7288,7288,5.176136363636363,13464,54.13,0,53,0.73,95.38,336,6952,2025,6,June,Saturday,False,Low,False,0.0,False
2025-06-28,WH03,S1,20,160,8016,24048,6.2625,12600,63.62,0,72,0.9,97.88,170,7846,2025,6,June,Saturday,False,Normal,False,0.0,False
2025-06-28,WH03,S2,19,152,6984,6984,5.743421052631579,11400,61.26,0,63,0.9,95.68,301,6683,2025,6,June,Saturday,False,Normal,False,0.0,False
2025-06-28,WH03,S3,15,120,4224,8448,4.4,7650,55.22,0,27,0.64,95.92,172,4052,2025,6,June,Saturday,False,Low,False,0.0,False
2025-06-28,WH04,S1,23,184,7328,14656,4.978260869565218,15842,46.26,0,48,0.66,95.13,357,6971,2025,6,June,Saturday,False,Low,False,0.0,False
2025-06-28,WH04,S2,22,176,6368,6368,4.5227272727272725,14432,44.12,0,55,0.86,96.63,215,6153,2025,6,June,Saturday,False,Low,False,0.0,False
2025-06-28,WH04,S3,17,136,5144,5144,4.727941176470588,9479,54.27,0,52,1.01,96.51,179,4965,2025,6,June,Saturday,False,Low,False,0.0,False
2025-06-28,WH05,S1,18,144,6176,6176,5.361111111111111,10584,58.35,0,53,0.86,95.79,260,5916,2025,6,June,Saturday,False,Low,False,0.0,False
2025-06-28,WH05,S2,17,136,5640,11280,5.1838235294117645,9520,59.24,0,55,0.98,95.99,226,5414,2025,6,June,Saturday,False,Low,False,0.0,False
2025-06-28,WH05,S3,14,112,3976,3976,4.4375,6664,59.66,0,29,0.73,95.81,167,3809,2025,6,June,Saturday,False,Low,False,0.0,False
2025-06-29,WH01,S1,25,200,7336,22008,4.585,17850,41.1,0,55,0.75,96.3,271,7065,2025,6,June,Sunday,True,Low,False,0.0,False
2025-06-29,WH01,S2,24,192,6000,6000,3.90625,16320,36.76,0,49,0.82,95.6,264,5736,2025,6,June,Sunday,True,Low,False,0.0,False
2025-06-29,WH01,S3,19,152,5560,11120,4.572368421052632,10982,50.63,0,45,0.81,96.28,207,5353,2025,6,June,Sunday,True,Low,False,0.0,False
2025-06-29,WH02,S1,30,240,9144,18288,4.7625,22680,40.32,0,67,0.73,92.9,649,8495,2025,6,June,Sunday,True,Low,False,0.0,False
2025-06-29,WH02,S2,28,224,6824,6824,3.8080357142857135,20160,33.85,0,63,0.92,95.48,309,6515,2025,6,June,Sunday,True,Low,False,0.0,False
2025-06-29,WH02,S3,22,176,4992,4992,3.5454545454545454,13464,37.08,0,39,0.78,96.03,198,4794,2025,6,June,Sunday,True,Low,False,0.0,False
2025-06-29,WH03,S1,20,160,7696,15392,6.0125,12600,61.08,0,43,0.56,95.8,323,7373,2025,6,June,Sunday,True,Normal,False,0.0,False
2025-06-29,WH03,S2,19,152,6192,12384,5.092105263157895,11400,54.32,0,44,0.71,96.85,195,5997,2025,6,June,Sunday,True,Low,False,0.0,False
2025-06-29,WH03,S3,15,120,4400,4400,4.583333333333333,7650,57.52,0,28,0.64,95.06,217,4183,2025,6,June,Sunday,True,Low,False,0.0,False
2025-06-29,WH04,S1,23,184,7096,7096,4.820652173913044,15842,44.79,0,55,0.78,96.14,274,6822,2025,6,June,Sunday,True,Low,False,0.0,False
2025-06-29,WH04,S2,22,176,5208,10416,3.698863636363636,14432,36.09,0,34,0.65,96.74,170,5038,2025,6,June,Sunday,True,Low,False,0.0,False
2025-06-29,WH04,S3,17,136,3696,3696,3.397058823529412,9479,38.99,0,21,0.57,97.68,86,3610,2025,6,June,Sunday,True,Low,False,0.0,False
2025-06-29,WH05,S1,18,144,5320,5320,4.618055555555555,10584,50.26,0,46,0.86,95.38,246,5074,2025,6,June,Sunday,True,Low,False,0.0,False
2025-06-29,WH05,S2,17,136,3960,3960,3.639705882352941,9520,41.6,0,37,0.93,95.73,169,3791,2025,6,June,Sunday,True,Low,False,0.0,False
2025-06-29,WH05,S3,14,112,3344,3344,3.732142857142857,6664,50.18,0,32,0.96,96.12,130,3214,2025,6,June,Sunday,True,Low,False,0.0,False
2025-06-30,WH01,S1,25,200,16512,16512,10.32,17850,92.5,0,162,0.98,95.07,814,15698,2025,6,June,Monday,False,Very High,True,0.0,False
2025-06-30,WH01,S2,24,192,11720,35160,7.630208333333333,16320,71.81,0,107,0.91,96.44,417,11303,2025,6,June,Monday,False,Normal,False,0.0,False
2025-06-30,WH01,S3,19,152,8160,8160,6.7105263157894735,10982,74.3,0,78,0.96,94.87,418,7742,2025,6,June,Monday,False,Normal,False,0.0,False
2025-06-30,WH02,S1,30,240,16352,32704,8.516666666666667,22680,72.1,0,167,1.02,96.96,496,15856,2025,6,June,Monday,False,Normal,False,0.0,False
2025-06-30,WH02,S2,28,224,13016,26032,7.263392857142857,20160,64.56,0,100,0.77,96.02,518,12498,2025,6,June,Monday,False,Normal,False,0.0,False
2025-06-30,WH02,S3,22,176,9616,9616,6.829545454545454,13464,71.42,0,54,0.56,95.26,456,9160,2025,6,June,Monday,False,Normal,False,0.0,False
2025-06-30,WH03,S1,20,160,12640,12640,9.875,12600,100.32,40,145,1.15,96.66,422,12218,2025,6,June,Monday,False,Over Capacity,True,0.32,False
2025-06-30,WH03,S2,19,152,11128,11128,9.151315789473683,11400,97.61,0,112,1.01,95.99,446,10682,2025,6,June,Monday,False,Very High,True,0.0,False
2025-06-30,WH03,S3,15,120,7960,15920,8.291666666666666,7650,104.05,310,94,1.18,92.53,594,7366,2025,6,June,Monday,False,Over Capacity,True,3.89,True
2025-06-30,WH04,S1,23,184,12832,12832,8.717391304347826,15842,81.0,0,74,0.58,96.52,447,12385,2025,6,June,Monday,False,High,False,0.0,False
2025-06-30,WH04,S2,22,176,9024,18048,6.409090909090909,14432,62.53,0,65,0.72,96.67,301,8723,2025,6,June,Monday,False,Normal,False,0.0,False
2025-06-30,WH04,S3,17,136,8488,8488,7.801470588235294,9479,89.55,0,123,1.45,95.39,391,8097,2025,6,June,Monday,False,Very High,True,0.0,False
2025-06-30,WH05,S1,18,144,10360,20720,8.993055555555555,10584,97.88,0,128,1.24,95.73,442,9918,2025,6,June,Monday,False,Very High,True,0.0,False
2025-06-30,WH05,S2,17,136,8328,8328,7.654411764705882,9520,87.48,0,78,0.94,96.98,251,8077,2025,6,June,Monday,False,Very High,True,0.0,False
2025-06-30,WH05,S3,14,112,7096,21288,7.919642857142857,6664,106.48,432,68,0.96,91.01,638,6458,2025,6,June,Monday,False,Over Capacity,True,6.09,True
2025-07-01,WH01,S1,25,200,9952,9952,6.22,17850,55.75,0,80,0.8,95.52,446,9506,2025,7,July,Tuesday,False,Low,False,0.0,False
2025-07-01,WH01,S2,24,192,9864,9864,6.421875,16320,60.44,0,79,0.8,95.43,451,9413,2025,7,July,Tuesday,False,Normal,False,0.0,False
2025-07-01,WH01,S3,19,152,7176,7176,5.901315789473684,10982,65.34,0,57,0.79,94.59,388,6788,2025,7,July,Tuesday,False,Normal,False,0.0,False
2025-07-01,WH02,S1,30,240,15352,30704,7.995833333333334,22680,67.69,0,122,0.79,96.01,613,14739,2025,7,July,Tuesday,False,Normal,False,0.0,False
2025-07-01,WH02,S2,28,224,11224,11224,6.263392857142857,20160,55.67,0,111,0.99,95.01,560,10664,2025,7,July,Tuesday,False,Low,False,0.0,False
2025-07-01,WH02,S3,22,176,9488,9488,6.738636363636363,13464,70.47,0,67,0.71,94.36,535,8953,2025,7,July,Tuesday,False,Normal,False,0.0,False
2025-07-01,WH03,S1,20,160,12368,12368,9.6625,12600,98.16,0,170,1.37,96.15,477,11891,2025,7,July,Tuesday,False,Very High,True,0.0,False
2025-07-01,WH03,S2,19,152,8768,8768,7.2105263157894735,11400,76.91,0,71,0.81,94.12,516,8252,2025,7,July,Tuesday,False,High,False,0.0,False
2025-07-01,WH03,S3,15,120,6584,6584,6.858333333333333,7650,86.07,0,62,0.94,96.65,221,6363,2025,7,July,Tuesday,False,Very High,True,0.0,False
2025-07-01,WH04,S1,23,184,10824,10824,7.353260869565218,15842,68.32,0,76,0.7,97.78,240,10584,2025,7,July,Tuesday,False,Normal,False,0.0,False
2025-07-01,WH04,S2,22,176,8192,8192,5.818181818181818,14432,56.76,0,66,0.81,97.75,184,8008,2025,7,July,Tuesday,False,Low,False,0.0,False
2025-07-01,WH04,S3,17,136,6568,13136,6.036764705882353,9479,69.29,0,55,0.84,95.39,302,6266,2025,7,July,Tuesday,False,Normal,False,0.0,False
2025-07-01,WH05,S1,18,144,8384,8384,7.277777777777778,10584,79.21,0,60,0.72,96.01,335,8049,2025,7,July,Tuesday,False,High,False,0.0,False
2025-07-01,WH05,S2,17,136,7400,7400,6.801470588235294,9520,77.73,0,72,0.97,94.83,383,7017,2025,7,July,Tuesday,False,High,False,0.0,False
2025-07-01,WH05,S3,14,112,4344,4344,4.848214285714286,6664,65.19,0,33,0.76,95.54,194,4150,2025,7,July,Tuesday,False,Normal,False,0.0,False
2025-07-02,WH01,S1,25,200,11240,22480,7.025,17850,62.97,0,119,1.06,95.5,506,10734,2025,7,July,Wednesday,False,Normal,False,0.0,False
2025-07-02,WH01,S2,24,192,11320,22640,7.369791666666667,16320,69.36,0,118,1.04,96.03,449,10871,2025,7,July,Wednesday,False,Normal,False,0.0,False
2025-07-02,WH01,S3,19,152,9552,9552,7.855263157894737,10982,86.98,0,104,1.09,94.72,504,9048,2025,7,July,Wednesday,False,Very High,True,0.0,False
2025-07-02,WH02,S1,30,240,14592,29184,7.6,22680,64.34,0,131,0.9,95.69,628,13964,2025,7,July,Wednesday,False,Normal,False,0.0,False
2025-07-02,WH02,S2,28,224,11400,11400,6.361607142857143,20160,56.55,0,71,0.62,94.25,655,10745,2025,7,July,Wednesday,False,Low,False,0.0,False
2025-07-02,WH02,S3,22,176,7464,22392,5.301136363636363,13464,55.44,0,59,0.79,96.96,227,7237,2025,7,July,Wednesday,False,Low,False,0.0,False
2025-07-02,WH03,S1,20,160,10440,20880,8.15625,12600,82.86,0,79,0.76,95.23,498,9942,2025,7,July,Wednesday,False,High,False,0.0,False
2025-07-02,WH03,S2,19,152,8808,17616,7.243421052631579,11400,77.26,0,52,0.59,97.72,201,8607,2025,7,July,Wednesday,False,High,False,0.0,False
2025-07-02,WH03,S3,15,120,6160,12320,6.416666666666667,7650,80.52,0,69,1.12,97.7,142,6018,2025,7,July,Wednesday,False,High,False,0.0,False
2025-07-02,WH04,S1,23,184,13360,13360,9.076086956521738,15842,84.33,0,128,0.96,96.12,519,12841,2025,7,July,Wednesday,False,High,False,0.0,False
2025-07-02,WH04,S2,22,176,9120,27360,6.477272727272728,14432,63.19,0,60,0.66,96.22,344,8776,2025,7,July,Wednesday,False,Normal,False,0.0,False
2025-07-02,WH04,S3,17,136,6408,6408,5.889705882352941,9479,67.6,0,55,0.86,95.13,312,6096,2025,7,July,Wednesday,False,Normal,False,0.0,False
2025-07-02,WH05,S1,18,144,9776,9776,8.48611111111111,10584,92.37,0,94,0.96,96.28,363,9413,2025,7,July,Wednesday,False,Very High,True,0.0,False
2025-07-02,WH05,S2,17,136,8152,8152,7.492647058823529,9520,85.63,0,109,1.34,94.88,418,7734,2025,7,July,Wednesday,False,Very High,True,0.0,False
2025-07-02,WH05,S3,14,112,5584,5584,6.232142857142857,6664,83.79,0,57,1.02,95.13,272,5312,2025,7,July,Wednesday,False,High,False,0.0,False
2025-07-03,WH01,S1,25,200,12936,25872,8.085,17850,72.47,0,104,0.8,96.07,509,12427,2025,7,July,Thursday,False,Normal,False,0.0,False
2025-07-03,WH01,S2,24,192,13416,13416,8.734375,16320,82.21,0,113,0.84,95.73,572,12844,2025,7,July,Thursday,False,High,False,0.0,False
2025-07-03,WH01,S3,19,152,8128,8128,6.684210526315789,10982,74.01,0,75,0.92,96.13,314,7814,2025,7,July,Thursday,False,Normal,False,0.0,False
2025-07-03,WH02,S1,30,240,17040,17040,8.875,22680,75.13,0,125,0.73,95.4,784,16256,2025,7,July,Thursday,False,High,False,0.0,False
2025-07-03,WH02,S2,28,224,15424,15424,8.607142857142858,20160,76.51,0,109,0.71,96.36,561,14863,2025,7,July,Thursday,False,High,False,0.0,False
2025-07-03,WH02,S3,22,176,9376,9376,6.659090909090909,13464,69.64,0,86,0.92,96.15,361,9015,2025,7,July,Thursday,False,Normal,False,0.0,False
2025-07-03,WH03,S1,20,160,10760,10760,8.40625,12600,85.4,0,91,0.85,94.36,607,10153,2025,7,July,Thursday,False,Very High,True,0.0,False
2025-07-03,WH03,S2,19,152,7888,7888,6.4868421052631575,11400,69.19,0,62,0.79,95.58,349,7539,2025,7,July,Thursday,False,Normal,False,0.0,False
2025-07-03,WH03,S3,15,120,7464,7464,7.775,7650,97.57,0,92,1.23,97.42,193,7271,2025,7,July,Thursday,False,Very High,True,0.0,False
2025-07-03,WH04,S1,23,184,11784,11784,8.005434782608695,15842,74.38,0,120,1.02,97.86,252,11532,2025,7,July,Thursday,False,Normal,False,0.0,False
2025-07-03,WH04,S2,22,176,8256,16512,5.863636363636363,14432,57.21,0,81,0.98,95.45,375,7881,2025,7,July,Thursday,False,Low,False,0.0,False
2025-07-03,WH04,S3,17,136,5696,11392,5.235294117647059,9479,60.09,0,34,0.6,95.55,253,5443,2025,7,July,Thursday,False,Normal,False,0.0,False
2025-07-03,WH05,S1,18,144,10248,10248,8.895833333333334,10584,96.83,0,99,0.97,95.42,469,9779,2025,7,July,Thursday,False,Very High,True,0.0,False
2025-07-03,WH05,S2,17,136,8304,16608,7.632352941176471,9520,87.23,0,78,0.94,96.42,297,8007,2025,7,July,Thursday,False,Very High,True,0.0,False
2025-07-03,WH05,S3,14,112,5312,10624,5.928571428571429,6664,79.71,0,47,0.88,96.69,176,5136,2025,7,July,Thursday,False,High,False,0.0,False
2025-07-04,WH01,S1,25,200,13488,13488,8.43,17850,75.56,0,106,0.79,96.01,539,12949,2025,7,July,Friday,False,High,False,0.0,False
2025-07-04,WH01,S2,24,192,11728,23456,7.635416666666667,16320,71.86,0,100,0.85,94.38,659,11069,2025,7,July,Friday,False,Normal,False,0.0,False
2025-07-04,WH01,S3,19,152,6704,13408,5.5131578947368425,10982,61.05,0,56,0.84,95.61,294,6410,2025,7,July,Friday,False,Normal,False,0.0,False
2025-07-04,WH02,S1,30,240,15560,15560,8.104166666666666,22680,68.61,0,120,0.77,95.84,647,14913,2025,7,July,Friday,False,Normal,False,0.0,False
2025-07-04,WH02,S2,28,224,13368,26736,7.459821428571429,20160,66.31,0,105,0.79,97.3,361,13007,2025,7,July,Friday,False,Normal,False,0.0,False
2025-07-04,WH02,S3,22,176,8760,8760,6.221590909090909,13464,65.06,0,71,0.81,94.89,448,8312,2025,7,July,Friday,False,Normal,False,0.0,False
2025-07-04,WH03,S1,20,160,11824,23648,9.2375,12600,93.84,0,134,1.13,95.45,538,11286,2025,7,July,Friday,False,Very High,True,0.0,False
2025-07-04,WH03,S2,19,152,10248,10248,8.427631578947368,11400,89.89,0,113,1.1,96.69,340,9908,2025,7,July,Friday,False,Very High,True,0.0,False
2025-07-04,WH03,S3,15,120,8344,8344,8.691666666666666,7650,109.07,694,77,0.92,89.31,892,7452,2025,7,July,Friday,False,Over Capacity,True,8.32,True
2025-07-04,WH04,S1,23,184,8824,8824,5.994565217391305,15842,55.7,0,71,0.8,96.25,331,8493,2025,7,July,Friday,False,Low,False,0.0,False
2025-07-04,WH04,S2,22,176,8640,25920,6.136363636363637,14432,59.87,0,70,0.81,95.97,348,8292,2025,7,July,Friday,False,Low,False,0.0,False
2025-07-04,WH04,S3,17,136,6872,13744,6.316176470588236,9479,72.5,0,67,0.97,94.65,368,6504,2025,7,July,Friday,False,Normal,False,0.0,False
2025-07-04,WH05,S1,18,144,6880,6880,5.972222222222222,10584,65.0,0,62,0.9,96.0,275,6605,2025,7,July,Friday,False,Normal,False,0.0,False
2025-07-04,WH05,S2,17,136,10272,20544,9.441176470588236,9520,107.9,752,101,0.98,87.17,1318,8954,2025,7,July,Friday,False,Over Capacity,True,7.32,True
2025-07-04,WH05,S3,14,112,6392,19176,7.133928571428571,6664,95.92,0,59,0.92,95.81,268,6124,2025,7,July,Friday,False,Very High,True,0.0,False
2025-07-05,WH01,S1,25,200,8944,17888,5.59,17850,50.11,0,61,0.68,94.26,513,8431,2025,7,July,Saturday,False,Low,False,0.0,False
2025-07-05,WH01,S2,24,192,7744,15488,5.041666666666667,16320,47.45,0,52,0.67,96.87,242,7502,2025,7,July,Saturday,False,Low,False,0.0,False
2025-07-05,WH01,S3,19,152,5776,11552,4.75,10982,52.6,0,46,0.8,95.45,263,5513,2025,7,July,Saturday,False,Low,False,0.0,False
2025-07-05,WH02,S1,30,240,10568,10568,5.504166666666666,22680,46.6,0,106,1.0,97.31,284,10284,2025,7,July,Saturday,False,Low,False,0.0,False
2025-07-05,WH02,S2,28,224,8552,17104,4.772321428571429,20160,42.42,0,57,0.67,95.51,384,8168,2025,7,July,Saturday,False,Low,False,0.0,False
2025-07-05,WH02,S3,22,176,5536,16608,3.9318181818181817,13464,41.12,0,55,0.99,95.28,261,5275,2025,7,July,Saturday,False,Low,False,0.0,False
2025-07-05,WH03,S1,20,160,7248,7248,5.6625,12600,57.52,0,60,0.83,97.61,173,7075,2025,7,July,Saturday,False,Low,False,0.0,False
2025-07-05,WH03,S2,19,152,6176,12352,5.078947368421052,11400,54.18,0,53,0.86,95.91,253,5923,2025,7,July,Saturday,False,Low,False,0.0,False
2025-07-05,WH03,S3,15,120,3912,7824,4.075,7650,51.14,0,30,0.77,94.88,200,3712,2025,7,July,Saturday,False,Low,False,0.0,False
2025-07-05,WH04,S1,23,184,7016,7016,4.766304347826087,15842,44.29,0,59,0.84,96.64,236,6780,2025,7,July,Saturday,False,Low,False,0.0,False
2025-07-05,WH04,S2,22,176,7408,14816,5.261363636363637,14432,51.33,0,59,0.8,95.34,345,7063,2025,7,July,Saturday,False,Low,False,0.0,False
2025-07-05,WH04,S3,17,136,5160,10320,4.742647058823529,9479,54.44,0,37,0.72,95.59,227,4933,2025,7,July,Saturday,False,Low,False,0.0,False
2025-07-05,WH05,S1,18,144,6216,6216,5.395833333333333,10584,58.73,0,53,0.85,95.44,283,5933,2025,7,July,Saturday,False,Low,False,0.0,False
2025-07-05,WH05,S2,17,136,4256,8512,3.911764705882353,9520,44.71,0,23,0.54,95.91,174,4082,2025,7,July,Saturday,False,Low,False,0.0,False
2025-07-05,WH05,S3,14,112,3864,7728,4.3125,6664,57.98,0,35,0.91,94.57,210,3654,2025,7,July,Saturday,False,Low,False,0.0,False
2025-07-06,WH01,S1,25,200,7792,23376,4.87,17850,43.65,0,50,0.64,96.81,249,7543,2025,7,July,Sunday,True,Low,False,0.0,False
2025-07-06,WH01,S2,24,192,6136,6136,3.9947916666666665,16320,37.6,0,55,0.9,94.48,339,5797,2025,7,July,Sunday,True,Low,False,0.0,False
2025-07-06,WH01,S3,19,152,3720,7440,3.0592105263157894,10982,33.87,0,33,0.89,97.96,76,3644,2025,7,July,Sunday,True,Low,False,0.0,False
2025-07-06,WH02,S1,30,240,6400,6400,3.333333333333333,22680,28.22,0,49,0.77,96.57,219,6181,2025,7,July,Sunday,True,Low,False,0.0,False
2025-07-06,WH02,S2,28,224,6880,6880,3.8392857142857135,20160,34.13,0,64,0.93,96.16,264,6616,2025,7,July,Sunday,True,Low,False,0.0,False
2025-07-06,WH02,S3,22,176,4976,4976,3.534090909090909,13464,36.96,0,47,0.94,96.0,199,4777,2025,7,July,Sunday,True,Low,False,0.0,False
2025-07-06,WH03,S1,20,160,6408,12816,5.00625,12600,50.86,0,51,0.8,94.13,376,6032,2025,7,July,Sunday,True,Low,False,0.0,False
2025-07-06,WH03,S2,19,152,4464,4464,3.6710526315789473,11400,39.16,0,34,0.76,94.81,232,4232,2025,7,July,Sunday,True,Low,False,0.0,False
2025-07-06,WH03,S3,15,120,3440,3440,3.583333333333333,7650,44.97,0,31,0.9,96.48,121,3319,2025,7,July,Sunday,True,Low,False,0.0,False
2025-07-06,WH04,S1,23,184,6168,6168,4.190217391304348,15842,38.93,0,59,0.96,94.05,367,5801,2025,7,July,Sunday,True,Low,False,0.0,False
2025-07-06,WH04,S2,22,176,5608,5608,3.9829545454545454,14432,38.86,0,37,0.66,96.92,173,5435,2025,7,July,Sunday,True,Low,False,0.0,False
2025-07-06,WH04,S3,17,136,3128,3128,2.875,9479,33.0,0,22,0.7,97.03,93,3035,2025,7,July,Sunday,True,Low,False,0.0,False
2025-07-06,WH05,S1,18,144,5248,5248,4.555555555555555,10584,49.58,0,40,0.76,95.75,223,5025,2025,7,July,Sunday,True,Low,False,0.0,False
2025-07-06,WH05,S2,17,136,4008,8016,3.683823529411765,9520,42.1,0,28,0.7,94.94,203,3805,2025,7,July,Sunday,True,Low,False,0.0,False
2025-07-06,WH05,S3,14,112,3112,3112,3.4732142857142856,6664,46.7,0,30,0.96,96.14,120,2992,2025,7,July,Sunday,True,Low,False,0.0,False
2025-07-07,WH01,S1,25,200,12856,12856,8.035,17850,72.02,0,77,0.6,94.72,678,12178,2025,7,July,Monday,False,Normal,False,0.0,False
2025-07-07,WH01,S2,24,192,8904,26712,5.796875,16320,54.56,0,87,0.98,96.69,295,8609,2025,7,July,Monday,False,Low,False,0.0,False
2025-07-07,WH01,S3,19,152,8656,8656,7.118421052631579,10982,78.82,0,93,1.07,95.45,394,8262,2025,7,July,Monday,False,High,False,0.0,False
2025-07-07,WH02,S1,30,240,16016,16016,8.341666666666667,22680,70.62,0,139,0.87,95.85,665,15351,2025,7,July,Monday,False,Normal,False,0.0,False
2025-07-07,WH02,S2,28,224,11704,23408,6.53125,20160,58.06,0,111,0.95,95.52,525,11179,2025,7,July,Monday,False,Low,False,0.0,False
2025-07-07,WH02,S3,22,176,8512,8512,6.045454545454546,13464,63.22,0,80,0.94,94.73,449,8063,2025,7,July,Monday,False,Normal,False,0.0,False
2025-07-07,WH03,S1,20,160,10840,21680,8.46875,12600,86.03,0,97,0.89,94.34,614,10226,2025,7,July,Monday,False,Very High,True,0.0,False
2025-07-07,WH03,S2,19,152,7576,15152,6.230263157894737,11400,66.46,0,53,0.7,96.59,258,7318,2025,7,July,Monday,False,Normal,False,0.0,False
2025-07-07,WH03,S3,15,120,6608,13216,6.883333333333334,7650,86.38,0,80,1.21,95.84,275,6333,2025,7,July,Monday,False,Very High,True,0.0,False
2025-07-07,WH04,S1,23,184,12712,12712,8.63586956521739,15842,80.24,0,79,0.62,95.5,572,12140,2025,7,July,Monday,False,High,False,0.0,False
2025-07-07,WH04,S2,22,176,11056,11056,7.852272727272727,14432,76.61,0,113,1.02,95.54,493,10563,2025,7,July,Monday,False,High,False,0.0,False
2025-07-07,WH04,S3,17,136,9032,9032,8.301470588235293,9479,95.28,0,102,1.13,96.82,287,8745,2025,7,July,Monday,False,Very High,True,0.0,False
2025-07-07,WH05,S1,18,144,9336,9336,8.104166666666666,10584,88.21,0,102,1.09,93.99,561,8775,2025,7,July,Monday,False,Very High,True,0.0,False
2025-07-07,WH05,S2,17,136,8816,8816,8.102941176470589,9520,92.61,0,103,1.17,94.7,467,8349,2025,7,July,Monday,False,Very High,True,0.0,False
2025-07-07,WH05,S3,14,112,5544,16632,6.1875,6664,83.19,0,42,0.76,98.14,103,5441,2025,7,July,Monday,False,High,False,0.0,False
2025-07-08,WH01,S1,25,200,13976,27952,8.735,17850,78.3,0,127,0.91,96.98,423,13553,2025,7,July,Tuesday,False,High,False,0.0,False
2025-07-08,WH01,S2,24,192,9856,19712,6.416666666666667,16320,60.39,0,73,0.74,95.18,475,9381,2025,7,July,Tuesday,False,Normal,False,0.0,False
2025-07-08,WH01,S3,19,152,8448,16896,6.947368421052632,10982,76.93,0,78,0.92,96.28,314,8134,2025,7,July,Tuesday,False,High,False,0.0,False
2025-07-08,WH02,S1,30,240,12704,12704,6.616666666666666,22680,56.01,0,83,0.65,94.48,702,12002,2025,7,July,Tuesday,False,Low,False,0.0,False
2025-07-08,WH02,S2,28,224,13392,13392,7.473214285714286,20160,66.43,0,96,0.72,95.39,617,12775,2025,7,July,Tuesday,False,Normal,False,0.0,False
2025-07-08,WH02,S3,22,176,8952,8952,6.357954545454546,13464,66.49,0,74,0.83,96.67,298,8654,2025,7,July,Tuesday,False,Normal,False,0.0,False
2025-07-08,WH03,S1,20,160,11784,11784,9.20625,12600,93.52,0,118,1.0,98.65,160,11624,2025,7,July,Tuesday,False,Very High,True,0.0,False
2025-07-08,WH03,S2,19,152,9256,9256,7.611842105263157,11400,81.19,0,84,0.91,95.98,372,8884,2025,7,July,Tuesday,False,High,False,0.0,False
2025-07-08,WH03,S3,15,120,5736,11472,5.975,7650,74.98,0,40,0.7,96.95,175,5561,2025,7,July,Tuesday,False,Normal,False,0.0,False
2025-07-08,WH04,S1,23,184,10984,10984,7.461956521739131,15842,69.33,0,65,0.59,95.59,484,10500,2025,7,July,Tuesday,False,Normal,False,0.0,False
2025-07-08,WH04,S2,22,176,9904,9904,7.034090909090909,14432,68.63,0,50,0.5,96.59,338,9566,2025,7,July,Tuesday,False,Normal,False,0.0,False
2025-07-08,WH04,S3,17,136,7080,7080,6.507352941176471,9479,74.69,0,48,0.68,97.15,202,6878,2025,7,July,Tuesday,False,Normal,False,0.0,False
2025-07-08,WH05,S1,18,144,8072,8072,7.006944444444445,10584,76.27,0,58,0.72,97.17,228,7844,2025,7,July,Tuesday,False,High,False,0.0,False
2025-07-08,WH05,S2,17,136,7584,7584,6.970588235294118,9520,79.66,0,63,0.83,96.31,280,7304,2025,7,July,Tuesday,False,High,False,0.0,False
2025-07-08,WH05,S3,14,112,6312,6312,7.044642857142857,6664,94.72,0,60,0.95,96.86,198,6114,2025,7,July,Tuesday,False,Very High,True,0.0,False
2025-07-09,WH01,S1,25,200,12752,25504,7.97,17850,71.44,0,120,0.94,95.31,598,12154,2025,7,July,Wednesday,False,Normal,False,0.0,False
2025-07-09,WH01,S2,24,192,12080,12080,7.864583333333333,16320,74.02,0,95,0.79,95.82,506,11574,2025,7,July,Wednesday,False,Normal,False,0.0,False
2025-07-09,WH01,S3,19,152,6464,12928,5.315789473684211,10982,58.86,0,47,0.73,96.49,227,6237,2025,7,July,Wednesday,False,Low,False,0.0,False
2025-07-09,WH02,S1,30,240,13808,13808,7.191666666666666,22680,60.88,0,107,0.77,94.71,730,13078,2025,7,July,Wednesday,False,Normal,False,0.0,False
2025-07-09,WH02,S2,28,224,13000,26000,7.254464285714286,20160,64.48,0,124,0.95,95.73,555,12445,2025,7,July,Wednesday,False,Normal,False,0.0,False
2025-07-09,WH02,S3,22,176,9136,27408,6.488636363636363,13464,67.86,0,97,1.06,95.15,443,8693,2025,7,July,Wednesday,False,Normal,False,0.0,False
2025-07-09,WH03,S1,20,160,9600,9600,7.5,12600,76.19,0,52,0.54,95.91,392,9208,2025,7,July,Wednesday,False,High,False,0.0,False
2025-07-09,WH03,S2,19,152,8896,17792,7.315789473684211,11400,78.04,0,59,0.66,96.72,292,8604,2025,7,July,Wednesday,False,High,False,0.0,False
2025-07-09,WH03,S3,15,120,6880,6880,7.166666666666667,7650,89.93,0,94,1.37,96.38,249,6631,2025,7,July,Wednesday,False,Very High,True,0.0,False
2025-07-09,WH04,S1,23,184,11992,11992,8.146739130434783,15842,75.7,0,99,0.83,95.55,534,11458,2025,7,July,Wednesday,False,High,False,0.0,False
2025-07-09,WH04,S2,22,176,10064,30192,7.1477272727272725,14432,69.73,0,64,0.64,96.15,387,9677,2025,7,July,Wednesday,False,Normal,False,0.0,False
2025-07-09,WH04,S3,17,136,8096,8096,7.4411764705882355,9479,85.41,0,94,1.16,96.39,292,7804,2025,7,July,Wednesday,False,Very High,True,0.0,False
2025-07-09,WH05,S1,18,144,9488,28464,8.23611111111111,10584,89.64,0,90,0.95,95.65,413,9075,2025,7,July,Wednesday,False,Very High,True,0.0,False
2025-07-09,WH05,S2,17,136,7696,7696,7.073529411764706,9520,80.84,0,66,0.86,96.0,308,7388,2025,7,July,Wednesday,False,High,False,0.0,False
2025-07-09,WH05,S3,14,112,5336,5336,5.955357142857143,6664,80.07,0,43,0.81,95.38,246,5090,2025,7,July,Wednesday,False,High,False,0.0,False
2025-07-10,WH01,S1,25,200,13288,13288,8.305,17850,74.44,0,116,0.87,93.83,819,12469,2025,7,July,Thursday,False,Normal,False,0.0,False
2025-07-10,WH01,S2,24,192,10680,10680,6.953125,16320,65.44,0,83,0.78,98.08,205,10475,2025,7,July,Thursday,False,Normal,False,0.0,False
2025-07-10,WH01,S3,19,152,9136,9136,7.513157894736842,10982,83.19,0,88,0.96,95.22,437,8699,2025,7,July,Thursday,False,High,False,0.0,False
2025-07-10,WH02,S1,30,240,15528,31056,8.0875,22680,68.47,0,114,0.73,96.34,569,14959,2025,7,July,Thursday,False,Normal,False,0.0,False
2025-07-10,WH02,S2,28,224,11792,35376,6.580357142857143,20160,58.49,0,94,0.8,94.96,594,11198,2025,7,July,Thursday,False,Low,False,0.0,False
2025-07-10,WH02,S3,22,176,10352,10352,7.352272727272727,13464,76.89,0,84,0.81,95.58,457,9895,2025,7,July,Thursday,False,High,False,0.0,False
2025-07-10,WH03,S1,20,160,10184,20368,7.95625,12600,80.83,0,69,0.68,95.65,443,9741,2025,7,July,Thursday,False,High,False,0.0,False
2025-07-10,WH03,S2,19,152,8536,17072,7.019736842105263,11400,74.88,0,62,0.73,95.76,362,8174,2025,7,July,Thursday,False,Normal,False,0.0,False
2025-07-10,WH03,S3,15,120,6016,6016,6.266666666666667,7650,78.64,0,56,0.93,97.03,178,5838,2025,7,July,Thursday,False,High,False,0.0,False
2025-07-10,WH04,S1,23,184,12376,12376,8.407608695652174,15842,78.12,0,89,0.72,94.93,627,11749,2025,7,July,Thursday,False,High,False,0.0,False
2025-07-10,WH04,S2,22,176,9024,18048,6.409090909090909,14432,62.53,0,72,0.8,96.42,324,8700,2025,7,July,Thursday,False,Normal,False,0.0,False
2025-07-10,WH04,S3,17,136,7320,7320,6.727941176470588,9479,77.22,0,62,0.85,95.63,320,7000,2025,7,July,Thursday,False,High,False,0.0,False
2025-07-10,WH05,S1,18,144,8344,8344,7.243055555555555,10584,78.84,0,68,0.81,97.06,245,8099,2025,7,July,Thursday,False,High,False,0.0,False
2025-07-10,WH05,S2,17,136,8760,17520,8.051470588235293,9520,92.02,0,98,1.12,94.91,446,8314,2025,7,July,Thursday,False,Very High,True,0.0,False
2025-07-10,WH05,S3,14,112,6144,6144,6.857142857142857,6664,92.2,0,73,1.19,94.58,333,5811,2025,7,July,Thursday,False,Very High,True,0.0,False
2025-07-11,WH01,S1,25,200,13752,13752,8.595,17850,77.04,0,132,0.96,95.61,604,13148,2025,7,July,Friday,False,High,False,0.0,False
2025-07-11,WH01,S2,24,192,11168,11168,7.270833333333333,16320,68.43,0,75,0.67,96.54,386,10782,2025,7,July,Friday,False,Normal,False,0.0,False
2025-07-11,WH01,S3,19,152,9112,9112,7.493421052631579,10982,82.97,0,77,0.85,95.58,403,8709,2025,7,July,Friday,False,High,False,0.0,False
2025-07-11,WH02,S1,30,240,14232,14232,7.4125,22680,62.75,0,139,0.98,96.47,502,13730,2025,7,July,Friday,False,Normal,False,0.0,False
2025-07-11,WH02,S2,28,224,13376,26752,7.464285714285714,20160,66.35,0,118,0.88,95.02,666,12710,2025,7,July,Friday,False,Normal,False,0.0,False
2025-07-11,WH02,S3,22,176,10408,10408,7.392045454545454,13464,77.3,0,96,0.92,96.58,356,10052,2025,7,July,Friday,False,High,False,0.0,False
2025-07-11,WH03,S1,20,160,10544,10544,8.2375,12600,83.68,0,92,0.87,94.73,556,9988,2025,7,July,Friday,False,High,False,0.0,False
2025-07-11,WH03,S2,19,152,9680,19360,7.9605263157894735,11400,84.91,0,81,0.84,96.92,299,9381,2025,7,July,Friday,False,High,False,0.0,False
2025-07-11,WH03,S3,15,120,6480,6480,6.75,7650,84.71,0,46,0.71,96.01,258,6222,2025,7,July,Friday,False,High,False,0.0,False
2025-07-11,WH04,S1,23,184,12144,24288,8.25,15842,76.66,0,102,0.84,95.39,559,11585,2025,7,July,Friday,False,High,False,0.0,False
2025-07-11,WH04,S2,22,176,11888,11888,8.443181818181818,14432,82.37,0,103,0.87,95.6,523,11365,2025,7,July,Friday,False,High,False,0.0,False
2025-07-11,WH04,S3,17,136,7880,23640,7.242647058823529,9479,83.13,0,58,0.74,96.49,277,7603,2025,7,July,Friday,False,High,False,0.0,False
2025-07-11,WH05,S1,18,144,8648,17296,7.506944444444445,10584,81.71,0,88,1.02,97.29,234,8414,2025,7,July,Friday,False,High,False,0.0,False
2025-07-11,WH05,S2,17,136,7752,15504,7.125,9520,81.43,0,68,0.88,95.46,352,7400,2025,7,July,Friday,False,High,False,0.0,False
2025-07-11,WH05,S3,14,112,5744,5744,6.410714285714286,6664,86.19,0,58,1.01,97.27,157,5587,2025,7,July,Friday,False,Very High,True,0.0,False
2025-07-12,WH01,S1,25,200,7448,7448,4.655,17850,41.73,0,71,0.95,93.27,501,6947,2025,7,July,Saturday,False,Low,False,0.0,False
2025-07-12,WH01,S2,24,192,7192,21576,4.682291666666667,16320,44.07,0,53,0.74,95.86,298,6894,2025,7,July,Saturday,False,Low,False,0.0,False
2025-07-12,WH01,S3,19,152,5000,10000,4.1118421052631575,10982,45.53,0,33,0.66,93.77,311,4689,2025,7,July,Saturday,False,Low,False,0.0,False
2025-07-12,WH02,S1,30,240,9048,9048,4.7125,22680,39.89,0,79,0.87,96.05,358,8690,2025,7,July,Saturday,False,Low,False,0.0,False
2025-07-12,WH02,S2,28,224,5848,5848,3.263392857142857,20160,29.01,0,53,0.91,95.73,250,5598,2025,7,July,Saturday,False,Low,False,0.0,False
2025-07-12,WH02,S3,22,176,6240,18720,4.431818181818182,13464,46.35,0,60,0.96,95.5,281,5959,2025,7,July,Saturday,False,Low,False,0.0,False
2025-07-12,WH03,S1,20,160,5800,11600,4.53125,12600,46.03,0,43,0.74,94.79,302,5498,2025,7,July,Saturday,False,Low,False,0.0,False
2025-07-12,WH03,S2,19,152,5464,5464,4.493421052631579,11400,47.93,0,53,0.97,95.94,222,5242,2025,7,July,Saturday,False,Low,False,0.0,False
2025-07-12,WH03,S3,15,120,3616,7232,3.7666666666666666,7650,47.27,0,31,0.86,96.47,128,3488,2025,7,July,Saturday,False,Low,False,0.0,False
2025-07-12,WH04,S1,23,184,6848,6848,4.652173913043479,15842,43.23,0,65,0.95,94.62,369,6479,2025,7,July,Saturday,False,Low,False,0.0,False
2025-07-12,WH04,S2,22,176,7416,7416,5.267045454545454,14432,51.39,0,63,0.85,95.57,329,7087,2025,7,July,Saturday,False,Low,False,0.0,False
2025-07-12,WH04,S3,17,136,4848,4848,4.455882352941177,9479,51.14,0,41,0.85,94.97,244,4604,2025,7,July,Saturday,False,Low,False,0.0,False
2025-07-12,WH05,S1,18,144,5624,5624,4.881944444444445,10584,53.14,0,56,1.0,96.65,188,5436,2025,7,July,Saturday,False,Low,False,0.0,False
2025-07-12,WH05,S2,17,136,4200,12600,3.860294117647059,9520,44.12,0,31,0.74,95.39,194,4006,2025,7,July,Saturday,False,Low,False,0.0,False
2025-07-12,WH05,S3,14,112,3280,6560,3.6607142857142856,6664,49.22,0,24,0.73,94.87,168,3112,2025,7,July,Saturday,False,Low,False,0.0,False
2025-07-13,WH01,S1,25,200,6960,6960,4.35,17850,38.99,0,53,0.76,94.88,356,6604,2025,7,July,Sunday,True,Low,False,0.0,False
2025-07-13,WH01,S2,24,192,5128,10256,3.3385416666666665,16320,31.42,0,34,0.66,95.71,220,4908,2025,7,July,Sunday,True,Low,False,0.0,False
2025-07-13,WH01,S3,19,152,3528,3528,2.901315789473684,10982,32.13,0,30,0.85,96.58,121,3407,2025,7,July,Sunday,True,Low,False,0.0,False
2025-07-13,WH02,S1,30,240,5944,5944,3.095833333333333,22680,26.21,0,40,0.67,96.12,231,5713,2025,7,July,Sunday,True,Low,False,0.0,False
2025-07-13,WH02,S2,28,224,6376,6376,3.5580357142857144,20160,31.63,0,51,0.8,95.27,301,6075,2025,7,July,Sunday,True,Low,False,0.0,False
2025-07-13,WH02,S3,22,176,4816,4816,3.4204545454545454,13464,35.77,0,39,0.81,96.62,163,4653,2025,7,July,Sunday,True,Low,False,0.0,False
2025-07-13,WH03,S1,20,160,5568,5568,4.35,12600,44.19,0,36,0.65,96.0,223,5345,2025,7,July,Sunday,True,Low,False,0.0,False
2025-07-13,WH03,S2,19,152,5408,16224,4.447368421052632,11400,47.44,0,49,0.91,96.43,193,5215,2025,7,July,Sunday,True,Low,False,0.0,False
2025-07-13,WH03,S3,15,120,3496,3496,3.6416666666666666,7650,45.7,0,36,1.03,94.45,194,3302,2025,7,July,Sunday,True,Low,False,0.0,False
2025-07-13,WH04,S1,23,184,6008,6008,4.081521739130435,15842,37.92,0,60,1.0,95.72,257,5751,2025,7,July,Sunday,True,Low,False,0.0,False
2025-07-13,WH04,S2,22,176,5584,5584,3.965909090909091,14432,38.69,0,35,0.63,95.36,259,5325,2025,7,July,Sunday,True,Low,False,0.0,False
2025-07-13,WH04,S3,17,136,3960,3960,3.639705882352941,9479,41.78,0,30,0.76,97.24,109,3851,2025,7,July,Sunday,True,Low,False,0.0,False
2025-07-13,WH05,S1,18,144,5272,10544,4.576388888888889,10584,49.81,0,52,0.99,97.67,123,5149,2025,7,July,Sunday,True,Low,False,0.0,False
2025-07-13,WH05,S2,17,136,4360,4360,4.007352941176471,9520,45.8,0,33,0.76,95.33,203,4157,2025,7,July,Sunday,True,Low,False,0.0,False
2025-07-13,WH05,S3,14,112,2672,5344,2.982142857142857,6664,40.1,0,19,0.71,96.97,81,2591,2025,7,July,Sunday,True,Low,False,0.0,False
2025-07-14,WH01,S1,25,200,12616,25232,7.885,17850,70.68,0,108,0.86,96.51,440,12176,2025,7,July,Monday,False,Normal,False,0.0,False
2025-07-14,WH01,S2,24,192,10112,20224,6.583333333333333,16320,61.96,0,102,1.01,97.24,279,9833,2025,7,July,Monday,False,Normal,False,0.0,False
2025-07-14,WH01,S3,19,152,9184,18368,7.552631578947368,10982,83.63,0,78,0.85,97.34,244,8940,2025,7,July,Monday,False,High,False,0.0,False
2025-07-14,WH02,S1,30,240,16464,16464,8.575,22680,72.59,0,145,0.88,96.27,615,15849,2025,7,July,Monday,False,Normal,False,0.0,False
2025-07-14,WH02,S2,28,224,11264,11264,6.285714285714286,20160,55.87,0,85,0.75,94.99,565,10699,2025,7,July,Monday,False,Low,False,0.0,False
2025-07-14,WH02,S3,22,176,9800,9800,6.9602272727272725,13464,72.79,0,76,0.78,97.21,273,9527,2025,7,July,Monday,False,Normal,False,0.0,False
2025-07-14,WH03,S1,20,160,9000,9000,7.03125,12600,71.43,0,63,0.7,95.82,376,8624,2025,7,July,Monday,False,Normal,False,0.0,False
2025-07-14,WH03,S2,19,152,8984,8984,7.388157894736842,11400,78.81,0,68,0.76,97.06,264,8720,2025,7,July,Monday,False,High,False,0.0,False
2025-07-14,WH03,S3,15,120,5736,17208,5.975,7650,74.98,0,42,0.73,96.13,222,5514,2025,7,July,Monday,False,Normal,False,0.0,False
2025-07-14,WH04,S1,23,184,10280,10280,6.983695652173913,15842,64.89,0,85,0.83,96.61,349,9931,2025,7,July,Monday,False,Normal,False,0.0,False
2025-07-14,WH04,S2,22,176,9416,18832,6.6875,14432,65.24,0,62,0.66,96.81,301,9115,2025,7,July,Monday,False,Normal,False,0.0,False
2025-07-14,WH04,S3,17,136,6280,6280,5.772058823529412,9479,66.25,0,60,0.96,95.98,252,6028,2025,7,July,Monday,False,Normal,False,0.0,False
2025-07-14,WH05,S1,18,144,10752,10752,9.333333333333334,10584,101.59,168,123,1.14,97.99,216,10536,2025,7,July,Monday,False,Over Capacity,True,1.56,False
2025-07-14,WH05,S2,17,136,7816,15632,7.1838235294117645,9520,82.1,0,53,0.68,95.15,379,7437,2025,7,July,Monday,False,High,False,0.0,False
2025-07-14,WH05,S3,14,112,5280,5280,5.892857142857143,6664,79.23,0,43,0.81,96.04,209,5071,2025,7,July,Monday,False,High,False,0.0,False
2025-07-15,WH01,S1,25,200,10648,10648,6.655,17850,59.65,0,82,0.77,96.29,395,10253,2025,7,July,Tuesday,False,Low,False,0.0,False
2025-07-15,WH01,S2,24,192,8848,17696,5.760416666666667,16320,54.22,0,58,0.66,94.72,467,8381,2025,7,July,Tuesday,False,Low,False,0.0,False
2025-07-15,WH01,S3,19,152,7520,15040,6.184210526315789,10982,68.48,0,55,0.73,96.88,235,7285,2025,7,July,Tuesday,False,Normal,False,0.0,False
2025-07-15,WH02,S1,30,240,15272,15272,7.954166666666667,22680,67.34,0,49,0.32,97.37,401,14871,2025,7,July,Tuesday,False,Normal,False,0.0,False
2025-07-15,WH02,S2,28,224,15168,15168,8.464285714285714,20160,75.24,0,104,0.69,96.66,506,14662,2025,7,July,Tuesday,False,High,False,0.0,False
2025-07-15,WH02,S3,22,176,9096,18192,6.4602272727272725,13464,67.56,0,60,0.66,95.99,365,8731,2025,7,July,Tuesday,False,Normal,False,0.0,False
2025-07-15,WH03,S1,20,160,8184,16368,6.39375,12600,64.95,0,56,0.68,96.94,251,7933,2025,7,July,Tuesday,False,Normal,False,0.0,False
2025-07-15,WH03,S2,19,152,7616,7616,6.2631578947368425,11400,66.81,0,66,0.87,97.94,157,7459,2025,7,July,Tuesday,False,Normal,False,0.0,False
2025-07-15,WH03,S3,15,120,6648,6648,6.925,7650,86.9,0,79,1.19,96.6,226,6422,2025,7,July,Tuesday,False,Very High,True,0.0,False
2025-07-15,WH04,S1,23,184,10336,31008,7.021739130434782,15842,65.24,0,87,0.84,96.1,403,9933,2025,7,July,Tuesday,False,Normal,False,0.0,False
2025-07-15,WH04,S2,22,176,8184,16368,5.8125,14432,56.71,0,82,1.0,96.2,311,7873,2025,7,July,Tuesday,False,Low,False,0.0,False
2025-07-15,WH04,S3,17,136,6216,12432,5.713235294117647,9479,65.58,0,44,0.71,95.38,287,5929,2025,7,July,Tuesday,False,Normal,False,0.0,False
2025-07-15,WH05,S1,18,144,11416,22832,9.90972222222222,10584,107.86,832,126,1.1,87.69,1406,10010,2025,7,July,Tuesday,False,Over Capacity,True,7.29,True
2025-07-15,WH05,S2,17,136,7472,14944,6.867647058823529,9520,78.49,0,49,0.66,97.5,187,7285,2025,7,July,Tuesday,False,High,False,0.0,False
2025-07-15,WH05,S3,14,112,4744,4744,5.294642857142857,6664,71.19,0,36,0.76,96.98,143,4601,2025,7,July,Tuesday,False,Normal,False,0.0,False
2025-07-16,WH01,S1,25,200,11640,11640,7.275,17850,65.21,0,93,0.8,96.78,375,11265,2025,7,July,Wednesday,False,Normal,False,0.0,False
2025-07-16,WH01,S2,24,192,9000,18000,5.859375,16320,55.15,0,71,0.79,96.28,334,8666,2025,7,July,Wednesday,False,Low,False,0.0,False
2025-07-16,WH01,S3,19,152,7320,7320,6.019736842105263,10982,66.65,0,51,0.7,97.81,161,7159,2025,7,July,Wednesday,False,Normal,False,0.0,False
2025-07-16,WH02,S1,30,240,16168,32336,8.420833333333333,22680,71.29,0,128,0.79,98.07,313,15855,2025,7,July,Wednesday,False,Normal,False,0.0,False
2025-07-16,WH02,S2,28,224,13168,13168,7.348214285714286,20160,65.32,0,94,0.71,96.43,470,12698,2025,7,July,Wednesday,False,Normal,False,0.0,False
2025-07-16,WH02,S3,22,176,10272,10272,7.295454545454546,13464,76.29,0,89,0.87,95.87,424,9848,2025,7,July,Wednesday,False,High,False,0.0,False
2025-07-16,WH03,S1,20,160,10520,10520,8.21875,12600,83.49,0,100,0.95,95.86,436,10084,2025,7,July,Wednesday,False,High,False,0.0,False
2025-07-16,WH03,S2,19,152,8128,24384,6.684210526315789,11400,71.3,0,75,0.92,95.02,405,7723,2025,7,July,Wednesday,False,Normal,False,0.0,False
2025-07-16,WH03,S3,15,120,6720,13440,7.0,7650,87.84,0,95,1.41,95.37,311,6409,2025,7,July,Wednesday,False,Very High,True,0.0,False
2025-07-16,WH04,S1,23,184,11152,33456,7.576086956521739,15842,70.4,0,84,0.75,97.76,249,10903,2025,7,July,Wednesday,False,Normal,False,0.0,False
2025-07-16,WH04,S2,22,176,9184,9184,6.5227272727272725,14432,63.64,0,85,0.93,97.07,269,8915,2025,7,July,Wednesday,False,Normal,False,0.0,False
2025-07-16,WH04,S3,17,136,7456,14912,6.852941176470588,9479,78.66,0,57,0.76,96.89,232,7224,2025,7,July,Wednesday,False,High,False,0.0,False
2025-07-16,WH05,S1,18,144,9424,9424,8.180555555555555,10584,89.04,0,115,1.22,95.06,465,8959,2025,7,July,Wednesday,False,Very High,True,0.0,False
2025-07-16,WH05,S2,17,136,7056,14112,6.485294117647059,9520,74.12,0,59,0.84,95.66,306,6750,2025,7,July,Wednesday,False,Normal,False,0.0,False
2025-07-16,WH05,S3,14,112,5824,5824,6.5,6664,87.39,0,79,1.36,95.51,261,5563,2025,7,July,Wednesday,False,Very High,True,0.0,False
2025-07-17,WH01,S1,25,200,12080,12080,7.55,17850,67.68,0,114,0.94,95.74,515,11565,2025,7,July,Thursday,False,Normal,False,0.0,False
2025-07-17,WH01,S2,24,192,12536,12536,8.161458333333334,16320,76.81,0,66,0.53,97.13,360,12176,2025,7,July,Thursday,False,High,False,0.0,False
2025-07-17,WH01,S3,19,152,8384,8384,6.894736842105263,10982,76.34,0,39,0.47,96.07,329,8055,2025,7,July,Thursday,False,High,False,0.0,False
2025-07-17,WH02,S1,30,240,14936,44808,7.779166666666667,22680,65.86,0,120,0.8,95.75,634,14302,2025,7,July,Thursday,False,Normal,False,0.0,False
2025-07-17,WH02,S2,28,224,13224,13224,7.379464285714286,20160,65.6,0,107,0.81,96.65,443,12781,2025,7,July,Thursday,False,Normal,False,0.0,False
2025-07-17,WH02,S3,22,176,9424,9424,6.693181818181818,13464,69.99,0,88,0.93,95.33,440,8984,2025,7,July,Thursday,False,Normal,False,0.0,False
2025-07-17,WH03,S1,20,160,10520,10520,8.21875,12600,83.49,0,90,0.86,96.08,412,10108,2025,7,July,Thursday,False,High,False,0.0,False
2025-07-17,WH03,S2,19,152,8144,8144,6.697368421052632,11400,71.44,0,75,0.92,95.79,343,7801,2025,7,July,Thursday,False,Normal,False,0.0,False
2025-07-17,WH03,S3,15,120,7016,7016,7.308333333333334,7650,91.71,0,67,0.95,97.0,211,6805,2025,7,July,Thursday,False,Very High,True,0.0,False
2025-07-17,WH04,S1,23,184,9384,18768,6.375,15842,59.23,0,66,0.7,95.83,391,8993,2025,7,July,Thursday,False,Low,False,0.0,False
2025-07-17,WH04,S2,22,176,10512,21024,7.465909090909091,14432,72.84,0,79,0.75,95.58,465,10047,2025,7,July,Thursday,False,Normal,False,0.0,False
2025-07-17,WH04,S3,17,136,6656,6656,6.117647058823529,9479,70.22,0,59,0.89,94.43,371,6285,2025,7,July,Thursday,False,Normal,False,0.0,False
2025-07-17,WH05,S1,18,144,8176,8176,7.097222222222222,10584,77.25,0,47,0.57,94.79,426,7750,2025,7,July,Thursday,False,High,False,0.0,False
2025-07-17,WH05,S2,17,136,8576,17152,7.882352941176471,9520,90.08,0,83,0.97,96.82,273,8303,2025,7,July,Thursday,False,Very High,True,0.0,False
2025-07-17,WH05,S3,14,112,4672,14016,5.214285714285714,6664,70.11,0,33,0.71,94.95,236,4436,2025,7,July,Thursday,False,Normal,False,0.0,False
2025-07-18,WH01,S1,25,200,14376,14376,8.985,17850,80.54,0,78,0.54,96.42,515,13861,2025,7,July,Friday,False,High,False,0.0,False
2025-07-18,WH01,S2,24,192,11808,23616,7.6875,16320,72.35,0,106,0.9,97.07,347,11461,2025,7,July,Friday,False,Normal,False,0.0,False
2025-07-18,WH01,S3,19,152,8976,8976,7.381578947368421,10982,81.73,0,82,0.91,96.57,308,8668,2025,7,July,Friday,False,High,False,0.0,False
2025-07-18,WH02,S1,30,240,17320,17320,9.020833333333334,22680,76.37,0,166,0.96,95.68,749,16571,2025,7,July,Friday,False,High,False,0.0,False
2025-07-18,WH02,S2,28,224,13504,40512,7.535714285714286,20160,66.98,0,98,0.73,96.25,507,12997,2025,7,July,Friday,False,Normal,False,0.0,False
2025-07-18,WH02,S3,22,176,10024,20048,7.119318181818182,13464,74.45,0,76,0.76,97.02,298,9726,2025,7,July,Friday,False,Normal,False,0.0,False
2025-07-18,WH03,S1,20,160,10376,10376,8.10625,12600,82.35,0,107,1.03,98.12,195,10181,2025,7,July,Friday,False,High,False,0.0,False
2025-07-18,WH03,S2,19,152,8528,8528,7.0131578947368425,11400,74.81,0,71,0.83,96.89,265,8263,2025,7,July,Friday,False,Normal,False,0.0,False
2025-07-18,WH03,S3,15,120,6504,6504,6.775,7650,85.02,0,78,1.2,96.33,239,6265,2025,7,July,Friday,False,Very High,True,0.0,False
2025-07-18,WH04,S1,23,184,11120,22240,7.554347826086956,15842,70.19,0,79,0.71,97.37,292,10828,2025,7,July,Friday,False,Normal,False,0.0,False
2025-07-18,WH04,S2,22,176,11416,11416,8.107954545454545,14432,79.1,0,78,0.68,97.43,294,11122,2025,7,July,Friday,False,High,False,0.0,False
2025-07-18,WH04,S3,17,136,7864,7864,7.227941176470588,9479,82.96,0,52,0.66,96.62,266,7598,2025,7,July,Friday,False,High,False,0.0,False
2025-07-18,WH05,S1,18,144,8992,8992,7.805555555555555,10584,84.96,0,57,0.63,96.42,321,8671,2025,7,July,Friday,False,High,False,0.0,False
2025-07-18,WH05,S2,17,136,8536,8536,7.845588235294118,9520,89.66,0,112,1.31,95.15,414,8122,2025,7,July,Friday,False,Very High,True,0.0,False
2025-07-18,WH05,S3,14,112,5864,5864,6.544642857142857,6664,88.0,0,77,1.31,95.94,238,5626,2025,7,July,Friday,False,Very High,True,0.0,False
2025-07-19,WH01,S1,25,200,7704,7704,4.815,17850,43.16,0,57,0.74,96.46,273,7431,2025,7,July,Saturday,False,Low,False,0.0,False
2025-07-19,WH01,S2,24,192,7112,7112,4.630208333333333,16320,43.58,0,69,0.97,95.73,304,6808,2025,7,July,Saturday,False,Low,False,0.0,False
2025-07-19,WH01,S3,19,152,4976,9952,4.092105263157895,10982,45.31,0,47,0.94,95.12,243,4733,2025,7,July,Saturday,False,Low,False,0.0,False
2025-07-19,WH02,S1,30,240,7880,15760,4.104166666666667,22680,34.74,0,59,0.75,95.62,346,7534,2025,7,July,Saturday,False,Low,False,0.0,False
2025-07-19,WH02,S2,28,224,7696,7696,4.294642857142857,20160,38.17,0,56,0.73,93.72,483,7213,2025,7,July,Saturday,False,Low,False,0.0,False
2025-07-19,WH02,S3,22,176,5824,5824,4.136363636363637,13464,43.26,0,44,0.76,93.97,351,5473,2025,7,July,Saturday,False,Low,False,0.0,False
2025-07-19,WH03,S1,20,160,6608,13216,5.1625,12600,52.44,0,64,0.97,95.73,282,6326,2025,7,July,Saturday,False,Low,False,0.0,False
2025-07-19,WH03,S2,19,152,5952,5952,4.894736842105263,11400,52.21,0,46,0.77,95.33,278,5674,2025,7,July,Saturday,False,Low,False,0.0,False
2025-07-19,WH03,S3,15,120,4504,9008,4.691666666666666,7650,58.88,0,31,0.69,94.44,250,4254,2025,7,July,Saturday,False,Low,False,0.0,False
2025-07-19,WH04,S1,23,184,6472,12944,4.396739130434782,15842,40.85,0,43,0.66,97.25,178,6294,2025,7,July,Saturday,False,Low,False,0.0,False
2025-07-19,WH04,S2,22,176,6168,12336,4.380681818181818,14432,42.74,0,59,0.96,94.65,330,5838,2025,7,July,Saturday,False,Low,False,0.0,False
2025-07-19,WH04,S3,17,136,3600,3600,3.3088235294117645,9479,37.98,0,29,0.81,96.08,141,3459,2025,7,July,Saturday,False,Low,False,0.0,False
2025-07-19,WH05,S1,18,144,6144,6144,5.333333333333333,10584,58.05,0,53,0.86,95.71,264,5880,2025,7,July,Saturday,False,Low,False,0.0,False
2025-07-19,WH05,S2,17,136,4976,4976,4.573529411764706,9520,52.27,0,32,0.64,95.77,210,4766,2025,7,July,Saturday,False,Low,False,0.0,False
2025-07-19,WH05,S3,14,112,3112,3112,3.4732142857142856,6664,46.7,0,26,0.84,97.21,87,3025,2025,7,July,Saturday,False,Low,False,0.0,False
2025-07-20,WH01,S1,25,200,6496,12992,4.06,17850,36.39,0,58,0.89,97.04,192,6304,2025,7,July,Sunday,True,Low,False,0.0,False
2025-07-20,WH01,S2,24,192,5624,11248,3.6614583333333335,16320,34.46,0,39,0.69,95.34,262,5362,2025,7,July,Sunday,True,Low,False,0.0,False
2025-07-20,WH01,S3,19,152,3552,3552,2.921052631578948,10982,32.34,0,32,0.9,94.47,197,3355,2025,7,July,Sunday,True,Low,False,0.0,False
2025-07-20,WH02,S1,30,240,7792,15584,4.058333333333334,22680,34.36,0,68,0.87,96.48,274,7518,2025,7,July,Sunday,True,Low,False,0.0,False
2025-07-20,WH02,S2,28,224,7800,7800,4.352678571428571,20160,38.69,0,51,0.65,95.93,318,7482,2025,7,July,Sunday,True,Low,False,0.0,False
2025-07-20,WH02,S3,22,176,4312,4312,3.0625,13464,32.03,0,40,0.93,96.48,152,4160,2025,7,July,Sunday,True,Low,False,0.0,False
2025-07-20,WH03,S1,20,160,5040,5040,3.9375,12600,40.0,0,45,0.89,96.38,183,4857,2025,7,July,Sunday,True,Low,False,0.0,False
2025-07-20,WH03,S2,19,152,5328,5328,4.381578947368421,11400,46.74,0,40,0.75,95.71,229,5099,2025,7,July,Sunday,True,Low,False,0.0,False
2025-07-20,WH03,S3,15,120,3424,6848,3.566666666666667,7650,44.76,0,24,0.7,95.56,152,3272,2025,7,July,Sunday,True,Low,False,0.0,False
2025-07-20,WH04,S1,23,184,6704,6704,4.554347826086956,15842,42.32,0,55,0.82,95.39,309,6395,2025,7,July,Sunday,True,Low,False,0.0,False
2025-07-20,WH04,S2,22,176,4664,9328,3.3125,14432,32.32,0,43,0.92,95.25,221,4443,2025,7,July,Sunday,True,Low,False,0.0,False
2025-07-20,WH04,S3,17,136,3768,7536,3.463235294117647,9479,39.75,0,27,0.72,94.85,194,3574,2025,7,July,Sunday,True,Low,False,0.0,False
2025-07-20,WH05,S1,18,144,5264,5264,4.569444444444445,10584,49.74,0,37,0.7,97.35,140,5124,2025,7,July,Sunday,True,Low,False,0.0,False
2025-07-20,WH05,S2,17,136,3448,3448,3.169117647058824,9520,36.22,0,38,1.1,94.92,175,3273,2025,7,July,Sunday,True,Low,False,0.0,False
2025-07-20,WH05,S3,14,112,3008,6016,3.357142857142857,6664,45.14,0,26,0.86,95.09,148,2860,2025,7,July,Sunday,True,Low,False,0.0,False
2025-07-21,WH01,S1,25,200,13256,13256,8.285,17850,74.26,0,93,0.7,95.34,617,12639,2025,7,July,Monday,False,Normal,False,0.0,False
2025-07-21,WH01,S2,24,192,10728,10728,6.984375,16320,65.74,0,62,0.58,96.84,339,10389,2025,7,July,Monday,False,Normal,False,0.0,False
2025-07-21,WH01,S3,19,152,9456,9456,7.776315789473684,10982,86.1,0,75,0.79,95.58,418,9038,2025,7,July,Monday,False,Very High,True,0.0,False
2025-07-21,WH02,S1,30,240,12440,12440,6.479166666666667,22680,54.85,0,122,0.98,95.53,557,11883,2025,7,July,Monday,False,Low,False,0.0,False
2025-07-21,WH02,S2,28,224,12272,12272,6.848214285714286,20160,60.87,0,103,0.84,95.85,510,11762,2025,7,July,Monday,False,Normal,False,0.0,False
2025-07-21,WH02,S3,22,176,11888,11888,8.443181818181818,13464,88.29,0,150,1.26,95.68,514,11374,2025,7,July,Monday,False,Very High,True,0.0,False
2025-07-21,WH03,S1,20,160,11800,11800,9.21875,12600,93.65,0,123,1.04,94.94,597,11203,2025,7,July,Monday,False,Very High,True,0.0,False
2025-07-21,WH03,S2,19,152,9768,19536,8.032894736842104,11400,85.68,0,126,1.29,95.8,410,9358,2025,7,July,Monday,False,Very High,True,0.0,False
2025-07-21,WH03,S3,15,120,5208,5208,5.425,7650,68.08,0,46,0.88,96.04,206,5002,2025,7,July,Monday,False,Normal,False,0.0,False
2025-07-21,WH04,S1,23,184,11704,11704,7.951086956521739,15842,73.88,0,97,0.83,96.02,466,11238,2025,7,July,Monday,False,Normal,False,0.0,False
2025-07-21,WH04,S2,22,176,11176,11176,7.9375,14432,77.44,0,81,0.72,95.13,544,10632,2025,7,July,Monday,False,High,False,0.0,False
2025-07-21,WH04,S3,17,136,6312,6312,5.801470588235294,9479,66.59,0,44,0.7,96.7,208,6104,2025,7,July,Monday,False,Normal,False,0.0,False
2025-07-21,WH05,S1,18,144,8072,24216,7.006944444444445,10584,76.27,0,68,0.84,95.41,370,7702,2025,7,July,Monday,False,High,False,0.0,False
2025-07-21,WH05,S2,17,136,7496,7496,6.889705882352941,9520,78.74,0,57,0.76,97.01,224,7272,2025,7,July,Monday,False,High,False,0.0,False
2025-07-21,WH05,S3,14,112,5848,5848,6.526785714285714,6664,87.76,0,51,0.87,97.07,171,5677,2025,7,July,Monday,False,Very High,True,0.0,False
2025-07-22,WH01,S1,25,200,12320,12320,7.7,17850,69.02,0,117,0.95,97.41,319,12001,2025,7,July,Tuesday,False,Normal,False,0.0,False
2025-07-22,WH01,S2,24,192,9696,9696,6.3125,16320,59.41,0,66,0.68,95.6,427,9269,2025,7,July,Tuesday,False,Low,False,0.0,False
2025-07-22,WH01,S3,19,152,6920,20760,5.690789473684211,10982,63.01,0,58,0.84,95.63,303,6617,2025,7,July,Tuesday,False,Normal,False,0.0,False
2025-07-22,WH02,S1,30,240,14456,14456,7.529166666666667,22680,63.74,0,134,0.93,96.95,440,14016,2025,7,July,Tuesday,False,Normal,False,0.0,False
2025-07-22,WH02,S2,28,224,12256,24512,6.839285714285714,20160,60.79,0,84,0.69,96.76,398,11858,2025,7,July,Tuesday,False,Normal,False,0.0,False
2025-07-22,WH02,S3,22,176,8944,8944,6.352272727272728,13464,66.43,0,80,0.89,98.41,143,8801,2025,7,July,Tuesday,False,Normal,False,0.0,False
2025-07-22,WH03,S1,20,160,11824,35472,9.2375,12600,93.84,0,117,0.99,94.63,635,11189,2025,7,July,Tuesday,False,Very High,True,0.0,False
2025-07-22,WH03,S2,19,152,8272,8272,6.802631578947368,11400,72.56,0,56,0.68,95.84,344,7928,2025,7,July,Tuesday,False,Normal,False,0.0,False
2025-07-22,WH03,S3,15,120,7224,7224,7.525,7650,94.43,0,83,1.15,95.73,309,6915,2025,7,July,Tuesday,False,Very High,True,0.0,False
2025-07-22,WH04,S1,23,184,11224,11224,7.625,15842,70.85,0,88,0.78,96.45,399,10825,2025,7,July,Tuesday,False,Normal,False,0.0,False
2025-07-22,WH04,S2,22,176,9160,27480,6.505681818181818,14432,63.47,0,71,0.78,97.18,258,8902,2025,7,July,Tuesday,False,Normal,False,0.0,False
2025-07-22,WH04,S3,17,136,6384,6384,5.867647058823529,9479,67.35,0,63,0.99,96.21,242,6142,2025,7,July,Tuesday,False,Normal,False,0.0,False
2025-07-22,WH05,S1,18,144,8280,8280,7.1875,10584,78.23,0,63,0.76,94.68,441,7839,2025,7,July,Tuesday,False,High,False,0.0,False
2025-07-22,WH05,S2,17,136,8928,8928,8.205882352941176,9520,93.78,0,66,0.74,95.37,413,8515,2025,7,July,Tuesday,False,Very High,True,0.0,False
2025-07-22,WH05,S3,14,112,5112,5112,5.705357142857143,6664,76.71,0,32,0.63,95.39,236,4876,2025,7,July,Tuesday,False,High,False,0.0,False
2025-07-23,WH01,S1,25,200,15536,15536,9.71,17850,87.04,0,155,1.0,94.61,838,14698,2025,7,July,Wednesday,False,Very High,True,0.0,False
2025-07-23,WH01,S2,24,192,10784,10784,7.020833333333333,16320,66.08,0,107,0.99,95.2,518,10266,2025,7,July,Wednesday,False,Normal,False,0.0,False
2025-07-23,WH01,S3,19,152,6200,6200,5.098684210526316,10982,56.46,0,49,0.79,96.41,223,5977,2025,7,July,Wednesday,False,Low,False,0.0,False
2025-07-23,WH02,S1,30,240,14384,28768,7.491666666666666,22680,63.42,0,88,0.61,96.89,447,13937,2025,7,July,Wednesday,False,Normal,False,0.0,False
2025-07-23,WH02,S2,28,224,13200,26400,7.366071428571429,20160,65.48,0,110,0.83,95.06,652,12548,2025,7,July,Wednesday,False,Normal,False,0.0,False
2025-07-23,WH02,S3,22,176,7288,14576,5.176136363636363,13464,54.13,0,35,0.48,98.01,145,7143,2025,7,July,Wednesday,False,Low,False,0.0,False
2025-07-23,WH03,S1,20,160,10432,10432,8.15,12600,82.79,0,85,0.81,96.96,318,10114,2025,7,July,Wednesday,False,High,False,0.0,False
2025-07-23,WH03,S2,19,152,8248,8248,6.782894736842105,11400,72.35,0,47,0.57,96.13,319,7929,2025,7,July,Wednesday,False,Normal,False,0.0,False
2025-07-23,WH03,S3,15,120,6888,20664,7.175,7650,90.04,0,80,1.16,95.45,313,6575,2025,7,July,Wednesday,False,Very High,True,0.0,False
2025-07-23,WH04,S1,23,184,11336,34008,7.701086956521739,15842,71.56,0,111,0.98,96.96,345,10991,2025,7,July,Wednesday,False,Normal,False,0.0,False
2025-07-23,WH04,S2,22,176,9024,18048,6.409090909090909,14432,62.53,0,53,0.59,97.58,218,8806,2025,7,July,Wednesday,False,Normal,False,0.0,False
2025-07-23,WH04,S3,17,136,6424,12848,5.904411764705882,9479,67.77,0,51,0.79,96.59,219,6205,2025,7,July,Wednesday,False,Normal,False,0.0,False
2025-07-23,WH05,S1,18,144,8560,8560,7.430555555555555,10584,80.88,0,76,0.89,97.73,194,8366,2025,7,July,Wednesday,False,High,False,0.0,False
2025-07-23,WH05,S2,17,136,6112,6112,5.617647058823529,9520,64.2,0,54,0.88,96.5,214,5898,2025,7,July,Wednesday,False,Normal,False,0.0,False
2025-07-23,WH05,S3,14,112,4912,9824,5.482142857142857,6664,73.71,0,51,1.04,95.34,229,4683,2025,7,July,Wednesday,False,Normal,False,0.0,False
2025-07-24,WH01,S1,25,200,13680,27360,8.55,17850,76.64,0,121,0.88,95.85,567,13113,2025,7,July,Thursday,False,High,False,0.0,False
2025-07-24,WH01,S2,24,192,10080,10080,6.5625,16320,61.76,0,96,0.95,95.63,441,9639,2025,7,July,Thursday,False,Normal,False,0.0,False
2025-07-24,WH01,S3,19,152,8120,24360,6.677631578947368,10982,73.94,0,76,0.94,96.51,283,7837,2025,7,July,Thursday,False,Normal,False,0.0,False
2025-07-24,WH02,S1,30,240,13896,27792,7.2375,22680,61.27,0,116,0.83,95.71,596,13300,2025,7,July,Thursday,False,Normal,False,0.0,False
2025-07-24,WH02,S2,28,224,13744,27488,7.669642857142857,20160,68.17,0,101,0.73,97.6,329,13415,2025,7,July,Thursday,False,Normal,False,0.0,False
2025-07-24,WH02,S3,22,176,10256,20512,7.284090909090909,13464,76.17,0,87,0.85,94.88,525,9731,2025,7,July,Thursday,False,High,False,0.0,False
2025-07-24,WH03,S1,20,160,10360,10360,8.09375,12600,82.22,0,101,0.97,95.57,459,9901,2025,7,July,Thursday,False,High,False,0.0,False
2025-07-24,WH03,S2,19,152,9696,9696,7.973684210526316,11400,85.05,0,131,1.35,97.25,267,9429,2025,7,July,Thursday,False,Very High,True,0.0,False
2025-07-24,WH03,S3,15,120,6216,6216,6.475,7650,81.25,0,64,1.03,95.0,311,5905,2025,7,July,Thursday,False,High,False,0.0,False
2025-07-24,WH04,S1,23,184,11760,23520,7.989130434782608,15842,74.23,0,101,0.86,98.0,235,11525,2025,7,July,Thursday,False,Normal,False,0.0,False
2025-07-24,WH04,S2,22,176,10512,10512,7.465909090909091,14432,72.84,0,84,0.8,96.48,370,10142,2025,7,July,Thursday,False,Normal,False,0.0,False
2025-07-24,WH04,S3,17,136,6728,6728,6.1838235294117645,9479,70.98,0,48,0.71,93.76,420,6308,2025,7,July,Thursday,False,Normal,False,0.0,False
2025-07-24,WH05,S1,18,144,8056,24168,6.993055555555555,10584,76.11,0,63,0.78,95.0,403,7653,2025,7,July,Thursday,False,High,False,0.0,False
2025-07-24,WH05,S2,17,136,7776,7776,7.147058823529412,9520,81.68,0,56,0.72,97.56,189,7587,2025,7,July,Thursday,False,High,False,0.0,False
2025-07-24,WH05,S3,14,112,5872,11744,6.553571428571429,6664,88.12,0,62,1.06,95.75,250,5622,2025,7,July,Thursday,False,Very High,True,0.0,False
2025-07-25,WH01,S1,25,200,10816,10816,6.76,17850,60.59,0,93,0.86,96.7,357,10459,2025,7,July,Friday,False,Normal,False,0.0,False
2025-07-25,WH01,S2,24,192,12904,12904,8.401041666666666,16320,79.07,0,110,0.85,97.32,345,12559,2025,7,July,Friday,False,High,False,0.0,False
2025-07-25,WH01,S3,19,152,7928,7928,6.519736842105263,10982,72.19,0,51,0.64,96.09,310,7618,2025,7,July,Friday,False,Normal,False,0.0,False
2025-07-25,WH02,S1,30,240,12688,38064,6.608333333333333,22680,55.94,0,91,0.72,98.46,195,12493,2025,7,July,Friday,False,Low,False,0.0,False
2025-07-25,WH02,S2,28,224,14976,29952,8.357142857142858,20160,74.29,0,120,0.8,96.92,462,14514,2025,7,July,Friday,False,Normal,False,0.0,False
2025-07-25,WH02,S3,22,176,10512,21024,7.465909090909091,13464,78.07,0,77,0.73,95.69,453,10059,2025,7,July,Friday,False,High,False,0.0,False
2025-07-25,WH03,S1,20,160,10824,21648,8.45625,12600,85.9,0,106,0.98,95.6,477,10347,2025,7,July,Friday,False,Very High,True,0.0,False
2025-07-25,WH03,S2,19,152,9544,19088,7.848684210526316,11400,83.72,0,79,0.83,96.7,315,9229,2025,7,July,Friday,False,High,False,0.0,False
2025-07-25,WH03,S3,15,120,7312,7312,7.616666666666666,7650,95.58,0,84,1.15,95.69,315,6997,2025,7,July,Friday,False,Very High,True,0.0,False
2025-07-25,WH04,S1,23,184,13384,13384,9.092391304347826,15842,84.48,0,106,0.79,95.0,669,12715,2025,7,July,Friday,False,High,False,0.0,False
2025-07-25,WH04,S2,22,176,11840,11840,8.409090909090908,14432,82.04,0,99,0.84,94.84,611,11229,2025,7,July,Friday,False,High,False,0.0,False
2025-07-25,WH04,S3,17,136,7024,14048,6.455882352941177,9479,74.1,0,53,0.75,95.8,295,6729,2025,7,July,Friday,False,Normal,False,0.0,False
2025-07-25,WH05,S1,18,144,10120,20240,8.784722222222221,10584,95.62,0,113,1.12,96.01,404,9716,2025,7,July,Friday,False,Very High,True,0.0,False
2025-07-25,WH05,S2,17,136,8616,8616,7.919117647058823,9520,90.5,0,83,0.96,97.59,207,8409,2025,7,July,Friday,False,Very High,True,0.0,False
2025-07-25,WH05,S3,14,112,6640,6640,7.410714285714286,6664,99.64,0,91,1.37,94.45,368,6272,2025,7,July,Friday,False,Very High,True,0.0,False
2025-07-26,WH01,S1,25,200,7720,7720,4.825,17850,43.25,0,63,0.82,95.64,336,7384,2025,7,July,Saturday,False,Low,False,0.0,False
2025-07-26,WH01,S2,24,192,6464,12928,4.208333333333333,16320,39.61,0,51,0.79,94.89,330,6134,2025,7,July,Saturday,False,Low,False,0.0,False
2025-07-26,WH01,S3,19,152,5368,10736,4.414473684210527,10982,48.88,0,43,0.8,96.04,213,5155,2025,7,July,Saturday,False,Low,False,0.0,False
2025-07-26,WH02,S1,30,240,9864,9864,5.1375,22680,43.49,0,69,0.7,95.03,491,9373,2025,7,July,Saturday,False,Low,False,0.0,False
2025-07-26,WH02,S2,28,224,8184,24552,4.566964285714286,20160,40.6,0,67,0.82,94.34,463,7721,2025,7,July,Saturday,False,Low,False,0.0,False
2025-07-26,WH02,S3,22,176,6856,6856,4.869318181818182,13464,50.92,0,51,0.74,96.09,268,6588,2025,7,July,Saturday,False,Low,False,0.0,False
2025-07-26,WH03,S1,20,160,6840,6840,5.34375,12600,54.29,0,52,0.76,95.76,290,6550,2025,7,July,Saturday,False,Low,False,0.0,False
2025-07-26,WH03,S2,19,152,5624,5624,4.625,11400,49.33,0,54,0.96,95.55,251,5373,2025,7,July,Saturday,False,Low,False,0.0,False
2025-07-26,WH03,S3,15,120,3696,3696,3.85,7650,48.31,0,27,0.73,95.88,152,3544,2025,7,July,Saturday,False,Low,False,0.0,False
2025-07-26,WH04,S1,23,184,6728,6728,4.570652173913044,15842,42.47,0,65,0.97,97.58,163,6565,2025,7,July,Saturday,False,Low,False,0.0,False
2025-07-26,WH04,S2,22,176,5112,10224,3.6306818181818175,14432,35.42,0,52,1.02,96.23,193,4919,2025,7,July,Saturday,False,Low,False,0.0,False
2025-07-26,WH04,S3,17,136,4144,12432,3.808823529411765,9479,43.72,0,40,0.97,95.58,183,3961,2025,7,July,Saturday,False,Low,False,0.0,False
2025-07-26,WH05,S1,18,144,5648,5648,4.902777777777778,10584,53.36,0,44,0.78,95.92,230,5418,2025,7,July,Saturday,False,Low,False,0.0,False
2025-07-26,WH05,S2,17,136,5264,10528,4.838235294117647,9520,55.29,0,48,0.91,95.85,218,5046,2025,7,July,Saturday,False,Low,False,0.0,False
2025-07-26,WH05,S3,14,112,3192,6384,3.5625,6664,47.9,0,23,0.72,95.68,138,3054,2025,7,July,Saturday,False,Low,False,0.0,False
2025-07-27,WH01,S1,25,200,6600,6600,4.125,17850,36.97,0,55,0.83,96.23,249,6351,2025,7,July,Sunday,True,Low,False,0.0,False
2025-07-27,WH01,S2,24,192,5792,5792,3.7708333333333335,16320,35.49,0,46,0.79,95.44,264,5528,2025,7,July,Sunday,True,Low,False,0.0,False
2025-07-27,WH01,S3,19,152,4272,4272,3.513157894736842,10982,38.9,0,31,0.73,96.64,144,4128,2025,7,July,Sunday,True,Low,False,0.0,False
2025-07-27,WH02,S1,30,240,6696,6696,3.4875,22680,29.52,0,60,0.9,94.77,350,6346,2025,7,July,Sunday,True,Low,False,0.0,False
2025-07-27,WH02,S2,28,224,8040,8040,4.486607142857143,20160,39.88,0,78,0.97,96.62,272,7768,2025,7,July,Sunday,True,Low,False,0.0,False
2025-07-27,WH02,S3,22,176,4992,4992,3.5454545454545454,13464,37.08,0,51,1.02,95.76,211,4781,2025,7,July,Sunday,True,Low,False,0.0,False
2025-07-27,WH03,S1,20,160,5296,10592,4.1375,12600,42.03,0,45,0.85,95.19,255,5041,2025,7,July,Sunday,True,Low,False,0.0,False
2025-07-27,WH03,S2,19,152,4312,4312,3.546052631578948,11400,37.82,0,29,0.67,96.2,164,4148,2025,7,July,Sunday,True,Low,False,0.0,False
2025-07-27,WH03,S3,15,120,3560,3560,3.7083333333333335,7650,46.54,0,34,0.96,97.03,106,3454,2025,7,July,Sunday,True,Low,False,0.0,False
2025-07-27,WH04,S1,23,184,5528,5528,3.755434782608696,15842,34.89,0,45,0.81,97.08,161,5367,2025,7,July,Sunday,True,Low,False,0.0,False
2025-07-27,WH04,S2,22,176,4904,4904,3.4829545454545454,14432,33.98,0,35,0.71,94.39,275,4629,2025,7,July,Sunday,True,Low,False,0.0,False
2025-07-27,WH04,S3,17,136,2616,2616,2.4044117647058822,9479,27.6,0,23,0.88,95.94,106,2510,2025,7,July,Sunday,True,Low,False,0.0,False
2025-07-27,WH05,S1,18,144,4456,4456,3.8680555555555554,10584,42.1,0,42,0.94,96.86,140,4316,2025,7,July,Sunday,True,Low,False,0.0,False
2025-07-27,WH05,S2,17,136,4992,4992,4.588235294117647,9520,52.44,0,42,0.84,95.16,242,4750,2025,7,July,Sunday,True,Low,False,0.0,False
2025-07-27,WH05,S3,14,112,2816,5632,3.142857142857143,6664,42.26,0,30,1.07,96.57,97,2719,2025,7,July,Sunday,True,Low,False,0.0,False
2025-07-28,WH01,S1,25,200,11880,11880,7.425,17850,66.55,0,106,0.89,95.79,500,11380,2025,7,July,Monday,False,Normal,False,0.0,False
2025-07-28,WH01,S2,24,192,10640,21280,6.927083333333333,16320,65.2,0,107,1.01,96.34,390,10250,2025,7,July,Monday,False,Normal,False,0.0,False
2025-07-28,WH01,S3,19,152,8424,8424,6.927631578947368,10982,76.71,0,56,0.66,95.51,378,8046,2025,7,July,Monday,False,High,False,0.0,False
2025-07-28,WH02,S1,30,240,14584,29168,7.595833333333333,22680,64.3,0,130,0.89,96.43,520,14064,2025,7,July,Monday,False,Normal,False,0.0,False
2025-07-28,WH02,S2,28,224,13920,13920,7.767857142857143,20160,69.05,0,115,0.83,96.54,481,13439,2025,7,July,Monday,False,Normal,False,0.0,False
2025-07-28,WH02,S3,22,176,9448,28344,6.7102272727272725,13464,70.17,0,63,0.67,94.92,480,8968,2025,7,July,Monday,False,Normal,False,0.0,False
2025-07-28,WH03,S1,20,160,9816,9816,7.66875,12600,77.9,0,75,0.76,97.46,249,9567,2025,7,July,Monday,False,High,False,0.0,False
2025-07-28,WH03,S2,19,152,9176,9176,7.546052631578948,11400,80.49,0,64,0.7,95.56,407,8769,2025,7,July,Monday,False,High,False,0.0,False
2025-07-28,WH03,S3,15,120,6688,6688,6.966666666666667,7650,87.42,0,68,1.02,95.48,302,6386,2025,7,July,Monday,False,Very High,True,0.0,False
2025-07-28,WH04,S1,23,184,10504,10504,7.135869565217392,15842,66.3,0,92,0.88,95.93,427,10077,2025,7,July,Monday,False,Normal,False,0.0,False
2025-07-28,WH04,S2,22,176,11216,22432,7.965909090909091,14432,77.72,0,102,0.91,95.92,457,10759,2025,7,July,Monday,False,High,False,0.0,False
2025-07-28,WH04,S3,17,136,7232,14464,6.647058823529412,9479,76.29,0,40,0.55,95.71,310,6922,2025,7,July,Monday,False,High,False,0.0,False
2025-07-28,WH05,S1,18,144,9120,27360,7.916666666666667,10584,86.17,0,125,1.37,97.15,260,8860,2025,7,July,Monday,False,Very High,True,0.0,False
2025-07-28,WH05,S2,17,136,8816,17632,8.102941176470589,9520,92.61,0,117,1.33,93.91,537,8279,2025,7,July,Monday,False,Very High,True,0.0,False
2025-07-28,WH05,S3,14,112,5168,10336,5.767857142857143,6664,77.55,0,45,0.87,92.52,387,4781,2025,7,July,Monday,False,High,False,0.0,False
2025-07-29,WH01,S1,25,200,13960,27920,8.725,17850,78.21,0,104,0.74,95.1,684,13276,2025,7,July,Tuesday,False,High,False,0.0,False
2025-07-29,WH01,S2,24,192,10120,10120,6.588541666666667,16320,62.01,0,71,0.7,94.88,518,9602,2025,7,July,Tuesday,False,Normal,False,0.0,False
2025-07-29,WH01,S3,19,152,8592,25776,7.065789473684211,10982,78.24,0,56,0.65,95.85,357,8235,2025,7,July,Tuesday,False,High,False,0.0,False
2025-07-29,WH02,S1,30,240,12904,12904,6.720833333333333,22680,56.9,0,93,0.72,93.44,846,12058,2025,7,July,Tuesday,False,Low,False,0.0,False
2025-07-29,WH02,S2,28,224,13368,26736,7.459821428571429,20160,66.31,0,124,0.93,97.68,310,13058,2025,7,July,Tuesday,False,Normal,False,0.0,False
2025-07-29,WH02,S3,22,176,9208,18416,6.539772727272728,13464,68.39,0,70,0.76,96.81,293,8915,2025,7,July,Tuesday,False,Normal,False,0.0,False
2025-07-29,WH03,S1,20,160,9256,18512,7.23125,12600,73.46,0,78,0.84,95.8,389,8867,2025,7,July,Tuesday,False,Normal,False,0.0,False
2025-07-29,WH03,S2,19,152,8448,8448,6.947368421052632,11400,74.11,0,48,0.57,94.56,459,7989,2025,7,July,Tuesday,False,Normal,False,0.0,False
2025-07-29,WH03,S3,15,120,6408,6408,6.675,7650,83.76,0,53,0.83,96.39,231,6177,2025,7,July,Tuesday,False,High,False,0.0,False
2025-07-29,WH04,S1,23,184,11496,11496,7.809782608695652,15842,72.57,0,92,0.8,95.32,538,10958,2025,7,July,Tuesday,False,Normal,False,0.0,False
2025-07-29,WH04,S2,22,176,9752,19504,6.926136363636363,14432,67.57,0,73,0.75,95.57,432,9320,2025,7,July,Tuesday,False,Normal,False,0.0,False
2025-07-29,WH04,S3,17,136,6040,6040,5.551470588235294,9479,63.72,0,53,0.88,95.97,244,5796,2025,7,July,Tuesday,False,Normal,False,0.0,False
2025-07-29,WH05,S1,18,144,9672,19344,8.395833333333334,10584,91.38,0,83,0.86,96.41,347,9325,2025,7,July,Tuesday,False,Very High,True,0.0,False
2025-07-29,WH05,S2,17,136,7744,7744,7.117647058823529,9520,81.34,0,58,0.75,96.25,291,7453,2025,7,July,Tuesday,False,High,False,0.0,False
2025-07-29,WH05,S3,14,112,5720,5720,6.383928571428571,6664,85.83,0,48,0.84,94.97,288,5432,2025,7,July,Tuesday,False,Very High,True,0.0,False
2025-07-30,WH01,S1,25,200,12080,24160,7.55,17850,67.68,0,100,0.83,95.6,531,11549,2025,7,July,Wednesday,False,Normal,False,0.0,False
2025-07-30,WH01,S2,24,192,11512,11512,7.494791666666667,16320,70.54,0,105,0.91,95.07,567,10945,2025,7,July,Wednesday,False,Normal,False,0.0,False
2025-07-30,WH01,S3,19,152,6912,6912,5.684210526315789,10982,62.94,0,48,0.69,96.68,230,6682,2025,7,July,Wednesday,False,Normal,False,0.0,False
2025-07-30,WH02,S1,30,240,13408,13408,6.983333333333333,22680,59.12,0,104,0.78,95.46,609,12799,2025,7,July,Wednesday,False,Low,False,0.0,False
2025-07-30,WH02,S2,28,224,13400,40200,7.477678571428571,20160,66.47,0,101,0.75,95.06,662,12738,2025,7,July,Wednesday,False,Normal,False,0.0,False
2025-07-30,WH02,S3,22,176,8944,8944,6.352272727272728,13464,66.43,0,61,0.68,96.39,322,8622,2025,7,July,Wednesday,False,Normal,False,0.0,False
2025-07-30,WH03,S1,20,160,10856,10856,8.48125,12600,86.16,0,157,1.45,94.52,595,10261,2025,7,July,Wednesday,False,Very High,True,0.0,False
2025-07-30,WH03,S2,19,152,9296,9296,7.644736842105263,11400,81.54,0,57,0.61,95.05,460,8836,2025,7,July,Wednesday,False,High,False,0.0,False
2025-07-30,WH03,S3,15,120,5320,5320,5.541666666666667,7650,69.54,0,37,0.7,95.11,260,5060,2025,7,July,Wednesday,False,Normal,False,0.0,False
2025-07-30,WH04,S1,23,184,10184,10184,6.918478260869565,15842,64.28,0,90,0.88,97.33,272,9912,2025,7,July,Wednesday,False,Normal,False,0.0,False
2025-07-30,WH04,S2,22,176,10192,10192,7.238636363636363,14432,70.62,0,73,0.72,95.9,418,9774,2025,7,July,Wednesday,False,Normal,False,0.0,False
2025-07-30,WH04,S3,17,136,6928,6928,6.367647058823529,9479,73.09,0,54,0.78,97.71,158,6770,2025,7,July,Wednesday,False,Normal,False,0.0,False
2025-07-30,WH05,S1,18,144,9448,18896,8.20138888888889,10584,89.27,0,99,1.05,96.37,343,9105,2025,7,July,Wednesday,False,Very High,True,0.0,False
2025-07-30,WH05,S2,17,136,8640,8640,7.9411764705882355,9520,90.76,0,92,1.06,96.14,333,8307,2025,7,July,Wednesday,False,Very High,True,0.0,False
2025-07-30,WH05,S3,14,112,4528,4528,5.053571428571429,6664,67.95,0,41,0.91,97.17,128,4400,2025,7,July,Wednesday,False,Normal,False,0.0,False
2025-07-31,WH01,S1,25,200,14624,14624,9.14,17850,81.93,0,130,0.89,95.78,618,14006,2025,7,July,Thursday,False,High,False,0.0,False
2025-07-31,WH01,S2,24,192,10552,31656,6.869791666666667,16320,64.66,0,78,0.74,97.3,285,10267,2025,7,July,Thursday,False,Normal,False,0.0,False
2025-07-31,WH01,S3,19,152,7744,7744,6.368421052631579,10982,70.52,0,73,0.94,96.2,294,7450,2025,7,July,Thursday,False,Normal,False,0.0,False
2025-07-31,WH02,S1,30,240,14368,14368,7.483333333333333,22680,63.35,0,113,0.79,95.49,648,13720,2025,7,July,Thursday,False,Normal,False,0.0,False
2025-07-31,WH02,S2,28,224,12448,12448,6.946428571428571,20160,61.75,0,96,0.77,95.76,528,11920,2025,7,July,Thursday,False,Normal,False,0.0,False
2025-07-31,WH02,S3,22,176,9976,19952,7.0852272727272725,13464,74.09,0,77,0.77,96.55,344,9632,2025,7,July,Thursday,False,Normal,False,0.0,False
2025-07-31,WH03,S1,20,160,9504,9504,7.425,12600,75.43,0,84,0.88,96.29,352,9152,2025,7,July,Thursday,False,High,False,0.0,False
2025-07-31,WH03,S2,19,152,10232,10232,8.414473684210526,11400,89.75,0,125,1.22,95.88,421,9811,2025,7,July,Thursday,False,Very High,True,0.0,False
2025-07-31,WH03,S3,15,120,7456,7456,7.766666666666667,7650,97.46,0,77,1.03,95.12,364,7092,2025,7,July,Thursday,False,Very High,True,0.0,False
2025-07-31,WH04,S1,23,184,13272,13272,9.016304347826088,15842,83.78,0,115,0.87,94.76,695,12577,2025,7,July,Thursday,False,High,False,0.0,False
2025-07-31,WH04,S2,22,176,10088,10088,7.164772727272728,14432,69.9,0,73,0.72,98.94,107,9981,2025,7,July,Thursday,False,Normal,False,0.0,False
2025-07-31,WH04,S3,17,136,6840,6840,6.286764705882353,9479,72.16,0,46,0.67,95.33,319,6521,2025,7,July,Thursday,False,Normal,False,0.0,False
2025-07-31,WH05,S1,18,144,8616,17232,7.479166666666667,10584,81.41,0,57,0.66,95.62,378,8238,2025,7,July,Thursday,False,High,False,0.0,False
2025-07-31,WH05,S2,17,136,7808,23424,7.176470588235294,9520,82.02,0,50,0.64,95.81,327,7481,2025,7,July,Thursday,False,High,False,0.0,False
2025-07-31,WH05,S3,14,112,5992,11984,6.6875,6664,89.92,0,75,1.25,97.28,163,5829,2025,7,July,Thursday,False,Very High,True,0.0,False
2025-08-01,WH01,S1,25,200,10768,10768,6.73,17850,60.32,0,95,0.88,94.59,583,10185,2025,8,August,Friday,False,Normal,False,0.0,False
2025-08-01,WH01,S2,24,192,12880,12880,8.385416666666666,16320,78.92,0,99,0.77,95.87,532,12348,2025,8,August,Friday,False,High,False,0.0,False
2025-08-01,WH01,S3,19,152,7136,14272,5.868421052631579,10982,64.98,0,64,0.9,97.67,166,6970,2025,8,August,Friday,False,Normal,False,0.0,False
2025-08-01,WH02,S1,30,240,14296,14296,7.445833333333334,22680,63.03,0,98,0.69,96.12,555,13741,2025,8,August,Friday,False,Normal,False,0.0,False
2025-08-01,WH02,S2,28,224,13160,13160,7.34375,20160,65.28,0,108,0.82,94.71,697,12463,2025,8,August,Friday,False,Normal,False,0.0,False
2025-08-01,WH02,S3,22,176,10808,10808,7.676136363636363,13464,80.27,0,74,0.68,95.14,526,10282,2025,8,August,Friday,False,High,False,0.0,False
2025-08-01,WH03,S1,20,160,11720,23440,9.15625,12600,93.02,0,122,1.04,95.57,520,11200,2025,8,August,Friday,False,Very High,True,0.0,False
2025-08-01,WH03,S2,19,152,8760,26280,7.203947368421052,11400,76.84,0,77,0.88,96.29,325,8435,2025,8,August,Friday,False,High,False,0.0,False
2025-08-01,WH03,S3,15,120,6256,6256,6.516666666666667,7650,81.78,0,56,0.9,95.92,255,6001,2025,8,August,Friday,False,High,False,0.0,False
2025-08-01,WH04,S1,23,184,11328,11328,7.695652173913044,15842,71.51,0,102,0.9,96.29,420,10908,2025,8,August,Friday,False,Normal,False,0.0,False
2025-08-01,WH04,S2,22,176,11176,33528,7.9375,14432,77.44,0,99,0.89,97.3,302,10874,2025,8,August,Friday,False,High,False,0.0,False
2025-08-01,WH04,S3,17,136,6576,13152,6.044117647058823,9479,69.37,0,47,0.71,98.03,130,6446,2025,8,August,Friday,False,Normal,False,0.0,False
2025-08-01,WH05,S1,18,144,8656,8656,7.513888888888889,10584,81.78,0,80,0.92,94.75,455,8201,2025,8,August,Friday,False,High,False,0.0,False
2025-08-01,WH05,S2,17,136,8216,16432,7.551470588235294,9520,86.3,0,70,0.85,98.64,111,8105,2025,8,August,Friday,False,Very High,True,0.0,False
2025-08-01,WH05,S3,14,112,5472,5472,6.107142857142857,6664,82.11,0,51,0.93,96.36,199,5273,2025,8,August,Friday,False,High,False,0.0,False
2025-08-02,WH01,S1,25,200,7496,22488,4.685,17850,41.99,0,61,0.81,95.5,337,7159,2025,8,August,Saturday,False,Low,False,0.0,False
2025-08-02,WH01,S2,24,192,5840,5840,3.8020833333333335,16320,35.78,0,55,0.94,97.35,155,5685,2025,8,August,Saturday,False,Low,False,0.0,False
2025-08-02,WH01,S3,19,152,4912,9824,4.039473684210527,10982,44.73,0,39,0.79,97.2,138,4774,2025,8,August,Saturday,False,Low,False,0.0,False
2025-08-02,WH02,S1,30,240,8680,26040,4.520833333333333,22680,38.27,0,68,0.78,97.3,234,8446,2025,8,August,Saturday,False,Low,False,0.0,False
2025-08-02,WH02,S2,28,224,8528,8528,4.758928571428571,20160,42.3,0,87,1.02,94.24,491,8037,2025,8,August,Saturday,False,Low,False,0.0,False
2025-08-02,WH02,S3,22,176,4600,4600,3.2670454545454546,13464,34.17,0,31,0.67,95.91,188,4412,2025,8,August,Saturday,False,Low,False,0.0,False
2025-08-02,WH03,S1,20,160,6616,6616,5.16875,12600,52.51,0,52,0.79,96.41,238,6378,2025,8,August,Saturday,False,Low,False,0.0,False
2025-08-02,WH03,S2,19,152,5184,10368,4.2631578947368425,11400,45.47,0,44,0.85,95.39,239,4945,2025,8,August,Saturday,False,Low,False,0.0,False
2025-08-02,WH03,S3,15,120,4504,9008,4.691666666666666,7650,58.88,0,41,0.91,95.08,221,4283,2025,8,August,Saturday,False,Low,False,0.0,False
2025-08-02,WH04,S1,23,184,7128,7128,4.842391304347826,15842,44.99,0,66,0.93,94.94,361,6767,2025,8,August,Saturday,False,Low,False,0.0,False
2025-08-02,WH04,S2,22,176,5760,5760,4.090909090909091,14432,39.91,0,41,0.71,94.93,292,5468,2025,8,August,Saturday,False,Low,False,0.0,False
2025-08-02,WH04,S3,17,136,5184,5184,4.764705882352941,9479,54.69,0,48,0.93,94.59,281,4903,2025,8,August,Saturday,False,Low,False,0.0,False
2025-08-02,WH05,S1,18,144,4896,9792,4.25,10584,46.26,0,41,0.84,96.26,183,4713,2025,8,August,Saturday,False,Low,False,0.0,False
2025-08-02,WH05,S2,17,136,4584,13752,4.213235294117647,9520,48.15,0,36,0.79,96.65,154,4430,2025,8,August,Saturday,False,Low,False,0.0,False
2025-08-02,WH05,S3,14,112,3496,10488,3.9017857142857135,6664,52.46,0,25,0.72,96.51,122,3374,2025,8,August,Saturday,False,Low,False,0.0,False
2025-08-03,WH01,S1,25,200,4800,4800,3.0,17850,26.89,0,46,0.96,95.15,233,4567,2025,8,August,Sunday,True,Low,False,0.0,False
2025-08-03,WH01,S2,24,192,5616,5616,3.65625,16320,34.41,0,50,0.89,95.6,247,5369,2025,8,August,Sunday,True,Low,False,0.0,False
2025-08-03,WH01,S3,19,152,4400,4400,3.6184210526315783,10982,40.07,0,36,0.82,96.59,150,4250,2025,8,August,Sunday,True,Low,False,0.0,False
2025-08-03,WH02,S1,30,240,8264,16528,4.304166666666666,22680,36.44,0,71,0.86,95.41,379,7885,2025,8,August,Sunday,True,Low,False,0.0,False
2025-08-03,WH02,S2,28,224,7176,7176,4.004464285714286,20160,35.6,0,43,0.6,95.51,322,6854,2025,8,August,Sunday,True,Low,False,0.0,False
2025-08-03,WH02,S3,22,176,5664,5664,4.0227272727272725,13464,42.07,0,57,1.01,95.45,258,5406,2025,8,August,Sunday,True,Low,False,0.0,False
2025-08-03,WH03,S1,20,160,5464,16392,4.26875,12600,43.37,0,43,0.79,95.05,270,5194,2025,8,August,Sunday,True,Low,False,0.0,False
2025-08-03,WH03,S2,19,152,4056,4056,3.335526315789474,11400,35.58,0,40,0.99,97.63,96,3960,2025,8,August,Sunday,True,Low,False,0.0,False
2025-08-03,WH03,S3,15,120,3152,3152,3.283333333333333,7650,41.2,0,33,1.05,96.28,117,3035,2025,8,August,Sunday,True,Low,False,0.0,False
2025-08-03,WH04,S1,23,184,5824,11648,3.9565217391304346,15842,36.76,0,45,0.77,95.05,288,5536,2025,8,August,Sunday,True,Low,False,0.0,False
2025-08-03,WH04,S2,22,176,4240,8480,3.011363636363636,14432,29.38,0,34,0.8,95.31,199,4041,2025,8,August,Sunday,True,Low,False,0.0,False
2025-08-03,WH04,S3,17,136,3664,7328,3.367647058823529,9479,38.65,0,28,0.76,97.14,105,3559,2025,8,August,Sunday,True,Low,False,0.0,False
2025-08-03,WH05,S1,18,144,4416,4416,3.8333333333333335,10584,41.72,0,35,0.79,96.8,141,4275,2025,8,August,Sunday,True,Low,False,0.0,False
2025-08-03,WH05,S2,17,136,3880,3880,3.5661764705882355,9520,40.76,0,28,0.72,95.44,177,3703,2025,8,August,Sunday,True,Low,False,0.0,False
2025-08-03,WH05,S3,14,112,2864,5728,3.196428571428572,6664,42.98,0,23,0.8,97.2,80,2784,2025,8,August,Sunday,True,Low,False,0.0,False
2025-08-04,WH01,S1,25,200,11976,11976,7.485,17850,67.09,0,72,0.6,95.48,542,11434,2025,8,August,Monday,False,Normal,False,0.0,False
2025-08-04,WH01,S2,24,192,11608,23216,7.557291666666667,16320,71.13,0,85,0.73,96.38,420,11188,2025,8,August,Monday,False,Normal,False,0.0,False
2025-08-04,WH01,S3,19,152,7600,7600,6.25,10982,69.2,0,57,0.75,96.41,273,7327,2025,8,August,Monday,False,Normal,False,0.0,False
2025-08-04,WH02,S1,30,240,13544,13544,7.054166666666666,22680,59.72,0,128,0.95,95.75,575,12969,2025,8,August,Monday,False,Low,False,0.0,False
2025-08-04,WH02,S2,28,224,13504,13504,7.535714285714286,20160,66.98,0,79,0.59,94.86,694,12810,2025,8,August,Monday,False,Normal,False,0.0,False
2025-08-04,WH02,S3,22,176,9088,9088,6.454545454545454,13464,67.5,0,51,0.56,95.17,439,8649,2025,8,August,Monday,False,Normal,False,0.0,False
2025-08-04,WH03,S1,20,160,8960,17920,7.0,12600,71.11,0,73,0.81,95.33,418,8542,2025,8,August,Monday,False,Normal,False,0.0,False
2025-08-04,WH03,S2,19,152,8808,8808,7.243421052631579,11400,77.26,0,77,0.87,95.01,440,8368,2025,8,August,Monday,False,High,False,0.0,False
2025-08-04,WH03,S3,15,120,5208,15624,5.425,7650,68.08,0,44,0.84,96.73,171,5037,2025,8,August,Monday,False,Normal,False,0.0,False
2025-08-04,WH04,S1,23,184,9680,9680,6.576086956521739,15842,61.1,0,66,0.68,95.84,402,9278,2025,8,August,Monday,False,Normal,False,0.0,False
2025-08-04,WH04,S2,22,176,9256,27768,6.573863636363637,14432,64.14,0,55,0.59,95.26,439,8817,2025,8,August,Monday,False,Normal,False,0.0,False
2025-08-04,WH04,S3,17,136,6408,12816,5.889705882352941,9479,67.6,0,50,0.78,95.74,273,6135,2025,8,August,Monday,False,Normal,False,0.0,False
2025-08-04,WH05,S1,18,144,7992,15984,6.9375,10584,75.51,0,62,0.78,94.71,423,7569,2025,8,August,Monday,False,High,False,0.0,False
2025-08-04,WH05,S2,17,136,8400,8400,7.720588235294118,9520,88.24,0,91,1.08,94.05,500,7900,2025,8,August,Monday,False,Very High,True,0.0,False
2025-08-04,WH05,S3,14,112,4784,4784,5.339285714285714,6664,71.79,0,38,0.79,96.29,178,4606,2025,8,August,Monday,False,Normal,False,0.0,False
2025-08-05,WH01,S1,25,200,12376,12376,7.735,17850,69.33,0,91,0.74,96.4,445,11931,2025,8,August,Tuesday,False,Normal,False,0.0,False
2025-08-05,WH01,S2,24,192,9968,9968,6.489583333333333,16320,61.08,0,72,0.72,95.96,403,9565,2025,8,August,Tuesday,False,Normal,False,0.0,False
2025-08-05,WH01,S3,19,152,7536,7536,6.197368421052632,10982,68.62,0,57,0.76,95.42,346,7190,2025,8,August,Tuesday,False,Normal,False,0.0,False
2025-08-05,WH02,S1,30,240,13384,26768,6.970833333333333,22680,59.01,0,141,1.05,97.44,343,13041,2025,8,August,Tuesday,False,Low,False,0.0,False
2025-08-05,WH02,S2,28,224,10256,20512,5.723214285714286,20160,50.87,0,85,0.83,95.38,474,9782,2025,8,August,Tuesday,False,Low,False,0.0,False
2025-08-05,WH02,S3,22,176,8656,17312,6.1477272727272725,13464,64.29,0,70,0.81,97.57,210,8446,2025,8,August,Tuesday,False,Normal,False,0.0,False
2025-08-05,WH03,S1,20,160,11232,33696,8.775,12600,89.14,0,157,1.4,95.87,464,10768,2025,8,August,Tuesday,False,Very High,True,0.0,False
2025-08-05,WH03,S2,19,152,8776,8776,7.217105263157895,11400,76.98,0,60,0.68,96.68,292,8484,2025,8,August,Tuesday,False,High,False,0.0,False
2025-08-05,WH03,S3,15,120,6680,6680,6.958333333333333,7650,87.32,0,63,0.94,96.83,211,6469,2025,8,August,Tuesday,False,Very High,True,0.0,False
2025-08-05,WH04,S1,23,184,9312,27936,6.326086956521739,15842,58.78,0,82,0.88,95.94,378,8934,2025,8,August,Tuesday,False,Low,False,0.0,False
2025-08-05,WH04,S2,22,176,8928,8928,6.340909090909091,14432,61.86,0,61,0.68,97.44,229,8699,2025,8,August,Tuesday,False,Normal,False,0.0,False
2025-08-05,WH04,S3,17,136,7528,7528,6.919117647058823,9479,79.42,0,55,0.73,96.25,282,7246,2025,8,August,Tuesday,False,High,False,0.0,False
2025-08-05,WH05,S1,18,144,7688,15376,6.673611111111111,10584,72.64,0,81,1.05,94.83,398,7290,2025,8,August,Tuesday,False,Normal,False,0.0,False
2025-08-05,WH05,S2,17,136,7864,7864,7.227941176470588,9520,82.61,0,46,0.58,96.71,259,7605,2025,8,August,Tuesday,False,High,False,0.0,False
2025-08-05,WH05,S3,14,112,5688,11376,6.348214285714286,6664,85.35,0,60,1.05,96.31,210,5478,2025,8,August,Tuesday,False,Very High,True,0.0,False
2025-08-06,WH01,S1,25,200,11400,22800,7.125,17850,63.87,0,91,0.8,94.38,640,10760,2025,8,August,Wednesday,False,Normal,False,0.0,False
2025-08-06,WH01,S2,24,192,10336,10336,6.729166666666667,16320,63.33,0,66,0.64,95.95,418,9918,2025,8,August,Wednesday,False,Normal,False,0.0,False
2025-08-06,WH01,S3,19,152,6376,6376,5.243421052631579,10982,58.06,0,44,0.69,96.72,209,6167,2025,8,August,Wednesday,False,Low,False,0.0,False
2025-08-06,WH02,S1,30,240,15616,31232,8.133333333333333,22680,68.85,0,150,0.96,95.73,666,14950,2025,8,August,Wednesday,False,Normal,False,0.0,False
2025-08-06,WH02,S2,28,224,11424,11424,6.375,20160,56.67,0,96,0.84,96.07,448,10976,2025,8,August,Wednesday,False,Low,False,0.0,False
2025-08-06,WH02,S3,22,176,8792,8792,6.244318181818182,13464,65.3,0,85,0.97,95.22,420,8372,2025,8,August,Wednesday,False,Normal,False,0.0,False
2025-08-06,WH03,S1,20,160,9120,18240,7.125,12600,72.38,0,83,0.91,96.05,360,8760,2025,8,August,Wednesday,False,Normal,False,0.0,False
2025-08-06,WH03,S2,19,152,9216,9216,7.578947368421052,11400,80.84,0,85,0.92,95.86,382,8834,2025,8,August,Wednesday,False,High,False,0.0,False
2025-08-06,WH03,S3,15,120,6464,6464,6.733333333333333,7650,84.5,0,55,0.85,96.67,215,6249,2025,8,August,Wednesday,False,High,False,0.0,False
2025-08-06,WH04,S1,23,184,8768,8768,5.956521739130435,15842,55.35,0,79,0.9,95.37,406,8362,2025,8,August,Wednesday,False,Low,False,0.0,False
2025-08-06,WH04,S2,22,176,9824,9824,6.977272727272728,14432,68.07,0,92,0.94,97.42,253,9571,2025,8,August,Wednesday,False,Normal,False,0.0,False
2025-08-06,WH04,S3,17,136,5568,16704,5.117647058823529,9479,58.74,0,54,0.97,93.67,352,5216,2025,8,August,Wednesday,False,Low,False,0.0,False
2025-08-06,WH05,S1,18,144,8752,17504,7.597222222222222,10584,82.69,0,52,0.59,96.56,301,8451,2025,8,August,Wednesday,False,High,False,0.0,False
2025-08-06,WH05,S2,17,136,6880,20640,6.323529411764706,9520,72.27,0,47,0.68,95.68,297,6583,2025,8,August,Wednesday,False,Normal,False,0.0,False
2025-08-06,WH05,S3,14,112,4504,4504,5.026785714285714,6664,67.59,0,45,1.0,96.11,175,4329,2025,8,August,Wednesday,False,Normal,False,0.0,False
2025-08-07,WH01,S1,25,200,12288,24576,7.68,17850,68.84,0,85,0.69,97.4,320,11968,2025,8,August,Thursday,False,Normal,False,0.0,False
2025-08-07,WH01,S2,24,192,10248,10248,6.671875,16320,62.79,0,98,0.96,96.51,358,9890,2025,8,August,Thursday,False,Normal,False,0.0,False
2025-08-07,WH01,S3,19,152,6864,13728,5.644736842105263,10982,62.5,0,60,0.87,96.38,249,6615,2025,8,August,Thursday,False,Normal,False,0.0,False
2025-08-07,WH02,S1,30,240,14112,14112,7.35,22680,62.22,0,90,0.64,95.76,598,13514,2025,8,August,Thursday,False,Normal,False,0.0,False
2025-08-07,WH02,S2,28,224,10848,10848,6.053571428571429,20160,53.81,0,104,0.96,95.39,500,10348,2025,8,August,Thursday,False,Low,False,0.0,False
2025-08-07,WH02,S3,22,176,8432,16864,5.988636363636363,13464,62.63,0,80,0.95,95.89,347,8085,2025,8,August,Thursday,False,Normal,False,0.0,False
2025-08-07,WH03,S1,20,160,9792,9792,7.65,12600,77.71,0,82,0.84,96.3,362,9430,2025,8,August,Thursday,False,High,False,0.0,False
2025-08-07,WH03,S2,19,152,8816,8816,7.25,11400,77.33,0,74,0.84,94.04,526,8290,2025,8,August,Thursday,False,High,False,0.0,False
2025-08-07,WH03,S3,15,120,6992,20976,7.283333333333333,7650,91.4,0,66,0.94,95.12,341,6651,2025,8,August,Thursday,False,Very High,True,0.0,False
2025-08-07,WH04,S1,23,184,10960,10960,7.445652173913044,15842,69.18,0,76,0.69,96.52,382,10578,2025,8,August,Thursday,False,Normal,False,0.0,False
2025-08-07,WH04,S2,22,176,10384,31152,7.375,14432,71.95,0,73,0.7,95.58,459,9925,2025,8,August,Thursday,False,Normal,False,0.0,False
2025-08-07,WH04,S3,17,136,7024,14048,6.455882352941177,9479,74.1,0,61,0.87,95.52,315,6709,2025,8,August,Thursday,False,Normal,False,0.0,False
2025-08-07,WH05,S1,18,144,8536,17072,7.409722222222222,10584,80.65,0,53,0.62,97.23,236,8300,2025,8,August,Thursday,False,High,False,0.0,False
2025-08-07,WH05,S2,17,136,7096,7096,6.522058823529412,9520,74.54,0,67,0.94,96.95,216,6880,2025,8,August,Thursday,False,Normal,False,0.0,False
2025-08-07,WH05,S3,14,112,5760,5760,6.428571428571429,6664,86.43,0,71,1.23,96.95,176,5584,2025,8,August,Thursday,False,Very High,True,0.0,False
2025-08-08,WH01,S1,25,200,11368,11368,7.105,17850,63.69,0,111,0.98,97.86,243,11125,2025,8,August,Friday,False,Normal,False,0.0,False
2025-08-08,WH01,S2,24,192,9624,19248,6.265625,16320,58.97,0,84,0.87,96.83,305,9319,2025,8,August,Friday,False,Low,False,0.0,False
2025-08-08,WH01,S3,19,152,6520,6520,5.3618421052631575,10982,59.37,0,51,0.78,95.29,307,6213,2025,8,August,Friday,False,Low,False,0.0,False
2025-08-08,WH02,S1,30,240,15672,15672,8.1625,22680,69.1,0,114,0.73,95.55,697,14975,2025,8,August,Friday,False,Normal,False,0.0,False
2025-08-08,WH02,S2,28,224,15072,45216,8.410714285714286,20160,74.76,0,86,0.57,95.53,674,14398,2025,8,August,Friday,False,Normal,False,0.0,False
2025-08-08,WH02,S3,22,176,9672,9672,6.869318181818182,13464,71.84,0,84,0.87,96.24,364,9308,2025,8,August,Friday,False,Normal,False,0.0,False
2025-08-08,WH03,S1,20,160,10064,10064,7.8625,12600,79.87,0,101,1.0,96.13,389,9675,2025,8,August,Friday,False,High,False,0.0,False
2025-08-08,WH03,S2,19,152,9368,18736,7.703947368421052,11400,82.18,0,90,0.96,96.7,309,9059,2025,8,August,Friday,False,High,False,0.0,False
2025-08-08,WH03,S3,15,120,7096,7096,7.391666666666667,7650,92.76,0,78,1.1,95.75,302,6794,2025,8,August,Friday,False,Very High,True,0.0,False
2025-08-08,WH04,S1,23,184,13168,13168,8.945652173913043,15842,83.12,0,117,0.89,95.44,600,12568,2025,8,August,Friday,False,High,False,0.0,False
2025-08-08,WH04,S2,22,176,9896,9896,7.028409090909091,14432,68.57,0,84,0.85,95.81,415,9481,2025,8,August,Friday,False,Normal,False,0.0,False
2025-08-08,WH04,S3,17,136,7144,14288,6.566176470588236,9479,75.37,0,64,0.9,96.64,240,6904,2025,8,August,Friday,False,High,False,0.0,False
2025-08-08,WH05,S1,18,144,8560,8560,7.430555555555555,10584,80.88,0,67,0.78,95.71,368,8192,2025,8,August,Friday,False,High,False,0.0,False
2025-08-08,WH05,S2,17,136,7920,7920,7.279411764705882,9520,83.19,0,43,0.54,96.64,266,7654,2025,8,August,Friday,False,High,False,0.0,False
2025-08-08,WH05,S3,14,112,5768,11536,6.4375,6664,86.55,0,71,1.23,96.3,213,5555,2025,8,August,Friday,False,Very High,True,0.0,False
2025-08-09,WH01,S1,25,200,8568,8568,5.355,17850,48.0,0,72,0.84,96.46,303,8265,2025,8,August,Saturday,False,Low,False,0.0,False
2025-08-09,WH01,S2,24,192,7064,14128,4.598958333333333,16320,43.28,0,53,0.75,95.92,288,6776,2025,8,August,Saturday,False,Low,False,0.0,False
2025-08-09,WH01,S3,19,152,3728,7456,3.0657894736842106,10982,33.95,0,28,0.75,97.41,97,3631,2025,8,August,Saturday,False,Low,False,0.0,False
2025-08-09,WH02,S1,30,240,8512,25536,4.433333333333334,22680,37.53,0,68,0.8,95.78,359,8153,2025,8,August,Saturday,False,Low,False,0.0,False
2025-08-09,WH02,S2,28,224,7496,7496,4.183035714285714,20160,37.18,0,74,0.99,96.19,286,7210,2025,8,August,Saturday,False,Low,False,0.0,False
2025-08-09,WH02,S3,22,176,5432,5432,3.8579545454545454,13464,40.34,0,44,0.81,95.88,224,5208,2025,8,August,Saturday,False,Low,False,0.0,False
2025-08-09,WH03,S1,20,160,6688,20064,5.225,12600,53.08,0,59,0.88,94.99,335,6353,2025,8,August,Saturday,False,Low,False,0.0,False
2025-08-09,WH03,S2,19,152,5904,11808,4.855263157894737,11400,51.79,0,44,0.75,95.75,251,5653,2025,8,August,Saturday,False,Low,False,0.0,False
2025-08-09,WH03,S3,15,120,3536,7072,3.683333333333333,7650,46.22,0,26,0.74,96.77,114,3422,2025,8,August,Saturday,False,Low,False,0.0,False
2025-08-09,WH04,S1,23,184,7816,15632,5.309782608695652,15842,49.34,0,60,0.77,96.81,250,7566,2025,8,August,Saturday,False,Low,False,0.0,False
2025-08-09,WH04,S2,22,176,5216,15648,3.704545454545455,14432,36.14,0,37,0.71,97.67,121,5095,2025,8,August,Saturday,False,Low,False,0.0,False
2025-08-09,WH04,S3,17,136,5088,5088,4.676470588235294,9479,53.68,0,35,0.69,95.98,204,4884,2025,8,August,Saturday,False,Low,False,0.0,False
2025-08-09,WH05,S1,18,144,5752,5752,4.993055555555555,10584,54.35,0,35,0.61,95.43,263,5489,2025,8,August,Saturday,False,Low,False,0.0,False
2025-08-09,WH05,S2,17,136,4968,9936,4.566176470588236,9520,52.18,0,37,0.74,96.34,182,4786,2025,8,August,Saturday,False,Low,False,0.0,False
2025-08-09,WH05,S3,14,112,3056,3056,3.4107142857142856,6664,45.86,0,28,0.92,95.56,136,2920,2025,8,August,Saturday,False,Low,False,0.0,False
2025-08-10,WH01,S1,25,200,6208,6208,3.88,17850,34.78,0,40,0.64,95.34,289,5919,2025,8,August,Sunday,True,Low,False,0.0,False
2025-08-10,WH01,S2,24,192,4984,9968,3.2447916666666665,16320,30.54,0,32,0.64,96.88,155,4829,2025,8,August,Sunday,True,Low,False,0.0,False
2025-08-10,WH01,S3,19,152,3944,3944,3.2434210526315788,10982,35.91,0,35,0.89,96.56,136,3808,2025,8,August,Sunday,True,Low,False,0.0,False
2025-08-10,WH02,S1,30,240,7896,15792,4.1125,22680,34.81,0,62,0.79,96.67,263,7633,2025,8,August,Sunday,True,Low,False,0.0,False
2025-08-10,WH02,S2,28,224,6264,12528,3.4955357142857144,20160,31.07,0,49,0.78,94.48,346,5918,2025,8,August,Sunday,True,Low,False,0.0,False
2025-08-10,WH02,S3,22,176,3768,3768,2.676136363636364,13464,27.99,0,31,0.82,95.95,153,3615,2025,8,August,Sunday,True,Low,False,0.0,False
2025-08-10,WH03,S1,20,160,4664,13992,3.64375,12600,37.02,0,43,0.92,95.11,228,4436,2025,8,August,Sunday,True,Low,False,0.0,False
2025-08-10,WH03,S2,19,152,4328,4328,3.5592105263157894,11400,37.96,0,48,1.11,94.54,236,4092,2025,8,August,Sunday,True,Low,False,0.0,False
2025-08-10,WH03,S3,15,120,2840,5680,2.958333333333333,7650,37.12,0,23,0.81,95.63,124,2716,2025,8,August,Sunday,True,Low,False,0.0,False
2025-08-10,WH04,S1,23,184,4752,4752,3.2282608695652173,15842,30.0,0,35,0.74,97.75,107,4645,2025,8,August,Sunday,True,Low,False,0.0,False
2025-08-10,WH04,S2,22,176,4728,9456,3.3579545454545454,14432,32.76,0,47,0.99,96.5,166,4562,2025,8,August,Sunday,True,Low,False,0.0,False
2025-08-10,WH04,S3,17,136,3448,3448,3.169117647058824,9479,36.38,0,28,0.81,95.3,162,3286,2025,8,August,Sunday,True,Low,False,0.0,False
2025-08-10,WH05,S1,18,144,4248,4248,3.6875,10584,40.14,0,27,0.64,94.94,215,4033,2025,8,August,Sunday,True,Low,False,0.0,False
2025-08-10,WH05,S2,17,136,3984,3984,3.661764705882353,9520,41.85,0,35,0.88,96.21,151,3833,2025,8,August,Sunday,True,Low,False,0.0,False
2025-08-10,WH05,S3,14,112,2736,2736,3.0535714285714284,6664,41.06,0,26,0.95,95.94,111,2625,2025,8,August,Sunday,True,Low,False,0.0,False
2025-08-11,WH01,S1,25,200,11168,11168,6.98,17850,62.57,0,88,0.79,96.17,427,10741,2025,8,August,Monday,False,Normal,False,0.0,False
2025-08-11,WH01,S2,24,192,9256,9256,6.026041666666667,16320,56.72,0,71,0.77,95.32,433,8823,2025,8,August,Monday,False,Low,False,0.0,False
2025-08-11,WH01,S3,19,152,8344,8344,6.8618421052631575,10982,75.98,0,60,0.72,96.43,298,8046,2025,8,August,Monday,False,High,False,0.0,False
2025-08-11,WH02,S1,30,240,17776,35552,9.258333333333333,22680,78.38,0,171,0.96,95.77,753,17023,2025,8,August,Monday,False,High,False,0.0,False
2025-08-11,WH02,S2,28,224,10776,10776,6.013392857142857,20160,53.45,0,85,0.79,96.44,383,10393,2025,8,August,Monday,False,Low,False,0.0,False
2025-08-11,WH02,S3,22,176,9304,18608,6.607954545454546,13464,69.1,0,76,0.82,96.26,348,8956,2025,8,August,Monday,False,Normal,False,0.0,False
2025-08-11,WH03,S1,20,160,11592,11592,9.05625,12600,92.0,0,109,0.94,95.9,476,11116,2025,8,August,Monday,False,Very High,True,0.0,False
2025-08-11,WH03,S2,19,152,8536,8536,7.019736842105263,11400,74.88,0,73,0.86,95.36,396,8140,2025,8,August,Monday,False,Normal,False,0.0,False
2025-08-11,WH03,S3,15,120,6832,13664,7.116666666666666,7650,89.31,0,85,1.24,95.95,277,6555,2025,8,August,Monday,False,Very High,True,0.0,False
2025-08-11,WH04,S1,23,184,9440,9440,6.413043478260869,15842,59.59,0,65,0.69,97.23,261,9179,2025,8,August,Monday,False,Low,False,0.0,False
2025-08-11,WH04,S2,22,176,10480,31440,7.443181818181818,14432,72.62,0,79,0.75,96.26,392,10088,2025,8,August,Monday,False,Normal,False,0.0,False
2025-08-11,WH04,S3,17,136,6944,6944,6.382352941176471,9479,73.26,0,57,0.82,97.35,184,6760,2025,8,August,Monday,False,Normal,False,0.0,False
2025-08-11,WH05,S1,18,144,8072,16144,7.006944444444445,10584,76.27,0,74,0.92,95.12,394,7678,2025,8,August,Monday,False,High,False,0.0,False
2025-08-11,WH05,S2,17,136,7400,7400,6.801470588235294,9520,77.73,0,69,0.93,96.97,224,7176,2025,8,August,Monday,False,High,False,0.0,False
2025-08-11,WH05,S3,14,112,5496,16488,6.133928571428571,6664,82.47,0,50,0.91,94.19,319,5177,2025,8,August,Monday,False,High,False,0.0,False
2025-08-12,WH01,S1,25,200,11016,22032,6.885,17850,61.71,0,70,0.64,95.27,521,10495,2025,8,August,Tuesday,False,Normal,False,0.0,False
2025-08-12,WH01,S2,24,192,9552,9552,6.21875,16320,58.53,0,73,0.76,96.36,347,9205,2025,8,August,Tuesday,False,Low,False,0.0,False
2025-08-12,WH01,S3,19,152,6584,13168,5.414473684210527,10982,59.95,0,62,0.94,96.67,219,6365,2025,8,August,Tuesday,False,Low,False,0.0,False
2025-08-12,WH02,S1,30,240,11920,11920,6.208333333333333,22680,52.56,0,98,0.82,96.72,391,11529,2025,8,August,Tuesday,False,Low,False,0.0,False
2025-08-12,WH02,S2,28,224,12888,25776,7.191964285714286,20160,63.93,0,108,0.84,96.64,433,12455,2025,8,August,Tuesday,False,Normal,False,0.0,False
2025-08-12,WH02,S3,22,176,8944,17888,6.352272727272728,13464,66.43,0,75,0.84,95.77,378,8566,2025,8,August,Tuesday,False,Normal,False,0.0,False
2025-08-12,WH03,S1,20,160,10176,10176,7.95,12600,80.76,0,95,0.93,95.24,484,9692,2025,8,August,Tuesday,False,High,False,0.0,False
2025-08-12,WH03,S2,19,152,9592,28776,7.888157894736842,11400,84.14,0,69,0.72,95.85,398,9194,2025,8,August,Tuesday,False,High,False,0.0,False
2025-08-12,WH03,S3,15,120,6432,6432,6.7,7650,84.08,0,40,0.62,97.21,180,6252,2025,8,August,Tuesday,False,High,False,0.0,False
2025-08-12,WH04,S1,23,184,9288,18576,6.309782608695652,15842,58.63,0,80,0.86,95.63,406,8882,2025,8,August,Tuesday,False,Low,False,0.0,False
2025-08-12,WH04,S2,22,176,8840,8840,6.278409090909091,14432,61.25,0,84,0.95,95.71,380,8460,2025,8,August,Tuesday,False,Normal,False,0.0,False
2025-08-12,WH04,S3,17,136,6112,12224,5.617647058823529,9479,64.48,0,53,0.87,96.32,225,5887,2025,8,August,Tuesday,False,Normal,False,0.0,False
2025-08-12,WH05,S1,18,144,8104,16208,7.034722222222222,10584,76.57,0,79,0.97,96.23,305,7799,2025,8,August,Tuesday,False,High,False,0.0,False
2025-08-12,WH05,S2,17,136,5904,5904,5.426470588235294,9520,62.02,0,53,0.9,95.56,262,5642,2025,8,August,Tuesday,False,Normal,False,0.0,False
2025-08-12,WH05,S3,14,112,5008,10016,5.589285714285714,6664,75.15,0,25,0.5,95.16,243,4765,2025,8,August,Tuesday,False,High,False,0.0,False
2025-08-13,WH01,S1,25,200,12232,36696,7.645,17850,68.53,0,88,0.72,97.13,351,11881,2025,8,August,Wednesday,False,Normal,False,0.0,False
2025-08-13,WH01,S2,24,192,10672,10672,6.947916666666667,16320,65.39,0,98,0.92,96.42,382,10290,2025,8,August,Wednesday,False,Normal,False,0.0,False
2025-08-13,WH01,S3,19,152,7744,15488,6.368421052631579,10982,70.52,0,65,0.84,94.77,405,7339,2025,8,August,Wednesday,False,Normal,False,0.0,False
2025-08-13,WH02,S1,30,240,14704,44112,7.658333333333333,22680,64.83,0,108,0.73,95.48,665,14039,2025,8,August,Wednesday,False,Normal,False,0.0,False
2025-08-13,WH02,S2,28,224,12712,25424,7.09375,20160,63.06,0,92,0.72,95.2,610,12102,2025,8,August,Wednesday,False,Normal,False,0.0,False
2025-08-13,WH02,S3,22,176,8824,8824,6.267045454545454,13464,65.54,0,81,0.92,97.17,250,8574,2025,8,August,Wednesday,False,Normal,False,0.0,False
2025-08-13,WH03,S1,20,160,10096,20192,7.8875,12600,80.13,0,83,0.82,97.25,278,9818,2025,8,August,Wednesday,False,High,False,0.0,False
2025-08-13,WH03,S2,19,152,8112,8112,6.671052631578948,11400,71.16,0,69,0.85,94.74,427,7685,2025,8,August,Wednesday,False,Normal,False,0.0,False
2025-08-13,WH03,S3,15,120,5576,5576,5.808333333333334,7650,72.89,0,48,0.86,97.07,164,5412,2025,8,August,Wednesday,False,Normal,False,0.0,False
2025-08-13,WH04,S1,23,184,9208,18416,6.255434782608695,15842,58.12,0,87,0.94,96.37,335,8873,2025,8,August,Wednesday,False,Low,False,0.0,False
2025-08-13,WH04,S2,22,176,10432,20864,7.409090909090909,14432,72.28,0,97,0.93,96.47,368,10064,2025,8,August,Wednesday,False,Normal,False,0.0,False
2025-08-13,WH04,S3,17,136,5928,5928,5.448529411764706,9479,62.54,0,28,0.47,95.95,240,5688,2025,8,August,Wednesday,False,Normal,False,0.0,False
2025-08-13,WH05,S1,18,144,8760,17520,7.604166666666667,10584,82.77,0,71,0.81,95.42,401,8359,2025,8,August,Wednesday,False,High,False,0.0,False
2025-08-13,WH05,S2,17,136,7600,15200,6.985294117647059,9520,79.83,0,60,0.79,94.74,400,7200,2025,8,August,Wednesday,False,High,False,0.0,False
2025-08-13,WH05,S3,14,112,4168,12504,4.651785714285714,6664,62.55,0,34,0.82,94.43,232,3936,2025,8,August,Wednesday,False,Normal,False,0.0,False
2025-08-14,WH01,S1,25,200,9464,9464,5.915,17850,53.02,0,61,0.64,96.72,310,9154,2025,8,August,Thursday,False,Low,False,0.0,False
2025-08-14,WH01,S2,24,192,10952,21904,7.130208333333333,16320,67.11,0,80,0.73,95.33,511,10441,2025,8,August,Thursday,False,Normal,False,0.0,False
2025-08-14,WH01,S3,19,152,6792,13584,5.5855263157894735,10982,61.85,0,66,0.97,96.66,227,6565,2025,8,August,Thursday,False,Normal,False,0.0,False
2025-08-14,WH02,S1,30,240,15280,15280,7.958333333333333,22680,67.37,0,121,0.79,96.54,529,14751,2025,8,August,Thursday,False,Normal,False,0.0,False
2025-08-14,WH02,S2,28,224,11248,11248,6.276785714285714,20160,55.79,0,120,1.07,94.44,626,10622,2025,8,August,Thursday,False,Low,False,0.0,False
2025-08-14,WH02,S3,22,176,9552,28656,6.784090909090909,13464,70.94,0,93,0.97,96.78,308,9244,2025,8,August,Thursday,False,Normal,False,0.0,False
2025-08-14,WH03,S1,20,160,10952,10952,8.55625,12600,86.92,0,100,0.91,97.45,280,10672,2025,8,August,Thursday,False,Very High,True,0.0,False
2025-08-14,WH03,S2,19,152,8736,26208,7.184210526315789,11400,76.63,0,83,0.95,94.35,494,8242,2025,8,August,Thursday,False,High,False,0.0,False
2025-08-14,WH03,S3,15,120,6360,6360,6.625,7650,83.14,0,47,0.74,96.74,207,6153,2025,8,August,Thursday,False,High,False,0.0,False
2025-08-14,WH04,S1,23,184,10720,10720,7.282608695652174,15842,67.67,0,125,1.17,97.97,218,10502,2025,8,August,Thursday,False,Normal,False,0.0,False
2025-08-14,WH04,S2,22,176,9392,9392,6.670454545454546,14432,65.08,0,79,0.84,96.1,366,9026,2025,8,August,Thursday,False,Normal,False,0.0,False
2025-08-14,WH04,S3,17,136,6960,13920,6.397058823529412,9479,73.43,0,51,0.73,96.67,232,6728,2025,8,August,Thursday,False,Normal,False,0.0,False
2025-08-14,WH05,S1,18,144,9224,27672,8.006944444444445,10584,87.15,0,98,1.06,95.77,390,8834,2025,8,August,Thursday,False,Very High,True,0.0,False
2025-08-14,WH05,S2,17,136,6912,13824,6.352941176470588,9520,72.61,0,55,0.8,95.25,328,6584,2025,8,August,Thursday,False,Normal,False,0.0,False
2025-08-14,WH05,S3,14,112,5472,5472,6.107142857142857,6664,82.11,0,35,0.64,97.22,152,5320,2025,8,August,Thursday,False,High,False,0.0,False
2025-08-15,WH01,S1,25,200,12072,24144,7.545,17850,67.63,0,110,0.91,96.43,430,11642,2025,8,August,Friday,False,Normal,False,0.0,False
2025-08-15,WH01,S2,24,192,12120,24240,7.890625,16320,74.26,0,120,0.99,96.6,412,11708,2025,8,August,Friday,False,Normal,False,0.0,False
2025-08-15,WH01,S3,19,152,8776,26328,7.217105263157895,10982,79.91,0,61,0.7,95.43,401,8375,2025,8,August,Friday,False,High,False,0.0,False
2025-08-15,WH02,S1,30,240,15056,15056,7.841666666666667,22680,66.38,0,130,0.86,95.91,616,14440,2025,8,August,Friday,False,Normal,False,0.0,False
2025-08-15,WH02,S2,28,224,11936,35808,6.660714285714286,20160,59.21,0,94,0.79,96.1,466,11470,2025,8,August,Friday,False,Low,False,0.0,False
2025-08-15,WH02,S3,22,176,9352,9352,6.642045454545454,13464,69.46,0,75,0.8,95.78,394,8958,2025,8,August,Friday,False,Normal,False,0.0,False
2025-08-15,WH03,S1,20,160,11000,11000,8.59375,12600,87.3,0,147,1.34,94.51,604,10396,2025,8,August,Friday,False,Very High,True,0.0,False
2025-08-15,WH03,S2,19,152,8024,8024,6.598684210526316,11400,70.39,0,57,0.71,95.93,326,7698,2025,8,August,Friday,False,Normal,False,0.0,False
2025-08-15,WH03,S3,15,120,7136,14272,7.433333333333334,7650,93.28,0,82,1.15,98.29,122,7014,2025,8,August,Friday,False,Very High,True,0.0,False
2025-08-15,WH04,S1,23,184,11608,23216,7.885869565217392,15842,73.27,0,90,0.78,98.46,178,11430,2025,8,August,Friday,False,Normal,False,0.0,False
2025-08-15,WH04,S2,22,176,10592,10592,7.522727272727272,14432,73.39,0,77,0.73,95.54,472,10120,2025,8,August,Friday,False,Normal,False,0.0,False
2025-08-15,WH04,S3,17,136,5848,5848,5.375,9479,61.69,0,53,0.91,95.69,252,5596,2025,8,August,Friday,False,Normal,False,0.0,False
2025-08-15,WH05,S1,18,144,8976,26928,7.791666666666667,10584,84.81,0,83,0.92,95.94,364,8612,2025,8,August,Friday,False,High,False,0.0,False
2025-08-15,WH05,S2,17,136,7680,7680,7.0588235294117645,9520,80.67,0,46,0.6,95.7,330,7350,2025,8,August,Friday,False,High,False,0.0,False
2025-08-15,WH05,S3,14,112,6096,6096,6.803571428571429,6664,91.48,0,70,1.15,97.61,146,5950,2025,8,August,Friday,False,Very High,True,0.0,False
2025-08-16,WH01,S1,25,200,6672,20016,4.17,17850,37.38,0,55,0.82,95.78,281,6391,2025,8,August,Saturday,False,Low,False,0.0,False
2025-08-16,WH01,S2,24,192,6976,13952,4.541666666666667,16320,42.75,0,63,0.9,95.69,301,6675,2025,8,August,Saturday,False,Low,False,0.0,False
2025-08-16,WH01,S3,19,152,4552,9104,3.7434210526315783,10982,41.45,0,43,0.94,95.05,225,4327,2025,8,August,Saturday,False,Low,False,0.0,False
2025-08-16,WH02,S1,30,240,9920,9920,5.166666666666667,22680,43.74,0,60,0.6,96.33,364,9556,2025,8,August,Saturday,False,Low,False,0.0,False
2025-08-16,WH02,S2,28,224,8576,17152,4.785714285714286,20160,42.54,0,84,0.98,97.58,208,8368,2025,8,August,Saturday,False,Low,False,0.0,False
2025-08-16,WH02,S3,22,176,5488,10976,3.897727272727273,13464,40.76,0,46,0.84,95.34,256,5232,2025,8,August,Saturday,False,Low,False,0.0,False
2025-08-16,WH03,S1,20,160,7576,7576,5.91875,12600,60.13,0,41,0.54,95.88,312,7264,2025,8,August,Saturday,False,Normal,False,0.0,False
2025-08-16,WH03,S2,19,152,5720,5720,4.703947368421052,11400,50.18,0,49,0.86,96.93,176,5544,2025,8,August,Saturday,False,Low,False,0.0,False
2025-08-16,WH03,S3,15,120,4296,8592,4.475,7650,56.16,0,31,0.72,94.44,239,4057,2025,8,August,Saturday,False,Low,False,0.0,False
2025-08-16,WH04,S1,23,184,6832,6832,4.641304347826087,15842,43.13,0,71,1.04,96.15,263,6569,2025,8,August,Saturday,False,Low,False,0.0,False
2025-08-16,WH04,S2,22,176,6192,6192,4.3977272727272725,14432,42.9,0,49,0.79,94.16,362,5830,2025,8,August,Saturday,False,Low,False,0.0,False
2025-08-16,WH04,S3,17,136,4976,4976,4.573529411764706,9479,52.49,0,28,0.56,95.41,228,4748,2025,8,August,Saturday,False,Low,False,0.0,False
2025-08-16,WH05,S1,18,144,5648,5648,4.902777777777778,10584,53.36,0,57,1.01,95.17,273,5375,2025,8,August,Saturday,False,Low,False,0.0,False
2025-08-16,WH05,S2,17,136,5128,5128,4.713235294117647,9520,53.87,0,45,0.88,95.28,242,4886,2025,8,August,Saturday,False,Low,False,0.0,False
2025-08-16,WH05,S3,14,112,2792,2792,3.1160714285714284,6664,41.9,0,20,0.72,94.71,148,2644,2025,8,August,Saturday,False,Low,False,0.0,False
2025-08-17,WH01,S1,25,200,6320,6320,3.95,17850,35.41,0,49,0.78,95.56,281,6039,2025,8,August,Sunday,True,Low,False,0.0,False
2025-08-17,WH01,S2,24,192,5240,5240,3.411458333333333,16320,32.11,0,46,0.88,96.54,181,5059,2025,8,August,Sunday,True,Low,False,0.0,False
2025-08-17,WH01,S3,19,152,4400,8800,3.6184210526315783,10982,40.07,0,41,0.93,98.43,69,4331,2025,8,August,Sunday,True,Low,False,0.0,False
2025-08-17,WH02,S1,30,240,8680,8680,4.520833333333333,22680,38.27,0,52,0.6,96.5,304,8376,2025,8,August,Sunday,True,Low,False,0.0,False
2025-08-17,WH02,S2,28,224,6624,6624,3.696428571428572,20160,32.86,0,56,0.85,96.78,213,6411,2025,8,August,Sunday,True,Low,False,0.0,False
2025-08-17,WH02,S3,22,176,4256,4256,3.022727272727273,13464,31.61,0,36,0.85,97.0,128,4128,2025,8,August,Sunday,True,Low,False,0.0,False
2025-08-17,WH03,S1,20,160,5152,5152,4.025,12600,40.89,0,49,0.95,95.62,225,4927,2025,8,August,Sunday,True,Low,False,0.0,False
2025-08-17,WH03,S2,19,152,4376,4376,3.598684210526316,11400,38.39,0,30,0.69,95.85,181,4195,2025,8,August,Sunday,True,Low,False,0.0,False
2025-08-17,WH03,S3,15,120,3544,3544,3.691666666666667,7650,46.33,0,30,0.85,96.18,135,3409,2025,8,August,Sunday,True,Low,False,0.0,False
2025-08-17,WH04,S1,23,184,6008,6008,4.081521739130435,15842,37.92,0,50,0.83,97.23,166,5842,2025,8,August,Sunday,True,Low,False,0.0,False
2025-08-17,WH04,S2,22,176,4904,9808,3.4829545454545454,14432,33.98,0,33,0.67,97.77,109,4795,2025,8,August,Sunday,True,Low,False,0.0,False
2025-08-17,WH04,S3,17,136,4344,8688,3.9926470588235294,9479,45.83,0,43,0.99,97.44,111,4233,2025,8,August,Sunday,True,Low,False,0.0,False
2025-08-17,WH05,S1,18,144,4344,4344,3.7708333333333335,10584,41.04,0,36,0.83,95.2,209,4135,2025,8,August,Sunday,True,Low,False,0.0,False
2025-08-17,WH05,S2,17,136,3808,7616,3.5,9520,40.0,0,35,0.92,97.93,79,3729,2025,8,August,Sunday,True,Low,False,0.0,False
2025-08-17,WH05,S3,14,112,2480,7440,2.767857142857143,6664,37.21,0,20,0.81,96.98,75,2405,2025,8,August,Sunday,True,Low,False,0.0,False
2025-08-18,WH01,S1,25,200,13560,40680,8.475,17850,75.97,0,120,0.88,97.01,406,13154,2025,8,August,Monday,False,High,False,0.0,False
2025-08-18,WH01,S2,24,192,9808,19616,6.385416666666667,16320,60.1,0,79,0.81,95.38,453,9355,2025,8,August,Monday,False,Normal,False,0.0,False
2025-08-18,WH01,S3,19,152,8592,8592,7.065789473684211,10982,78.24,0,76,0.88,94.31,489,8103,2025,8,August,Monday,False,High,False,0.0,False
2025-08-18,WH02,S1,30,240,13368,26736,6.9625,22680,58.94,0,96,0.72,94.71,707,12661,2025,8,August,Monday,False,Low,False,0.0,False
2025-08-18,WH02,S2,28,224,13320,13320,7.433035714285714,20160,66.07,0,151,1.13,93.57,857,12463,2025,8,August,Monday,False,Normal,False,0.0,False
2025-08-18,WH02,S3,22,176,9808,9808,6.965909090909091,13464,72.85,0,84,0.86,95.01,489,9319,2025,8,August,Monday,False,Normal,False,0.0,False
2025-08-18,WH03,S1,20,160,9248,18496,7.225,12600,73.4,0,73,0.79,94.4,518,8730,2025,8,August,Monday,False,Normal,False,0.0,False
2025-08-18,WH03,S2,19,152,8520,8520,7.006578947368421,11400,74.74,0,62,0.73,95.92,347,8173,2025,8,August,Monday,False,Normal,False,0.0,False
2025-08-18,WH03,S3,15,120,5416,5416,5.641666666666667,7650,70.8,0,43,0.79,96.69,179,5237,2025,8,August,Monday,False,Normal,False,0.0,False
2025-08-18,WH04,S1,23,184,10120,10120,6.875,15842,63.88,0,90,0.89,96.93,311,9809,2025,8,August,Monday,False,Normal,False,0.0,False
2025-08-18,WH04,S2,22,176,9536,9536,6.7727272727272725,14432,66.08,0,67,0.7,93.83,589,8947,2025,8,August,Monday,False,Normal,False,0.0,False
2025-08-18,WH04,S3,17,136,7448,7448,6.845588235294118,9479,78.57,0,69,0.93,96.58,255,7193,2025,8,August,Monday,False,High,False,0.0,False
2025-08-18,WH05,S1,18,144,7328,14656,6.361111111111111,10584,69.24,0,58,0.79,95.98,295,7033,2025,8,August,Monday,False,Normal,False,0.0,False
2025-08-18,WH05,S2,17,136,7640,15280,7.022058823529412,9520,80.25,0,64,0.84,95.54,341,7299,2025,8,August,Monday,False,High,False,0.0,False
2025-08-18,WH05,S3,14,112,5616,5616,6.267857142857143,6664,84.27,0,53,0.94,96.92,173,5443,2025,8,August,Monday,False,High,False,0.0,False
2025-08-19,WH01,S1,25,200,12104,12104,7.565,17850,67.81,0,69,0.57,97.59,292,11812,2025,8,August,Tuesday,False,Normal,False,0.0,False
2025-08-19,WH01,S2,24,192,11576,11576,7.536458333333333,16320,70.93,0,100,0.86,94.92,588,10988,2025,8,August,Tuesday,False,Normal,False,0.0,False
2025-08-19,WH01,S3,19,152,7528,22584,6.190789473684211,10982,68.55,0,54,0.72,97.09,219,7309,2025,8,August,Tuesday,False,Normal,False,0.0,False
2025-08-19,WH02,S1,30,240,12024,12024,6.2625,22680,53.02,0,84,0.7,96.19,458,11566,2025,8,August,Tuesday,False,Low,False,0.0,False
2025-08-19,WH02,S2,28,224,11336,11336,6.325892857142857,20160,56.23,0,96,0.85,96.73,370,10966,2025,8,August,Tuesday,False,Low,False,0.0,False
2025-08-19,WH02,S3,22,176,7944,7944,5.642045454545454,13464,59.0,0,65,0.82,95.35,369,7575,2025,8,August,Tuesday,False,Low,False,0.0,False
2025-08-19,WH03,S1,20,160,7784,15568,6.08125,12600,61.78,0,44,0.57,96.13,301,7483,2025,8,August,Tuesday,False,Normal,False,0.0,False
2025-08-19,WH03,S2,19,152,8712,8712,7.164473684210527,11400,76.42,0,63,0.72,96.97,264,8448,2025,8,August,Tuesday,False,High,False,0.0,False
2025-08-19,WH03,S3,15,120,5792,5792,6.033333333333333,7650,75.71,0,44,0.76,97.59,140,5652,2025,8,August,Tuesday,False,High,False,0.0,False
2025-08-19,WH04,S1,23,184,11416,22832,7.755434782608695,15842,72.06,0,104,0.91,95.91,467,10949,2025,8,August,Tuesday,False,Normal,False,0.0,False
2025-08-19,WH04,S2,22,176,8680,17360,6.164772727272728,14432,60.14,0,83,0.96,95.59,383,8297,2025,8,August,Tuesday,False,Normal,False,0.0,False
2025-08-19,WH04,S3,17,136,6872,13744,6.316176470588236,9479,72.5,0,57,0.83,95.11,336,6536,2025,8,August,Tuesday,False,Normal,False,0.0,False
2025-08-19,WH05,S1,18,144,8376,8376,7.270833333333333,10584,79.14,0,64,0.76,96.21,318,8058,2025,8,August,Tuesday,False,High,False,0.0,False
2025-08-19,WH05,S2,17,136,6976,6976,6.411764705882353,9520,73.28,0,60,0.86,94.75,366,6610,2025,8,August,Tuesday,False,Normal,False,0.0,False
2025-08-19,WH05,S3,14,112,5272,5272,5.883928571428571,6664,79.11,0,50,0.95,95.75,224,5048,2025,8,August,Tuesday,False,High,False,0.0,False
2025-08-20,WH01,S1,25,200,10928,10928,6.83,17850,61.22,0,95,0.87,95.94,444,10484,2025,8,August,Wednesday,False,Normal,False,0.0,False
2025-08-20,WH01,S2,24,192,11312,22624,7.364583333333333,16320,69.31,0,51,0.45,95.83,471,10841,2025,8,August,Wednesday,False,Normal,False,0.0,False
2025-08-20,WH01,S3,19,152,8088,24264,6.651315789473684,10982,73.65,0,63,0.78,95.31,380,7708,2025,8,August,Wednesday,False,Normal,False,0.0,False
2025-08-20,WH02,S1,30,240,13784,27568,7.179166666666666,22680,60.78,0,106,0.77,96.41,495,13289,2025,8,August,Wednesday,False,Normal,False,0.0,False
2025-08-20,WH02,S2,28,224,11912,35736,6.647321428571429,20160,59.09,0,90,0.76,96.34,437,11475,2025,8,August,Wednesday,False,Low,False,0.0,False
2025-08-20,WH02,S3,22,176,9296,9296,6.602272727272728,13464,69.04,0,81,0.87,96.94,284,9012,2025,8,August,Wednesday,False,Normal,False,0.0,False
2025-08-20,WH03,S1,20,160,8240,8240,6.4375,12600,65.4,0,59,0.72,95.34,384,7856,2025,8,August,Wednesday,False,Normal,False,0.0,False
2025-08-20,WH03,S2,19,152,8656,8656,7.118421052631579,11400,75.93,0,53,0.61,96.65,290,8366,2025,8,August,Wednesday,False,High,False,0.0,False
2025-08-20,WH03,S3,15,120,5704,5704,5.941666666666666,7650,74.56,0,57,1.0,94.69,303,5401,2025,8,August,Wednesday,False,Normal,False,0.0,False
2025-08-20,WH04,S1,23,184,10280,10280,6.983695652173913,15842,64.89,0,71,0.69,95.3,483,9797,2025,8,August,Wednesday,False,Normal,False,0.0,False
2025-08-20,WH04,S2,22,176,8856,17712,6.289772727272728,14432,61.36,0,72,0.81,96.63,298,8558,2025,8,August,Wednesday,False,Normal,False,0.0,False
2025-08-20,WH04,S3,17,136,6576,6576,6.044117647058823,9479,69.37,0,49,0.75,94.89,336,6240,2025,8,August,Wednesday,False,Normal,False,0.0,False
2025-08-20,WH05,S1,18,144,7656,15312,6.645833333333333,10584,72.34,0,54,0.71,96.93,235,7421,2025,8,August,Wednesday,False,Normal,False,0.0,False
2025-08-20,WH05,S2,17,136,7984,15968,7.338235294117647,9520,83.87,0,67,0.84,95.41,366,7618,2025,8,August,Wednesday,False,High,False,0.0,False
2025-08-20,WH05,S3,14,112,5936,5936,6.625,6664,89.08,0,75,1.26,97.44,152,5784,2025,8,August,Wednesday,False,Very High,True,0.0,False
2025-08-21,WH01,S1,25,200,12232,12232,7.645,17850,68.53,0,66,0.54,96.77,395,11837,2025,8,August,Thursday,False,Normal,False,0.0,False
2025-08-21,WH01,S2,24,192,8840,8840,5.755208333333333,16320,54.17,0,66,0.75,96.15,340,8500,2025,8,August,Thursday,False,Low,False,0.0,False
2025-08-21,WH01,S3,19,152,7632,7632,6.276315789473684,10982,69.5,0,69,0.9,94.86,392,7240,2025,8,August,Thursday,False,Normal,False,0.0,False
2025-08-21,WH02,S1,30,240,13464,13464,7.0125,22680,59.37,0,104,0.77,96.22,509,12955,2025,8,August,Thursday,False,Low,False,0.0,False
2025-08-21,WH02,S2,28,224,15064,30128,8.40625,20160,74.72,0,106,0.7,95.75,640,14424,2025,8,August,Thursday,False,Normal,False,0.0,False
2025-08-21,WH02,S3,22,176,10400,20800,7.386363636363637,13464,77.24,0,89,0.86,95.14,506,9894,2025,8,August,Thursday,False,High,False,0.0,False
2025-08-21,WH03,S1,20,160,8048,8048,6.2875,12600,63.87,0,67,0.83,95.21,385,7663,2025,8,August,Thursday,False,Normal,False,0.0,False
2025-08-21,WH03,S2,19,152,8296,16592,6.822368421052632,11400,72.77,0,73,0.88,95.51,372,7924,2025,8,August,Thursday,False,Normal,False,0.0,False
2025-08-21,WH03,S3,15,120,7016,7016,7.308333333333334,7650,91.71,0,90,1.28,95.16,339,6677,2025,8,August,Thursday,False,Very High,True,0.0,False
2025-08-21,WH04,S1,23,184,12616,12616,8.570652173913043,15842,79.64,0,90,0.71,95.34,588,12028,2025,8,August,Thursday,False,High,False,0.0,False
2025-08-21,WH04,S2,22,176,9096,9096,6.4602272727272725,14432,63.03,0,73,0.8,95.36,422,8674,2025,8,August,Thursday,False,Normal,False,0.0,False
2025-08-21,WH04,S3,17,136,7008,14016,6.441176470588236,9479,73.93,0,62,0.88,96.65,235,6773,2025,8,August,Thursday,False,Normal,False,0.0,False
2025-08-21,WH05,S1,18,144,8816,17632,7.652777777777778,10584,83.3,0,77,0.87,94.52,483,8333,2025,8,August,Thursday,False,High,False,0.0,False
2025-08-21,WH05,S2,17,136,8112,8112,7.455882352941177,9520,85.21,0,91,1.12,96.12,315,7797,2025,8,August,Thursday,False,Very High,True,0.0,False
2025-08-21,WH05,S3,14,112,5192,5192,5.794642857142857,6664,77.91,0,46,0.89,96.82,165,5027,2025,8,August,Thursday,False,High,False,0.0,False
2025-08-22,WH01,S1,25,200,12464,37392,7.79,17850,69.83,0,122,0.98,96.55,430,12034,2025,8,August,Friday,False,Normal,False,0.0,False
2025-08-22,WH01,S2,24,192,10184,30552,6.630208333333333,16320,62.4,0,71,0.7,98.16,187,9997,2025,8,August,Friday,False,Normal,False,0.0,False
2025-08-22,WH01,S3,19,152,7096,14192,5.8355263157894735,10982,64.61,0,67,0.94,96.6,241,6855,2025,8,August,Friday,False,Normal,False,0.0,False
2025-08-22,WH02,S1,30,240,13064,13064,6.804166666666666,22680,57.6,0,140,1.07,95.24,621,12443,2025,8,August,Friday,False,Low,False,0.0,False
2025-08-22,WH02,S2,28,224,11096,11096,6.191964285714286,20160,55.04,0,106,0.96,96.65,371,10725,2025,8,August,Friday,False,Low,False,0.0,False
2025-08-22,WH02,S3,22,176,9024,18048,6.409090909090909,13464,67.02,0,95,1.05,94.95,456,8568,2025,8,August,Friday,False,Normal,False,0.0,False
2025-08-22,WH03,S1,20,160,9952,9952,7.775,12600,78.98,0,71,0.71,95.23,475,9477,2025,8,August,Friday,False,High,False,0.0,False
2025-08-22,WH03,S2,19,152,9856,29568,8.105263157894736,11400,86.46,0,83,0.84,95.86,408,9448,2025,8,August,Friday,False,Very High,True,0.0,False
2025-08-22,WH03,S3,15,120,6432,6432,6.7,7650,84.08,0,40,0.62,95.34,300,6132,2025,8,August,Friday,False,High,False,0.0,False
2025-08-22,WH04,S1,23,184,12608,12608,8.565217391304348,15842,79.59,0,101,0.8,95.88,519,12089,2025,8,August,Friday,False,High,False,0.0,False
2025-08-22,WH04,S2,22,176,10368,10368,7.363636363636363,14432,71.84,0,87,0.84,96.58,354,10014,2025,8,August,Friday,False,Normal,False,0.0,False
2025-08-22,WH04,S3,17,136,7144,7144,6.566176470588236,9479,75.37,0,64,0.9,96.39,258,6886,2025,8,August,Friday,False,High,False,0.0,False
2025-08-22,WH05,S1,18,144,8560,8560,7.430555555555555,10584,80.88,0,73,0.85,95.46,389,8171,2025,8,August,Friday,False,High,False,0.0,False
2025-08-22,WH05,S2,17,136,8784,17568,8.073529411764707,9520,92.27,0,107,1.22,95.49,396,8388,2025,8,August,Friday,False,Very High,True,0.0,False
2025-08-22,WH05,S3,14,112,5672,11344,6.330357142857143,6664,85.11,0,70,1.23,94.18,330,5342,2025,8,August,Friday,False,Very High,True,0.0,False
2025-08-23,WH01,S1,25,200,8496,8496,5.31,17850,47.6,0,81,0.95,96.47,300,8196,2025,8,August,Saturday,False,Low,False,0.0,False
2025-08-23,WH01,S2,24,192,6904,6904,4.494791666666667,16320,42.3,0,66,0.96,94.67,368,6536,2025,8,August,Saturday,False,Low,False,0.0,False
2025-08-23,WH01,S3,19,152,4576,9152,3.763157894736842,10982,41.67,0,39,0.85,97.19,128,4448,2025,8,August,Saturday,False,Low,False,0.0,False
2025-08-23,WH02,S1,30,240,8144,16288,4.241666666666666,22680,35.91,0,78,0.96,97.3,220,7924,2025,8,August,Saturday,False,Low,False,0.0,False
2025-08-23,WH02,S2,28,224,7528,7528,4.200892857142857,20160,37.34,0,48,0.64,95.6,331,7197,2025,8,August,Saturday,False,Low,False,0.0,False
2025-08-23,WH02,S3,22,176,5696,11392,4.045454545454546,13464,42.31,0,53,0.93,95.21,273,5423,2025,8,August,Saturday,False,Low,False,0.0,False
2025-08-23,WH03,S1,20,160,6392,12784,4.99375,12600,50.73,0,52,0.81,96.9,198,6194,2025,8,August,Saturday,False,Low,False,0.0,False
2025-08-23,WH03,S2,19,152,4904,4904,4.032894736842105,11400,43.02,0,41,0.84,95.88,202,4702,2025,8,August,Saturday,False,Low,False,0.0,False
2025-08-23,WH03,S3,15,120,3720,3720,3.875,7650,48.63,0,34,0.91,96.14,144,3576,2025,8,August,Saturday,False,Low,False,0.0,False
2025-08-23,WH04,S1,23,184,7312,7312,4.967391304347826,15842,46.16,0,49,0.67,95.83,305,7007,2025,8,August,Saturday,False,Low,False,0.0,False
2025-08-23,WH04,S2,22,176,5672,17016,4.028409090909091,14432,39.3,0,51,0.9,96.61,192,5480,2025,8,August,Saturday,False,Low,False,0.0,False
2025-08-23,WH04,S3,17,136,4336,4336,3.985294117647059,9479,45.74,0,33,0.76,95.99,174,4162,2025,8,August,Saturday,False,Low,False,0.0,False
2025-08-23,WH05,S1,18,144,5440,5440,4.722222222222222,10584,51.4,0,46,0.85,96.56,187,5253,2025,8,August,Saturday,False,Low,False,0.0,False
2025-08-23,WH05,S2,17,136,5392,10784,4.955882352941177,9520,56.64,0,37,0.69,96.8,173,5219,2025,8,August,Saturday,False,Low,False,0.0,False
2025-08-23,WH05,S3,14,112,3808,3808,4.25,6664,57.14,0,30,0.79,97.0,114,3694,2025,8,August,Saturday,False,Low,False,0.0,False
2025-08-24,WH01,S1,25,200,6352,6352,3.97,17850,35.59,0,57,0.9,96.54,219,6133,2025,8,August,Sunday,True,Low,False,0.0,False
2025-08-24,WH01,S2,24,192,5496,10992,3.578125,16320,33.68,0,40,0.73,95.62,241,5255,2025,8,August,Sunday,True,Low,False,0.0,False
2025-08-24,WH01,S3,19,152,4088,4088,3.361842105263158,10982,37.22,0,31,0.76,95.69,176,3912,2025,8,August,Sunday,True,Low,False,0.0,False
2025-08-24,WH02,S1,30,240,7280,7280,3.7916666666666665,22680,32.1,0,57,0.78,97.2,204,7076,2025,8,August,Sunday,True,Low,False,0.0,False
2025-08-24,WH02,S2,28,224,7256,14512,4.049107142857143,20160,35.99,0,50,0.69,95.07,358,6898,2025,8,August,Sunday,True,Low,False,0.0,False
2025-08-24,WH02,S3,22,176,4344,8688,3.085227272727273,13464,32.26,0,39,0.9,96.77,140,4204,2025,8,August,Sunday,True,Low,False,0.0,False
2025-08-24,WH03,S1,20,160,6344,6344,4.95625,12600,50.35,0,44,0.69,94.51,348,5996,2025,8,August,Sunday,True,Low,False,0.0,False
2025-08-24,WH03,S2,19,152,5120,10240,4.2105263157894735,11400,44.91,0,51,1.0,95.07,252,4868,2025,8,August,Sunday,True,Low,False,0.0,False
2025-08-24,WH03,S3,15,120,2776,8328,2.8916666666666666,7650,36.29,0,24,0.86,96.22,105,2671,2025,8,August,Sunday,True,Low,False,0.0,False
2025-08-24,WH04,S1,23,184,5912,11824,4.016304347826087,15842,37.32,0,46,0.78,94.7,313,5599,2025,8,August,Sunday,True,Low,False,0.0,False
2025-08-24,WH04,S2,22,176,4816,4816,3.4204545454545454,14432,33.37,0,39,0.81,96.81,153,4663,2025,8,August,Sunday,True,Low,False,0.0,False
2025-08-24,WH04,S3,17,136,3272,3272,3.0073529411764706,9479,34.52,0,25,0.76,97.34,87,3185,2025,8,August,Sunday,True,Low,False,0.0,False
2025-08-24,WH05,S1,18,144,5104,5104,4.430555555555555,10584,48.22,0,44,0.86,96.41,183,4921,2025,8,August,Sunday,True,Low,False,0.0,False
2025-08-24,WH05,S2,17,136,4280,8560,3.933823529411765,9520,44.96,0,37,0.86,95.24,204,4076,2025,8,August,Sunday,True,Low,False,0.0,False
2025-08-24,WH05,S3,14,112,2568,5136,2.8660714285714284,6664,38.54,0,18,0.7,94.91,131,2437,2025,8,August,Sunday,True,Low,False,0.0,False
2025-08-25,WH01,S1,25,200,12512,12512,7.82,17850,70.1,0,100,0.8,96.55,431,12081,2025,8,August,Monday,False,Normal,False,0.0,False
2025-08-25,WH01,S2,24,192,12248,36744,7.973958333333333,16320,75.05,0,105,0.86,95.86,507,11741,2025,8,August,Monday,False,High,False,0.0,False
2025-08-25,WH01,S3,19,152,7296,14592,6.0,10982,66.44,0,67,0.92,94.02,436,6860,2025,8,August,Monday,False,Normal,False,0.0,False
2025-08-25,WH02,S1,30,240,13144,13144,6.845833333333333,22680,57.95,0,133,1.01,95.91,537,12607,2025,8,August,Monday,False,Low,False,0.0,False
2025-08-25,WH02,S2,28,224,12776,25552,7.129464285714286,20160,63.37,0,108,0.85,95.76,542,12234,2025,8,August,Monday,False,Normal,False,0.0,False
2025-08-25,WH02,S3,22,176,8680,8680,6.164772727272728,13464,64.47,0,76,0.88,97.42,224,8456,2025,8,August,Monday,False,Normal,False,0.0,False
2025-08-25,WH03,S1,20,160,11192,11192,8.74375,12600,88.83,0,104,0.93,95.77,474,10718,2025,8,August,Monday,False,Very High,True,0.0,False
2025-08-25,WH03,S2,19,152,8712,26136,7.164473684210527,11400,76.42,0,48,0.55,97.38,228,8484,2025,8,August,Monday,False,High,False,0.0,False
2025-08-25,WH03,S3,15,120,6432,6432,6.7,7650,84.08,0,54,0.84,95.41,295,6137,2025,8,August,Monday,False,High,False,0.0,False
2025-08-25,WH04,S1,23,184,11496,34488,7.809782608695652,15842,72.57,0,114,0.99,95.01,574,10922,2025,8,August,Monday,False,Normal,False,0.0,False
2025-08-25,WH04,S2,22,176,8968,26904,6.369318181818182,14432,62.14,0,85,0.95,95.28,423,8545,2025,8,August,Monday,False,Normal,False,0.0,False
2025-08-25,WH04,S3,17,136,7520,15040,6.911764705882353,9479,79.33,0,68,0.9,95.4,346,7174,2025,8,August,Monday,False,High,False,0.0,False
2025-08-25,WH05,S1,18,144,6624,19872,5.75,10584,62.59,0,62,0.94,96.8,212,6412,2025,8,August,Monday,False,Normal,False,0.0,False
2025-08-25,WH05,S2,17,136,7512,15024,6.904411764705882,9520,78.91,0,60,0.8,95.26,356,7156,2025,8,August,Monday,False,High,False,0.0,False
2025-08-25,WH05,S3,14,112,5224,5224,5.830357142857143,6664,78.39,0,42,0.8,95.76,222,5002,2025,8,August,Monday,False,High,False,0.0,False
2025-08-26,WH01,S1,25,200,11400,22800,7.125,17850,63.87,0,75,0.66,94.87,585,10815,2025,8,August,Tuesday,False,Normal,False,0.0,False
2025-08-26,WH01,S2,24,192,10192,10192,6.635416666666667,16320,62.45,0,89,0.87,97.32,273,9919,2025,8,August,Tuesday,False,Normal,False,0.0,False
2025-08-26,WH01,S3,19,152,7776,7776,6.394736842105263,10982,70.81,0,58,0.75,96.06,306,7470,2025,8,August,Tuesday,False,Normal,False,0.0,False
2025-08-26,WH02,S1,30,240,12400,12400,6.458333333333333,22680,54.67,0,105,0.85,95.75,527,11873,2025,8,August,Tuesday,False,Low,False,0.0,False
2025-08-26,WH02,S2,28,224,12728,12728,7.102678571428571,20160,63.13,0,88,0.69,95.89,523,12205,2025,8,August,Tuesday,False,Normal,False,0.0,False
2025-08-26,WH02,S3,22,176,9000,18000,6.392045454545454,13464,66.84,0,73,0.81,97.23,250,8750,2025,8,August,Tuesday,False,Normal,False,0.0,False
2025-08-26,WH03,S1,20,160,10120,10120,7.90625,12600,80.32,0,75,0.74,94.86,520,9600,2025,8,August,Tuesday,False,High,False,0.0,False
2025-08-26,WH03,S2,19,152,7704,7704,6.3355263157894735,11400,67.58,0,72,0.93,96.81,246,7458,2025,8,August,Tuesday,False,Normal,False,0.0,False
2025-08-26,WH03,S3,15,120,6856,6856,7.141666666666667,7650,89.62,0,61,0.89,95.92,280,6576,2025,8,August,Tuesday,False,Very High,True,0.0,False
2025-08-26,WH04,S1,23,184,9336,18672,6.342391304347826,15842,58.93,0,61,0.65,96.44,332,9004,2025,8,August,Tuesday,False,Low,False,0.0,False
2025-08-26,WH04,S2,22,176,9744,19488,6.920454545454546,14432,67.52,0,84,0.86,96.19,371,9373,2025,8,August,Tuesday,False,Normal,False,0.0,False
2025-08-26,WH04,S3,17,136,7256,7256,6.669117647058823,9479,76.55,0,65,0.9,96.79,233,7023,2025,8,August,Tuesday,False,High,False,0.0,False
2025-08-26,WH05,S1,18,144,7672,23016,6.659722222222222,10584,72.49,0,64,0.83,95.85,318,7354,2025,8,August,Tuesday,False,Normal,False,0.0,False
2025-08-26,WH05,S2,17,136,6952,13904,6.389705882352941,9520,73.03,0,65,0.93,95.89,285,6667,2025,8,August,Tuesday,False,Normal,False,0.0,False
2025-08-26,WH05,S3,14,112,5240,10480,5.848214285714286,6664,78.63,0,35,0.67,97.15,149,5091,2025,8,August,Tuesday,False,High,False,0.0,False
2025-08-27,WH01,S1,25,200,12072,24144,7.545,17850,67.63,0,104,0.86,96.13,467,11605,2025,8,August,Wednesday,False,Normal,False,0.0,False
2025-08-27,WH01,S2,24,192,9872,29616,6.427083333333333,16320,60.49,0,88,0.89,97.48,249,9623,2025,8,August,Wednesday,False,Normal,False,0.0,False
2025-08-27,WH01,S3,19,152,7112,14224,5.848684210526316,10982,64.76,0,58,0.82,95.04,353,6759,2025,8,August,Wednesday,False,Normal,False,0.0,False
2025-08-27,WH02,S1,30,240,12624,12624,6.575,22680,55.66,0,117,0.93,96.79,405,12219,2025,8,August,Wednesday,False,Low,False,0.0,False
2025-08-27,WH02,S2,28,224,12552,12552,7.004464285714286,20160,62.26,0,116,0.92,96.14,485,12067,2025,8,August,Wednesday,False,Normal,False,0.0,False
2025-08-27,WH02,S3,22,176,7856,15712,5.579545454545454,13464,58.35,0,68,0.87,96.84,248,7608,2025,8,August,Wednesday,False,Low,False,0.0,False
2025-08-27,WH03,S1,20,160,8960,26880,7.0,12600,71.11,0,58,0.65,96.09,350,8610,2025,8,August,Wednesday,False,Normal,False,0.0,False
2025-08-27,WH03,S2,19,152,8904,17808,7.322368421052632,11400,78.11,0,65,0.73,96.47,314,8590,2025,8,August,Wednesday,False,High,False,0.0,False
2025-08-27,WH03,S3,15,120,5336,5336,5.558333333333334,7650,69.75,0,48,0.9,95.42,244,5092,2025,8,August,Wednesday,False,Normal,False,0.0,False
2025-08-27,WH04,S1,23,184,9128,9128,6.201086956521739,15842,57.62,0,66,0.72,95.81,382,8746,2025,8,August,Wednesday,False,Low,False,0.0,False
2025-08-27,WH04,S2,22,176,8560,8560,6.079545454545454,14432,59.31,0,67,0.78,95.93,348,8212,2025,8,August,Wednesday,False,Low,False,0.0,False
2025-08-27,WH04,S3,17,136,6376,6376,5.860294117647059,9479,67.26,0,62,0.97,95.73,272,6104,2025,8,August,Wednesday,False,Normal,False,0.0,False
2025-08-27,WH05,S1,18,144,7744,7744,6.722222222222222,10584,73.17,0,64,0.83,95.06,383,7361,2025,8,August,Wednesday,False,Normal,False,0.0,False
2025-08-27,WH05,S2,17,136,8048,8048,7.397058823529412,9520,84.54,0,63,0.78,95.41,369,7679,2025,8,August,Wednesday,False,High,False,0.0,False
2025-08-27,WH05,S3,14,112,4664,4664,5.205357142857143,6664,69.99,0,45,0.96,96.41,167,4497,2025,8,August,Wednesday,False,Normal,False,0.0,False
2025-08-28,WH01,S1,25,200,12328,12328,7.705,17850,69.06,0,101,0.82,95.25,585,11743,2025,8,August,Thursday,False,Normal,False,0.0,False
2025-08-28,WH01,S2,24,192,10504,31512,6.838541666666667,16320,64.36,0,88,0.84,94.99,526,9978,2025,8,August,Thursday,False,Normal,False,0.0,False
2025-08-28,WH01,S3,19,152,7280,14560,5.9868421052631575,10982,66.29,0,65,0.89,95.97,293,6987,2025,8,August,Thursday,False,Normal,False,0.0,False
2025-08-28,WH02,S1,30,240,16216,16216,8.445833333333333,22680,71.5,0,107,0.66,95.94,658,15558,2025,8,August,Thursday,False,Normal,False,0.0,False
2025-08-28,WH02,S2,28,224,13672,13672,7.629464285714286,20160,67.82,0,112,0.82,96.39,493,13179,2025,8,August,Thursday,False,Normal,False,0.0,False
2025-08-28,WH02,S3,22,176,8704,8704,6.181818181818182,13464,64.65,0,76,0.87,95.65,378,8326,2025,8,August,Thursday,False,Normal,False,0.0,False
2025-08-28,WH03,S1,20,160,8640,8640,6.75,12600,68.57,0,86,1.0,95.93,351,8289,2025,8,August,Thursday,False,Normal,False,0.0,False
2025-08-28,WH03,S2,19,152,8416,25248,6.921052631578948,11400,73.82,0,76,0.9,98.54,122,8294,2025,8,August,Thursday,False,Normal,False,0.0,False
2025-08-28,WH03,S3,15,120,7264,14528,7.566666666666666,7650,94.95,0,80,1.1,96.42,260,7004,2025,8,August,Thursday,False,Very High,True,0.0,False
2025-08-28,WH04,S1,23,184,11328,11328,7.695652173913044,15842,71.51,0,85,0.75,97.86,243,11085,2025,8,August,Thursday,False,Normal,False,0.0,False
2025-08-28,WH04,S2,22,176,11336,22672,8.051136363636363,14432,78.55,0,111,0.98,96.66,379,10957,2025,8,August,Thursday,False,High,False,0.0,False
2025-08-28,WH04,S3,17,136,6328,12656,5.816176470588236,9479,66.76,0,58,0.92,95.65,275,6053,2025,8,August,Thursday,False,Normal,False,0.0,False
2025-08-28,WH05,S1,18,144,8880,17760,7.708333333333333,10584,83.9,0,84,0.95,95.89,365,8515,2025,8,August,Thursday,False,High,False,0.0,False
2025-08-28,WH05,S2,17,136,6544,6544,6.014705882352941,9520,68.74,0,49,0.75,95.83,273,6271,2025,8,August,Thursday,False,Normal,False,0.0,False
2025-08-28,WH05,S3,14,112,4928,4928,5.5,6664,73.95,0,36,0.73,96.0,197,4731,2025,8,August,Thursday,False,Normal,False,0.0,False
2025-08-29,WH01,S1,25,200,14480,28960,9.05,17850,81.12,0,116,0.8,94.93,734,13746,2025,8,August,Friday,False,High,False,0.0,False
2025-08-29,WH01,S2,24,192,10288,30864,6.697916666666667,16320,63.04,0,69,0.67,94.99,515,9773,2025,8,August,Friday,False,Normal,False,0.0,False
2025-08-29,WH01,S3,19,152,8688,17376,7.144736842105263,10982,79.11,0,60,0.69,96.36,316,8372,2025,8,August,Friday,False,High,False,0.0,False
2025-08-29,WH02,S1,30,240,15104,45312,7.866666666666666,22680,66.6,0,102,0.68,95.74,644,14460,2025,8,August,Friday,False,Normal,False,0.0,False
2025-08-29,WH02,S2,28,224,12280,24560,6.852678571428571,20160,60.91,0,82,0.67,96.22,464,11816,2025,8,August,Friday,False,Normal,False,0.0,False
2025-08-29,WH02,S3,22,176,9536,9536,6.7727272727272725,13464,70.83,0,76,0.8,97.92,198,9338,2025,8,August,Friday,False,Normal,False,0.0,False
2025-08-29,WH03,S1,20,160,10272,10272,8.025,12600,81.52,0,84,0.82,95.96,415,9857,2025,8,August,Friday,False,High,False,0.0,False
2025-08-29,WH03,S2,19,152,9496,9496,7.809210526315789,11400,83.3,0,74,0.78,96.14,367,9129,2025,8,August,Friday,False,High,False,0.0,False
2025-08-29,WH03,S3,15,120,6976,6976,7.266666666666667,7650,91.19,0,65,0.93,95.51,313,6663,2025,8,August,Friday,False,Very High,True,0.0,False
2025-08-29,WH04,S1,23,184,10088,10088,6.853260869565218,15842,63.68,0,101,1.0,96.25,378,9710,2025,8,August,Friday,False,Normal,False,0.0,False
2025-08-29,WH04,S2,22,176,8768,8768,6.227272727272728,14432,60.75,0,69,0.79,95.7,377,8391,2025,8,August,Friday,False,Normal,False,0.0,False
2025-08-29,WH04,S3,17,136,6944,6944,6.382352941176471,9479,73.26,0,62,0.89,95.8,291,6653,2025,8,August,Friday,False,Normal,False,0.0,False
2025-08-29,WH05,S1,18,144,9648,9648,8.375,10584,91.16,0,119,1.23,95.75,410,9238,2025,8,August,Friday,False,Very High,True,0.0,False
2025-08-29,WH05,S2,17,136,7352,7352,6.757352941176471,9520,77.23,0,37,0.5,94.41,411,6941,2025,8,August,Friday,False,High,False,0.0,False
2025-08-29,WH05,S3,14,112,5840,17520,6.517857142857143,6664,87.64,0,78,1.34,96.72,192,5648,2025,8,August,Friday,False,Very High,True,0.0,False
2025-08-30,WH01,S1,25,200,7040,21120,4.4,17850,39.44,0,60,0.85,96.19,268,6772,2025,8,August,Saturday,False,Low,False,0.0,False
2025-08-30,WH01,S2,24,192,6648,6648,4.328125,16320,40.74,0,59,0.89,95.98,267,6381,2025,8,August,Saturday,False,Low,False,0.0,False
2025-08-30,WH01,S3,19,152,5616,5616,4.618421052631579,10982,51.14,0,44,0.78,96.27,210,5406,2025,8,August,Saturday,False,Low,False,0.0,False
2025-08-30,WH02,S1,30,240,8736,8736,4.55,22680,38.52,0,82,0.94,96.8,280,8456,2025,8,August,Saturday,False,Low,False,0.0,False
2025-08-30,WH02,S2,28,224,7240,21720,4.040178571428571,20160,35.91,0,75,1.04,97.89,153,7087,2025,8,August,Saturday,False,Low,False,0.0,False
2025-08-30,WH02,S3,22,176,5648,5648,4.011363636363637,13464,41.95,0,42,0.74,96.2,215,5433,2025,8,August,Saturday,False,Low,False,0.0,False
2025-08-30,WH03,S1,20,160,7104,7104,5.55,12600,56.38,0,57,0.8,96.7,234,6870,2025,8,August,Saturday,False,Low,False,0.0,False
2025-08-30,WH03,S2,19,152,5536,5536,4.552631578947368,11400,48.56,0,49,0.89,94.08,328,5208,2025,8,August,Saturday,False,Low,False,0.0,False
2025-08-30,WH03,S3,15,120,2928,2928,3.05,7650,38.27,0,22,0.75,95.97,118,2810,2025,8,August,Saturday,False,Low,False,0.0,False
2025-08-30,WH04,S1,23,184,6368,6368,4.326086956521739,15842,40.2,0,38,0.6,95.77,269,6099,2025,8,August,Saturday,False,Low,False,0.0,False
2025-08-30,WH04,S2,22,176,6232,6232,4.426136363636363,14432,43.18,0,41,0.66,95.43,285,5947,2025,8,August,Saturday,False,Low,False,0.0,False
2025-08-30,WH04,S3,17,136,4232,8464,3.889705882352941,9479,44.65,0,33,0.78,93.48,276,3956,2025,8,August,Saturday,False,Low,False,0.0,False
2025-08-30,WH05,S1,18,144,4736,4736,4.111111111111111,10584,44.75,0,37,0.78,95.73,202,4534,2025,8,August,Saturday,False,Low,False,0.0,False
2025-08-30,WH05,S2,17,136,3928,7856,3.610294117647059,9520,41.26,0,31,0.79,94.56,214,3714,2025,8,August,Saturday,False,Low,False,0.0,False
2025-08-30,WH05,S3,14,112,3888,3888,4.339285714285714,6664,58.34,0,36,0.93,96.19,148,3740,2025,8,August,Saturday,False,Low,False,0.0,False
2025-08-31,WH01,S1,25,200,6168,18504,3.855,17850,34.55,0,50,0.81,96.3,228,5940,2025,8,August,Sunday,True,Low,False,0.0,False
2025-08-31,WH01,S2,24,192,5456,5456,3.552083333333333,16320,33.43,0,45,0.82,97.56,133,5323,2025,8,August,Sunday,True,Low,False,0.0,False
2025-08-31,WH01,S3,19,152,4232,8464,3.4802631578947367,10982,38.54,0,36,0.85,96.49,149,4083,2025,8,August,Sunday,True,Low,False,0.0,False
2025-08-31,WH02,S1,30,240,7648,7648,3.983333333333333,22680,33.72,0,58,0.76,95.58,338,7310,2025,8,August,Sunday,True,Low,False,0.0,False
2025-08-31,WH02,S2,28,224,6240,6240,3.482142857142857,20160,30.95,0,48,0.77,96.69,207,6033,2025,8,August,Sunday,True,Low,False,0.0,False
2025-08-31,WH02,S3,22,176,4592,4592,3.261363636363636,13464,34.11,0,33,0.72,95.79,193,4399,2025,8,August,Sunday,True,Low,False,0.0,False
2025-08-31,WH03,S1,20,160,5320,5320,4.15625,12600,42.22,0,50,0.94,94.46,295,5025,2025,8,August,Sunday,True,Low,False,0.0,False
2025-08-31,WH03,S2,19,152,3816,3816,3.138157894736842,11400,33.47,0,41,1.07,97.15,109,3707,2025,8,August,Sunday,True,Low,False,0.0,False
2025-08-31,WH03,S3,15,120,3760,7520,3.9166666666666665,7650,49.15,0,29,0.77,96.41,135,3625,2025,8,August,Sunday,True,Low,False,0.0,False
2025-08-31,WH04,S1,23,184,4552,13656,3.092391304347826,15842,28.73,0,40,0.88,97.27,124,4428,2025,8,August,Sunday,True,Low,False,0.0,False
2025-08-31,WH04,S2,22,176,4432,4432,3.147727272727273,14432,30.71,0,46,1.04,97.24,122,4310,2025,8,August,Sunday,True,Low,False,0.0,False
2025-08-31,WH04,S3,17,136,3288,3288,3.022058823529412,9479,34.69,0,29,0.88,96.04,130,3158,2025,8,August,Sunday,True,Low,False,0.0,False
2025-08-31,WH05,S1,18,144,4520,4520,3.923611111111111,10584,42.71,0,33,0.73,97.29,122,4398,2025,8,August,Sunday,True,Low,False,0.0,False
2025-08-31,WH05,S2,17,136,4544,4544,4.176470588235294,9520,47.73,0,28,0.62,95.65,198,4346,2025,8,August,Sunday,True,Low,False,0.0,False
2025-08-31,WH05,S3,14,112,1912,1912,2.133928571428572,6664,28.69,0,12,0.63,96.4,69,1843,2025,8,August,Sunday,True,Low,False,0.0,False
2025-09-01,WH01,S1,25,200,13480,13480,8.425,17850,75.52,0,119,0.88,93.69,851,12629,2025,9,September,Monday,False,High,False,0.0,False
2025-09-01,WH01,S2,24,192,11624,11624,7.567708333333333,16320,71.23,0,113,0.97,98.17,213,11411,2025,9,September,Monday,False,Normal,False,0.0,False
2025-09-01,WH01,S3,19,152,8464,8464,6.9605263157894735,10982,77.07,0,52,0.61,94.82,439,8025,2025,9,September,Monday,False,High,False,0.0,False
2025-09-01,WH02,S1,30,240,17088,34176,8.9,22680,75.34,0,140,0.82,96.53,592,16496,2025,9,September,Monday,False,High,False,0.0,False
2025-09-01,WH02,S2,28,224,15080,15080,8.415178571428571,20160,74.8,0,131,0.87,96.23,569,14511,2025,9,September,Monday,False,Normal,False,0.0,False
2025-09-01,WH02,S3,22,176,10040,10040,7.130681818181818,13464,74.57,0,79,0.79,95.06,496,9544,2025,9,September,Monday,False,Normal,False,0.0,False
2025-09-01,WH03,S1,20,160,12680,12680,9.90625,12600,100.63,80,116,0.91,94.89,647,12033,2025,9,September,Monday,False,Over Capacity,True,0.63,True
2025-09-01,WH03,S2,19,152,10792,32376,8.875,11400,94.67,0,117,1.08,95.63,471,10321,2025,9,September,Monday,False,Very High,True,0.0,False
2025-09-01,WH03,S3,15,120,7200,14400,7.5,7650,94.12,0,96,1.33,96.76,233,6967,2025,9,September,Monday,False,Very High,True,0.0,False
2025-09-01,WH04,S1,23,184,13728,27456,9.326086956521738,15842,86.66,0,170,1.24,94.83,710,13018,2025,9,September,Monday,False,Very High,True,0.0,False
2025-09-01,WH04,S2,22,176,11312,11312,8.034090909090908,14432,78.38,0,117,1.03,96.64,380,10932,2025,9,September,Monday,False,High,False,0.0,False
2025-09-01,WH04,S3,17,136,9752,19504,8.963235294117647,9479,102.88,273,110,1.13,92.98,685,9067,2025,9,September,Monday,False,Over Capacity,True,2.8,True
2025-09-01,WH05,S1,18,144,8256,16512,7.166666666666667,10584,78.0,0,63,0.76,96.37,300,7956,2025,9,September,Monday,False,High,False,0.0,False
2025-09-01,WH05,S2,17,136,9112,9112,8.375,9520,95.71,0,93,1.02,96.57,312,8800,2025,9,September,Monday,False,Very High,True,0.0,False
2025-09-01,WH05,S3,14,112,6656,13312,7.428571428571429,6664,99.88,0,71,1.07,94.89,340,6316,2025,9,September,Monday,False,Very High,True,0.0,False
2025-09-02,WH01,S1,25,200,12600,12600,7.875,17850,70.59,0,94,0.75,96.18,481,12119,2025,9,September,Tuesday,False,Normal,False,0.0,False
2025-09-02,WH01,S2,24,192,12280,12280,7.994791666666667,16320,75.25,0,105,0.86,97.96,251,12029,2025,9,September,Tuesday,False,High,False,0.0,False
2025-09-02,WH01,S3,19,152,8512,8512,7.0,10982,77.51,0,70,0.82,95.87,352,8160,2025,9,September,Tuesday,False,High,False,0.0,False
2025-09-02,WH02,S1,30,240,13712,27424,7.141666666666667,22680,60.46,0,94,0.69,96.48,483,13229,2025,9,September,Tuesday,False,Normal,False,0.0,False
2025-09-02,WH02,S2,28,224,12232,12232,6.825892857142857,20160,60.67,0,97,0.79,95.75,520,11712,2025,9,September,Tuesday,False,Normal,False,0.0,False
2025-09-02,WH02,S3,22,176,10944,10944,7.772727272727272,13464,81.28,0,92,0.84,94.82,567,10377,2025,9,September,Tuesday,False,High,False,0.0,False
2025-09-02,WH03,S1,20,160,10952,10952,8.55625,12600,86.92,0,115,1.05,96.35,400,10552,2025,9,September,Tuesday,False,Very High,True,0.0,False
2025-09-02,WH03,S2,19,152,8208,16416,6.75,11400,72.0,0,56,0.68,97.16,233,7975,2025,9,September,Tuesday,False,Normal,False,0.0,False
2025-09-02,WH03,S3,15,120,7440,14880,7.75,7650,97.25,0,73,0.98,96.41,267,7173,2025,9,September,Tuesday,False,Very High,True,0.0,False
2025-09-02,WH04,S1,23,184,12536,12536,8.516304347826088,15842,79.13,0,68,0.54,97.42,323,12213,2025,9,September,Tuesday,False,High,False,0.0,False
2025-09-02,WH04,S2,22,176,10880,10880,7.727272727272727,14432,75.39,0,89,0.82,95.46,494,10386,2025,9,September,Tuesday,False,High,False,0.0,False
2025-09-02,WH04,S3,17,136,7800,15600,7.169117647058823,9479,82.29,0,62,0.79,94.73,411,7389,2025,9,September,Tuesday,False,High,False,0.0,False
2025-09-02,WH05,S1,18,144,9976,9976,8.659722222222221,10584,94.26,0,108,1.08,94.28,571,9405,2025,9,September,Tuesday,False,Very High,True,0.0,False
2025-09-02,WH05,S2,17,136,6728,6728,6.1838235294117645,9520,70.67,0,46,0.68,94.95,340,6388,2025,9,September,Tuesday,False,Normal,False,0.0,False
2025-09-02,WH05,S3,14,112,6800,6800,7.589285714285714,6664,102.04,136,96,1.41,98.53,100,6700,2025,9,September,Tuesday,False,Over Capacity,True,2.0,False
2025-09-03,WH01,S1,25,200,14600,43800,9.125,17850,81.79,0,108,0.74,96.77,472,14128,2025,9,September,Wednesday,False,High,False,0.0,False
2025-09-03,WH01,S2,24,192,12912,12912,8.40625,16320,79.12,0,100,0.77,96.41,463,12449,2025,9,September,Wednesday,False,High,False,0.0,False
2025-09-03,WH01,S3,19,152,10352,10352,8.513157894736842,10982,94.26,0,103,0.99,95.72,443,9909,2025,9,September,Wednesday,False,Very High,True,0.0,False
2025-09-03,WH02,S1,30,240,13568,13568,7.066666666666666,22680,59.82,0,88,0.65,95.13,660,12908,2025,9,September,Wednesday,False,Low,False,0.0,False
2025-09-03,WH02,S2,28,224,14376,14376,8.022321428571429,20160,71.31,0,119,0.83,96.85,453,13923,2025,9,September,Wednesday,False,Normal,False,0.0,False
2025-09-03,WH02,S3,22,176,10176,20352,7.227272727272727,13464,75.58,0,89,0.87,95.09,499,9677,2025,9,September,Wednesday,False,High,False,0.0,False
2025-09-03,WH03,S1,20,160,12072,24144,9.43125,12600,95.81,0,144,1.19,95.6,531,11541,2025,9,September,Wednesday,False,Very High,True,0.0,False
2025-09-03,WH03,S2,19,152,9856,29568,8.105263157894736,11400,86.46,0,100,1.01,94.61,531,9325,2025,9,September,Wednesday,False,Very High,True,0.0,False
2025-09-03,WH03,S3,15,120,8072,8072,8.408333333333333,7650,105.52,422,85,1.05,92.7,589,7483,2025,9,September,Wednesday,False,Over Capacity,True,5.23,True
2025-09-03,WH04,S1,23,184,10312,10312,7.005434782608695,15842,65.09,0,91,0.88,96.25,386,9926,2025,9,September,Wednesday,False,Normal,False,0.0,False
2025-09-03,WH04,S2,22,176,9968,19936,7.079545454545454,14432,69.07,0,100,1.0,96.17,382,9586,2025,9,September,Wednesday,False,Normal,False,0.0,False
2025-09-03,WH04,S3,17,136,7592,15184,6.977941176470588,9479,80.09,0,49,0.65,95.57,336,7256,2025,9,September,Wednesday,False,High,False,0.0,False
2025-09-03,WH05,S1,18,144,9680,19360,8.402777777777779,10584,91.46,0,112,1.16,98.18,176,9504,2025,9,September,Wednesday,False,Very High,True,0.0,False
2025-09-03,WH05,S2,17,136,6984,13968,6.419117647058823,9520,73.36,0,55,0.79,95.93,284,6700,2025,9,September,Wednesday,False,Normal,False,0.0,False
2025-09-03,WH05,S3,14,112,6648,19944,7.419642857142857,6664,99.76,0,73,1.1,95.71,285,6363,2025,9,September,Wednesday,False,Very High,True,0.0,False
2025-09-04,WH01,S1,25,200,14808,29616,9.255,17850,82.96,0,108,0.73,97.69,342,14466,2025,9,September,Thursday,False,High,False,0.0,False
2025-09-04,WH01,S2,24,192,13808,41424,8.989583333333334,16320,84.61,0,84,0.61,96.27,515,13293,2025,9,September,Thursday,False,High,False,0.0,False
2025-09-04,WH01,S3,19,152,8856,8856,7.282894736842105,10982,80.64,0,54,0.61,96.84,280,8576,2025,9,September,Thursday,False,High,False,0.0,False
2025-09-04,WH02,S1,30,240,14616,14616,7.6125,22680,64.44,0,106,0.73,95.65,636,13980,2025,9,September,Thursday,False,Normal,False,0.0,False
2025-09-04,WH02,S2,28,224,15520,31040,8.660714285714286,20160,76.98,0,116,0.75,96.24,584,14936,2025,9,September,Thursday,False,High,False,0.0,False
2025-09-04,WH02,S3,22,176,10312,10312,7.323863636363637,13464,76.59,0,93,0.9,96.11,402,9910,2025,9,September,Thursday,False,High,False,0.0,False
2025-09-04,WH03,S1,20,160,11232,33696,8.775,12600,89.14,0,135,1.2,96.31,415,10817,2025,9,September,Thursday,False,Very High,True,0.0,False
2025-09-04,WH03,S2,19,152,9544,9544,7.848684210526316,11400,83.72,0,69,0.72,94.18,555,8989,2025,9,September,Thursday,False,High,False,0.0,False
2025-09-04,WH03,S3,15,120,7976,7976,8.308333333333334,7650,104.26,326,122,1.53,91.38,687,7289,2025,9,September,Thursday,False,Over Capacity,True,4.09,True
2025-09-04,WH04,S1,23,184,13256,13256,9.005434782608695,15842,83.68,0,106,0.8,95.49,598,12658,2025,9,September,Thursday,False,High,False,0.0,False
2025-09-04,WH04,S2,22,176,10888,21776,7.732954545454546,14432,75.44,0,70,0.64,95.14,529,10359,2025,9,September,Thursday,False,High,False,0.0,False
2025-09-04,WH04,S3,17,136,8984,8984,8.257352941176471,9479,94.78,0,120,1.34,95.61,394,8590,2025,9,September,Thursday,False,Very High,True,0.0,False
2025-09-04,WH05,S1,18,144,11784,11784,10.229166666666666,10584,111.34,1200,132,1.12,87.77,1442,10342,2025,9,September,Thursday,False,Over Capacity,True,10.18,True
2025-09-04,WH05,S2,17,136,9992,9992,9.183823529411764,9520,104.96,472,130,1.3,91.25,874,9118,2025,9,September,Thursday,False,Over Capacity,True,4.72,True
2025-09-04,WH05,S3,14,112,5680,11360,6.339285714285714,6664,85.23,0,49,0.86,97.02,169,5511,2025,9,September,Thursday,False,Very High,True,0.0,False
2025-09-05,WH01,S1,25,200,15448,30896,9.655,17850,86.54,0,161,1.04,96.41,555,14893,2025,9,September,Friday,False,Very High,True,0.0,False
2025-09-05,WH01,S2,24,192,11912,23824,7.755208333333333,16320,72.99,0,120,1.01,95.92,486,11426,2025,9,September,Friday,False,Normal,False,0.0,False
2025-09-05,WH01,S3,19,152,10640,21280,8.75,10982,96.89,0,107,1.01,98.35,176,10464,2025,9,September,Friday,False,Very High,True,0.0,False
2025-09-05,WH02,S1,30,240,19608,39216,10.2125,22680,86.46,0,221,1.13,96.45,697,18911,2025,9,September,Friday,False,Very High,True,0.0,False
2025-09-05,WH02,S2,28,224,16056,32112,8.959821428571429,20160,79.64,0,136,0.85,95.64,701,15355,2025,9,September,Friday,False,High,False,0.0,False
2025-09-05,WH02,S3,22,176,10488,10488,7.448863636363637,13464,77.9,0,88,0.84,96.2,398,10090,2025,9,September,Friday,False,High,False,0.0,False
2025-09-05,WH03,S1,20,160,10648,10648,8.31875,12600,84.51,0,84,0.79,96.07,418,10230,2025,9,September,Friday,False,High,False,0.0,False
2025-09-05,WH03,S2,19,152,13696,13696,11.263157894736842,11400,120.14,2296,113,0.83,87.98,1646,12050,2025,9,September,Friday,False,Over Capacity,True,16.76,True
2025-09-05,WH03,S3,15,120,8624,17248,8.983333333333333,7650,112.73,974,125,1.45,88.61,982,7642,2025,9,September,Friday,False,Over Capacity,True,11.29,True
2025-09-05,WH04,S1,23,184,12264,12264,8.331521739130435,15842,77.41,0,104,0.85,97.24,338,11926,2025,9,September,Friday,False,High,False,0.0,False
2025-09-05,WH04,S2,22,176,12352,24704,8.772727272727273,14432,85.59,0,125,1.01,97.24,341,12011,2025,9,September,Friday,False,Very High,True,0.0,False
2025-09-05,WH04,S3,17,136,9208,27624,8.463235294117647,9479,97.14,0,103,1.12,96.66,308,8900,2025,9,September,Friday,False,Very High,True,0.0,False
2025-09-05,WH05,S1,18,144,11224,22448,9.743055555555555,10584,106.05,640,134,1.19,88.35,1308,9916,2025,9,September,Friday,False,Over Capacity,True,5.7,True
2025-09-05,WH05,S2,17,136,8744,8744,8.036764705882353,9520,91.85,0,95,1.09,96.28,325,8419,2025,9,September,Friday,False,Very High,True,0.0,False
2025-09-05,WH05,S3,14,112,5984,17952,6.678571428571429,6664,89.8,0,56,0.94,95.65,260,5724,2025,9,September,Friday,False,Very High,True,0.0,False
2025-09-06,WH01,S1,25,200,7640,15280,4.775,17850,42.8,0,48,0.63,95.98,307,7333,2025,9,September,Saturday,False,Low,False,0.0,False
2025-09-06,WH01,S2,24,192,8560,8560,5.572916666666667,16320,52.45,0,75,0.88,96.56,295,8265,2025,9,September,Saturday,False,Low,False,0.0,False
2025-09-06,WH01,S3,19,152,4944,4944,4.065789473684211,10982,45.02,0,48,0.97,94.18,288,4656,2025,9,September,Saturday,False,Low,False,0.0,False
2025-09-06,WH02,S1,30,240,11280,11280,5.875,22680,49.74,0,79,0.7,94.67,602,10678,2025,9,September,Saturday,False,Low,False,0.0,False
2025-09-06,WH02,S2,28,224,9856,9856,5.5,20160,48.89,0,80,0.81,95.72,422,9434,2025,9,September,Saturday,False,Low,False,0.0,False
2025-09-06,WH02,S3,22,176,6808,6808,4.8352272727272725,13464,50.56,0,53,0.78,96.37,247,6561,2025,9,September,Saturday,False,Low,False,0.0,False
2025-09-06,WH03,S1,20,160,6952,13904,5.43125,12600,55.17,0,71,1.02,94.46,385,6567,2025,9,September,Saturday,False,Low,False,0.0,False
2025-09-06,WH03,S2,19,152,5752,5752,4.730263157894737,11400,50.46,0,29,0.5,96.96,175,5577,2025,9,September,Saturday,False,Low,False,0.0,False
2025-09-06,WH03,S3,15,120,4112,12336,4.283333333333333,7650,53.75,0,34,0.83,97.04,122,3990,2025,9,September,Saturday,False,Low,False,0.0,False
2025-09-06,WH04,S1,23,184,6624,13248,4.5,15842,41.81,0,59,0.89,95.53,296,6328,2025,9,September,Saturday,False,Low,False,0.0,False
2025-09-06,WH04,S2,22,176,6736,20208,4.784090909090909,14432,46.67,0,56,0.83,95.81,282,6454,2025,9,September,Saturday,False,Low,False,0.0,False
2025-09-06,WH04,S3,17,136,5048,5048,4.639705882352941,9479,53.25,0,39,0.77,96.48,178,4870,2025,9,September,Saturday,False,Low,False,0.0,False
2025-09-06,WH05,S1,18,144,5704,5704,4.951388888888889,10584,53.89,0,47,0.82,94.84,294,5410,2025,9,September,Saturday,False,Low,False,0.0,False
2025-09-06,WH05,S2,17,136,4304,4304,3.9558823529411766,9520,45.21,0,33,0.77,95.96,174,4130,2025,9,September,Saturday,False,Low,False,0.0,False
2025-09-06,WH05,S3,14,112,4008,12024,4.473214285714286,6664,60.14,0,24,0.6,96.18,153,3855,2025,9,September,Saturday,False,Normal,False,0.0,False
2025-09-07,WH01,S1,25,200,6352,6352,3.97,17850,35.59,0,39,0.61,95.82,266,6086,2025,9,September,Sunday,True,Low,False,0.0,False
2025-09-07,WH01,S2,24,192,6296,12592,4.098958333333333,16320,38.58,0,36,0.57,95.85,261,6035,2025,9,September,Sunday,True,Low,False,0.0,False
2025-09-07,WH01,S3,19,152,4672,14016,3.842105263157895,10982,42.54,0,33,0.71,96.37,170,4502,2025,9,September,Sunday,True,Low,False,0.0,False
2025-09-07,WH02,S1,30,240,10872,21744,5.6625,22680,47.94,0,80,0.74,97.76,244,10628,2025,9,September,Sunday,True,Low,False,0.0,False
2025-09-07,WH02,S2,28,224,8288,8288,4.625,20160,41.11,0,90,1.09,97.72,189,8099,2025,9,September,Sunday,True,Low,False,0.0,False
2025-09-07,WH02,S3,22,176,5968,11936,4.238636363636363,13464,44.33,0,48,0.8,95.37,276,5692,2025,9,September,Sunday,True,Low,False,0.0,False
2025-09-07,WH03,S1,20,160,6512,19536,5.0875,12600,51.68,0,61,0.94,95.5,293,6219,2025,9,September,Sunday,True,Low,False,0.0,False
2025-09-07,WH03,S2,19,152,5256,5256,4.322368421052632,11400,46.11,0,47,0.89,95.69,227,5029,2025,9,September,Sunday,True,Low,False,0.0,False
2025-09-07,WH03,S3,15,120,3152,3152,3.283333333333333,7650,41.2,0,27,0.86,97.21,88,3064,2025,9,September,Sunday,True,Low,False,0.0,False
2025-09-07,WH04,S1,23,184,6520,19560,4.429347826086956,15842,41.16,0,57,0.87,96.11,254,6266,2025,9,September,Sunday,True,Low,False,0.0,False
2025-09-07,WH04,S2,22,176,5672,11344,4.028409090909091,14432,39.3,0,44,0.78,97.37,149,5523,2025,9,September,Sunday,True,Low,False,0.0,False
2025-09-07,WH04,S3,17,136,4088,8176,3.757352941176471,9479,43.13,0,49,1.2,96.65,137,3951,2025,9,September,Sunday,True,Low,False,0.0,False
2025-09-07,WH05,S1,18,144,5168,5168,4.486111111111111,10584,48.83,0,41,0.79,96.74,168,5000,2025,9,September,Sunday,True,Low,False,0.0,False
2025-09-07,WH05,S2,17,136,3568,3568,3.2794117647058822,9520,37.48,0,30,0.84,93.53,231,3337,2025,9,September,Sunday,True,Low,False,0.0,False
2025-09-07,WH05,S3,14,112,3240,3240,3.616071428571429,6664,48.62,0,28,0.86,94.31,184,3056,2025,9,September,Sunday,True,Low,False,0.0,False
2025-09-08,WH01,S1,25,200,12432,24864,7.77,17850,69.65,0,112,0.9,95.33,580,11852,2025,9,September,Monday,False,Normal,False,0.0,False
2025-09-08,WH01,S2,24,192,12320,12320,8.020833333333334,16320,75.49,0,109,0.88,95.25,585,11735,2025,9,September,Monday,False,High,False,0.0,False
2025-09-08,WH01,S3,19,152,8600,8600,7.072368421052632,10982,78.31,0,86,1.0,94.21,498,8102,2025,9,September,Monday,False,High,False,0.0,False
2025-09-08,WH02,S1,30,240,15440,15440,8.041666666666666,22680,68.08,0,118,0.76,95.44,703,14737,2025,9,September,Monday,False,Normal,False,0.0,False
2025-09-08,WH02,S2,28,224,14728,29456,8.21875,20160,73.06,0,143,0.97,93.4,972,13756,2025,9,September,Monday,False,Normal,False,0.0,False
2025-09-08,WH02,S3,22,176,10616,31848,7.539772727272727,13464,78.85,0,98,0.92,95.33,496,10120,2025,9,September,Monday,False,High,False,0.0,False
2025-09-08,WH03,S1,20,160,10000,10000,7.8125,12600,79.37,0,80,0.8,96.11,389,9611,2025,9,September,Monday,False,High,False,0.0,False
2025-09-08,WH03,S2,19,152,11600,11600,9.539473684210526,11400,101.75,200,153,1.32,96.74,378,11222,2025,9,September,Monday,False,Over Capacity,True,1.72,False
2025-09-08,WH03,S3,15,120,5968,5968,6.216666666666667,7650,78.01,0,51,0.85,95.11,292,5676,2025,9,September,Monday,False,High,False,0.0,False
2025-09-08,WH04,S1,23,184,12776,25552,8.679347826086957,15842,80.65,0,94,0.74,96.29,473,12303,2025,9,September,Monday,False,High,False,0.0,False
2025-09-08,WH04,S2,22,176,10096,30288,7.170454545454546,14432,69.96,0,96,0.95,97.12,291,9805,2025,9,September,Monday,False,Normal,False,0.0,False
2025-09-08,WH04,S3,17,136,7448,7448,6.845588235294118,9479,78.57,0,45,0.6,96.36,271,7177,2025,9,September,Monday,False,High,False,0.0,False
2025-09-08,WH05,S1,18,144,8520,17040,7.395833333333333,10584,80.5,0,53,0.62,96.23,321,8199,2025,9,September,Monday,False,High,False,0.0,False
2025-09-08,WH05,S2,17,136,8808,8808,8.095588235294118,9520,92.52,0,94,1.07,93.81,545,8263,2025,9,September,Monday,False,Very High,True,0.0,False
2025-09-08,WH05,S3,14,112,6312,12624,7.044642857142857,6664,94.72,0,69,1.09,95.55,281,6031,2025,9,September,Monday,False,Very High,True,0.0,False
2025-09-09,WH01,S1,25,200,14136,28272,8.835,17850,79.19,0,103,0.73,97.36,373,13763,2025,9,September,Tuesday,False,High,False,0.0,False
2025-09-09,WH01,S2,24,192,12688,12688,8.260416666666666,16320,77.75,0,82,0.65,96.36,461,12227,2025,9,September,Tuesday,False,High,False,0.0,False
2025-09-09,WH01,S3,19,152,8656,8656,7.118421052631579,10982,78.82,0,90,1.04,95.5,390,8266,2025,9,September,Tuesday,False,High,False,0.0,False
2025-09-09,WH02,S1,30,240,14144,28288,7.366666666666666,22680,62.36,0,122,0.86,95.13,689,13455,2025,9,September,Tuesday,False,Normal,False,0.0,False
2025-09-09,WH02,S2,28,224,14480,14480,8.080357142857142,20160,71.83,0,120,0.83,96.84,458,14022,2025,9,September,Tuesday,False,Normal,False,0.0,False
2025-09-09,WH02,S3,22,176,9776,19552,6.943181818181818,13464,72.61,0,77,0.79,95.95,396,9380,2025,9,September,Tuesday,False,Normal,False,0.0,False
2025-09-09,WH03,S1,20,160,10936,32808,8.54375,12600,86.79,0,71,0.65,96.98,331,10605,2025,9,September,Tuesday,False,Very High,True,0.0,False
2025-09-09,WH03,S2,19,152,8176,8176,6.723684210526316,11400,71.72,0,71,0.87,96.63,276,7900,2025,9,September,Tuesday,False,Normal,False,0.0,False
2025-09-09,WH03,S3,15,120,7152,7152,7.45,7650,93.49,0,84,1.17,94.88,366,6786,2025,9,September,Tuesday,False,Very High,True,0.0,False
2025-09-09,WH04,S1,23,184,13952,27904,9.478260869565217,15842,88.07,0,128,0.92,96.23,526,13426,2025,9,September,Tuesday,False,Very High,True,0.0,False
2025-09-09,WH04,S2,22,176,11408,34224,8.102272727272727,14432,79.05,0,95,0.83,96.33,419,10989,2025,9,September,Tuesday,False,High,False,0.0,False
2025-09-09,WH04,S3,17,136,8184,8184,7.522058823529412,9479,86.34,0,103,1.26,96.35,298,7886,2025,9,September,Tuesday,False,Very High,True,0.0,False
2025-09-09,WH05,S1,18,144,9536,9536,8.277777777777779,10584,90.1,0,126,1.32,95.1,467,9069,2025,9,September,Tuesday,False,Very High,True,0.0,False
2025-09-09,WH05,S2,17,136,8856,26568,8.139705882352942,9520,93.03,0,108,1.22,94.03,529,8327,2025,9,September,Tuesday,False,Very High,True,0.0,False
2025-09-09,WH05,S3,14,112,6480,6480,7.232142857142857,6664,97.24,0,66,1.02,97.85,139,6341,2025,9,September,Tuesday,False,Very High,True,0.0,False
2025-09-10,WH01,S1,25,200,13000,13000,8.125,17850,72.83,0,120,0.92,95.28,614,12386,2025,9,September,Wednesday,False,Normal,False,0.0,False
2025-09-10,WH01,S2,24,192,12248,12248,7.973958333333333,16320,75.05,0,132,1.08,96.88,382,11866,2025,9,September,Wednesday,False,High,False,0.0,False
2025-09-10,WH01,S3,19,152,8488,16976,6.980263157894737,10982,77.29,0,69,0.81,96.31,314,8174,2025,9,September,Wednesday,False,High,False,0.0,False
2025-09-10,WH02,S1,30,240,16864,16864,8.783333333333333,22680,74.36,0,140,0.83,96.34,617,16247,2025,9,September,Wednesday,False,Normal,False,0.0,False
2025-09-10,WH02,S2,28,224,14688,14688,8.196428571428571,20160,72.86,0,113,0.77,93.99,883,13805,2025,9,September,Wednesday,False,Normal,False,0.0,False
2025-09-10,WH02,S3,22,176,11088,11088,7.875,13464,82.35,0,93,0.84,96.58,379,10709,2025,9,September,Wednesday,False,High,False,0.0,False
2025-09-10,WH03,S1,20,160,11872,11872,9.275,12600,94.22,0,134,1.13,95.35,552,11320,2025,9,September,Wednesday,False,Very High,True,0.0,False
2025-09-10,WH03,S2,19,152,9600,9600,7.894736842105263,11400,84.21,0,82,0.85,96.45,340,9260,2025,9,September,Wednesday,False,High,False,0.0,False
2025-09-10,WH03,S3,15,120,7464,14928,7.775,7650,97.57,0,89,1.19,96.61,253,7211,2025,9,September,Wednesday,False,Very High,True,0.0,False
2025-09-10,WH04,S1,23,184,10520,10520,7.146739130434782,15842,66.41,0,76,0.72,96.71,346,10174,2025,9,September,Wednesday,False,Normal,False,0.0,False
2025-09-10,WH04,S2,22,176,10632,10632,7.551136363636363,14432,73.67,0,65,0.61,95.22,508,10124,2025,9,September,Wednesday,False,Normal,False,0.0,False
2025-09-10,WH04,S3,17,136,8032,8032,7.382352941176471,9479,84.73,0,60,0.75,97.6,192,7840,2025,9,September,Wednesday,False,High,False,0.0,False
2025-09-10,WH05,S1,18,144,10120,20240,8.784722222222221,10584,95.62,0,111,1.1,96.29,376,9744,2025,9,September,Wednesday,False,Very High,True,0.0,False
2025-09-10,WH05,S2,17,136,8288,8288,7.617647058823529,9520,87.06,0,83,1.0,94.6,447,7841,2025,9,September,Wednesday,False,Very High,True,0.0,False
2025-09-10,WH05,S3,14,112,5600,5600,6.25,6664,84.03,0,41,0.73,95.78,236,5364,2025,9,September,Wednesday,False,High,False,0.0,False
2025-09-11,WH01,S1,25,200,12160,24320,7.6,17850,68.12,0,96,0.79,94.99,609,11551,2025,9,September,Thursday,False,Normal,False,0.0,False
2025-09-11,WH01,S2,24,192,12088,24176,7.869791666666667,16320,74.07,0,94,0.78,95.95,490,11598,2025,9,September,Thursday,False,Normal,False,0.0,False
2025-09-11,WH01,S3,19,152,9056,9056,7.447368421052632,10982,82.46,0,70,0.77,96.99,272,8784,2025,9,September,Thursday,False,High,False,0.0,False
2025-09-11,WH02,S1,30,240,16912,50736,8.808333333333334,22680,74.57,0,128,0.76,96.46,599,16313,2025,9,September,Thursday,False,Normal,False,0.0,False
2025-09-11,WH02,S2,28,224,15448,15448,8.620535714285714,20160,76.63,0,105,0.68,95.35,719,14729,2025,9,September,Thursday,False,High,False,0.0,False
2025-09-11,WH02,S3,22,176,9720,9720,6.903409090909091,13464,72.19,0,61,0.63,95.11,476,9244,2025,9,September,Thursday,False,Normal,False,0.0,False
2025-09-11,WH03,S1,20,160,12240,12240,9.5625,12600,97.14,0,85,0.69,96.12,475,11765,2025,9,September,Thursday,False,Very High,True,0.0,False
2025-09-11,WH03,S2,19,152,9392,9392,7.723684210526316,11400,82.39,0,58,0.62,95.39,433,8959,2025,9,September,Thursday,False,High,False,0.0,False
2025-09-11,WH03,S3,15,120,8528,25584,8.883333333333333,7650,111.48,878,103,1.21,87.19,1092,7436,2025,9,September,Thursday,False,Over Capacity,True,10.3,True
2025-09-11,WH04,S1,23,184,10576,10576,7.184782608695652,15842,66.76,0,91,0.86,95.29,498,10078,2025,9,September,Thursday,False,Normal,False,0.0,False
2025-09-11,WH04,S2,22,176,11112,11112,7.892045454545454,14432,77.0,0,89,0.8,96.16,426,10686,2025,9,September,Thursday,False,High,False,0.0,False
2025-09-11,WH04,S3,17,136,8400,8400,7.720588235294118,9479,88.62,0,83,0.99,94.75,441,7959,2025,9,September,Thursday,False,Very High,True,0.0,False
2025-09-11,WH05,S1,18,144,13328,13328,11.569444444444445,10584,125.93,2744,160,1.2,88.44,1540,11788,2025,9,September,Thursday,False,Over Capacity,True,20.59,True
2025-09-11,WH05,S2,17,136,8664,8664,7.963235294117647,9520,91.01,0,99,1.14,95.74,369,8295,2025,9,September,Thursday,False,Very High,True,0.0,False
2025-09-11,WH05,S3,14,112,5904,5904,6.589285714285714,6664,88.6,0,74,1.25,95.27,279,5625,2025,9,September,Thursday,False,Very High,True,0.0,False
2025-09-12,WH01,S1,25,200,15888,31776,9.93,17850,89.01,0,212,1.33,96.84,502,15386,2025,9,September,Friday,False,Very High,True,0.0,False
2025-09-12,WH01,S2,24,192,14264,28528,9.286458333333334,16320,87.4,0,170,1.19,95.48,645,13619,2025,9,September,Friday,False,Very High,True,0.0,False
2025-09-12,WH01,S3,19,152,9032,18064,7.427631578947368,10982,82.24,0,89,0.99,94.87,463,8569,2025,9,September,Friday,False,High,False,0.0,False
2025-09-12,WH02,S1,30,240,19064,19064,9.929166666666667,22680,84.06,0,157,0.82,97.48,481,18583,2025,9,September,Friday,False,High,False,0.0,False
2025-09-12,WH02,S2,28,224,15208,15208,8.486607142857142,20160,75.44,0,158,1.04,96.46,538,14670,2025,9,September,Friday,False,High,False,0.0,False
2025-09-12,WH02,S3,22,176,11400,11400,8.096590909090908,13464,84.67,0,84,0.74,97.79,252,11148,2025,9,September,Friday,False,High,False,0.0,False
2025-09-12,WH03,S1,20,160,10792,21584,8.43125,12600,85.65,0,155,1.44,95.69,465,10327,2025,9,September,Friday,False,Very High,True,0.0,False
2025-09-12,WH03,S2,19,152,8632,17264,7.098684210526316,11400,75.72,0,81,0.94,94.68,459,8173,2025,9,September,Friday,False,High,False,0.0,False
2025-09-12,WH03,S3,15,120,8368,8368,8.716666666666667,7650,109.39,718,104,1.24,87.62,1036,7332,2025,9,September,Friday,False,Over Capacity,True,8.58,True
2025-09-12,WH04,S1,23,184,15200,15200,10.326086956521738,15842,95.95,0,213,1.4,97.06,447,14753,2025,9,September,Friday,False,Very High,True,0.0,False
2025-09-12,WH04,S2,22,176,13104,13104,9.306818181818182,14432,90.8,0,157,1.2,95.77,554,12550,2025,9,September,Friday,False,Very High,True,0.0,False
2025-09-12,WH04,S3,17,136,7408,7408,6.8088235294117645,9479,78.15,0,46,0.62,94.66,396,7012,2025,9,September,Friday,False,High,False,0.0,False
2025-09-12,WH05,S1,18,144,12320,24640,10.694444444444445,10584,116.4,1736,157,1.27,88.32,1439,10881,2025,9,September,Friday,False,Over Capacity,True,14.09,True
2025-09-12,WH05,S2,17,136,8408,16816,7.727941176470588,9520,88.32,0,80,0.95,97.34,224,8184,2025,9,September,Friday,False,Very High,True,0.0,False
2025-09-12,WH05,S3,14,112,6760,6760,7.544642857142857,6664,101.44,96,83,1.23,96.36,246,6514,2025,9,September,Friday,False,Over Capacity,True,1.42,False
2025-09-13,WH01,S1,25,200,8384,25152,5.24,17850,46.97,0,54,0.64,96.76,272,8112,2025,9,September,Saturday,False,Low,False,0.0,False
2025-09-13,WH01,S2,24,192,7440,7440,4.84375,16320,45.59,0,71,0.95,95.18,358,7082,2025,9,September,Saturday,False,Low,False,0.0,False
2025-09-13,WH01,S3,19,152,5688,5688,4.677631578947368,10982,51.79,0,40,0.7,96.82,181,5507,2025,9,September,Saturday,False,Low,False,0.0,False
2025-09-13,WH02,S1,30,240,11096,22192,5.779166666666667,22680,48.92,0,74,0.67,95.76,471,10625,2025,9,September,Saturday,False,Low,False,0.0,False
2025-09-13,WH02,S2,28,224,8568,8568,4.78125,20160,42.5,0,76,0.89,97.06,252,8316,2025,9,September,Saturday,False,Low,False,0.0,False
2025-09-13,WH02,S3,22,176,6696,20088,4.755681818181818,13464,49.73,0,66,0.99,94.4,375,6321,2025,9,September,Saturday,False,Low,False,0.0,False
2025-09-13,WH03,S1,20,160,6504,13008,5.08125,12600,51.62,0,58,0.89,97.98,132,6372,2025,9,September,Saturday,False,Low,False,0.0,False
2025-09-13,WH03,S2,19,152,6752,13504,5.552631578947368,11400,59.23,0,70,1.04,95.34,315,6437,2025,9,September,Saturday,False,Low,False,0.0,False
2025-09-13,WH03,S3,15,120,4384,8768,4.566666666666666,7650,57.31,0,33,0.75,95.9,180,4204,2025,9,September,Saturday,False,Low,False,0.0,False
2025-09-13,WH04,S1,23,184,8624,17248,5.858695652173913,15842,54.44,0,69,0.8,95.95,350,8274,2025,9,September,Saturday,False,Low,False,0.0,False
2025-09-13,WH04,S2,22,176,6944,6944,4.931818181818182,14432,48.12,0,43,0.62,96.74,226,6718,2025,9,September,Saturday,False,Low,False,0.0,False
2025-09-13,WH04,S3,17,136,4256,4256,3.911764705882353,9479,44.9,0,33,0.78,95.62,186,4070,2025,9,September,Saturday,False,Low,False,0.0,False
2025-09-13,WH05,S1,18,144,5448,10896,4.729166666666667,10584,51.47,0,39,0.72,95.22,261,5187,2025,9,September,Saturday,False,Low,False,0.0,False
2025-09-13,WH05,S2,17,136,4928,9856,4.529411764705882,9520,51.76,0,38,0.77,98.02,97,4831,2025,9,September,Saturday,False,Low,False,0.0,False
2025-09-13,WH05,S3,14,112,4176,4176,4.660714285714286,6664,62.67,0,29,0.69,96.07,164,4012,2025,9,September,Saturday,False,Normal,False,0.0,False
2025-09-14,WH01,S1,25,200,7744,7744,4.84,17850,43.38,0,68,0.88,94.01,464,7280,2025,9,September,Sunday,True,Low,False,0.0,False
2025-09-14,WH01,S2,24,192,6312,12624,4.109375,16320,38.68,0,47,0.74,96.5,221,6091,2025,9,September,Sunday,True,Low,False,0.0,False
2025-09-14,WH01,S3,19,152,5136,5136,4.223684210526316,10982,46.77,0,42,0.82,96.96,156,4980,2025,9,September,Sunday,True,Low,False,0.0,False
2025-09-14,WH02,S1,30,240,8360,8360,4.354166666666667,22680,36.86,0,58,0.69,94.45,464,7896,2025,9,September,Sunday,True,Low,False,0.0,False
2025-09-14,WH02,S2,28,224,7080,14160,3.950892857142857,20160,35.12,0,60,0.85,95.78,299,6781,2025,9,September,Sunday,True,Low,False,0.0,False
2025-09-14,WH02,S3,22,176,6600,13200,4.6875,13464,49.02,0,43,0.65,97.37,173,6427,2025,9,September,Sunday,True,Low,False,0.0,False
2025-09-14,WH03,S1,20,160,5480,16440,4.28125,12600,43.49,0,55,1.0,95.95,222,5258,2025,9,September,Sunday,True,Low,False,0.0,False
2025-09-14,WH03,S2,19,152,5184,5184,4.2631578947368425,11400,45.47,0,41,0.79,96.1,202,4982,2025,9,September,Sunday,True,Low,False,0.0,False
2025-09-14,WH03,S3,15,120,3440,3440,3.583333333333333,7650,44.97,0,27,0.78,97.26,94,3346,2025,9,September,Sunday,True,Low,False,0.0,False
2025-09-14,WH04,S1,23,184,6528,6528,4.434782608695652,15842,41.21,0,60,0.92,96.2,248,6280,2025,9,September,Sunday,True,Low,False,0.0,False
2025-09-14,WH04,S2,22,176,5792,5792,4.113636363636363,14432,40.13,0,50,0.86,96.88,181,5611,2025,9,September,Sunday,True,Low,False,0.0,False
2025-09-14,WH04,S3,17,136,4504,4504,4.139705882352941,9479,47.52,0,37,0.82,94.46,250,4254,2025,9,September,Sunday,True,Low,False,0.0,False
2025-09-14,WH05,S1,18,144,5144,5144,4.465277777777778,10584,48.6,0,43,0.84,94.8,267,4877,2025,9,September,Sunday,True,Low,False,0.0,False
2025-09-14,WH05,S2,17,136,4992,4992,4.588235294117647,9520,52.44,0,37,0.74,95.85,207,4785,2025,9,September,Sunday,True,Low,False,0.0,False
2025-09-14,WH05,S3,14,112,3536,3536,3.946428571428572,6664,53.06,0,27,0.76,96.12,137,3399,2025,9,September,Sunday,True,Low,False,0.0,False
2025-09-15,WH01,S1,25,200,12192,12192,7.62,17850,68.3,0,111,0.91,97.06,358,11834,2025,9,September,Monday,False,Normal,False,0.0,False
2025-09-15,WH01,S2,24,192,13960,27920,9.088541666666666,16320,85.54,0,167,1.2,95.48,632,13328,2025,9,September,Monday,False,Very High,True,0.0,False
2025-09-15,WH01,S3,19,152,8392,16784,6.901315789473684,10982,76.42,0,59,0.7,95.56,373,8019,2025,9,September,Monday,False,High,False,0.0,False
2025-09-15,WH02,S1,30,240,16872,50616,8.7875,22680,74.39,0,156,0.92,94.43,939,15933,2025,9,September,Monday,False,Normal,False,0.0,False
2025-09-15,WH02,S2,28,224,14432,14432,8.053571428571429,20160,71.59,0,122,0.85,95.65,627,13805,2025,9,September,Monday,False,Normal,False,0.0,False
2025-09-15,WH02,S3,22,176,10792,10792,7.664772727272727,13464,80.15,0,91,0.84,95.94,438,10354,2025,9,September,Monday,False,High,False,0.0,False
2025-09-15,WH03,S1,20,160,10608,10608,8.2875,12600,84.19,0,95,0.9,96.76,344,10264,2025,9,September,Monday,False,High,False,0.0,False
2025-09-15,WH03,S2,19,152,10752,10752,8.842105263157896,11400,94.32,0,122,1.13,97.95,220,10532,2025,9,September,Monday,False,Very High,True,0.0,False
2025-09-15,WH03,S3,15,120,8816,17632,9.183333333333334,7650,115.24,1166,89,1.01,88.99,971,7845,2025,9,September,Monday,False,Over Capacity,True,13.23,True
2025-09-15,WH04,S1,23,184,13296,26592,9.032608695652174,15842,83.93,0,128,0.96,94.8,692,12604,2025,9,September,Monday,False,High,False,0.0,False
2025-09-15,WH04,S2,22,176,12376,24752,8.789772727272727,14432,85.75,0,160,1.29,96.6,421,11955,2025,9,September,Monday,False,Very High,True,0.0,False
2025-09-15,WH04,S3,17,136,7592,7592,6.977941176470588,9479,80.09,0,51,0.67,95.96,307,7285,2025,9,September,Monday,False,High,False,0.0,False
2025-09-15,WH05,S1,18,144,9736,9736,8.45138888888889,10584,91.99,0,135,1.39,96.5,341,9395,2025,9,September,Monday,False,Very High,True,0.0,False
2025-09-15,WH05,S2,17,136,9376,18752,8.617647058823529,9520,98.49,0,107,1.14,94.14,549,8827,2025,9,September,Monday,False,Very High,True,0.0,False
2025-09-15,WH05,S3,14,112,5880,11760,6.5625,6664,88.24,0,79,1.34,97.72,134,5746,2025,9,September,Monday,False,Very High,True,0.0,False
2025-09-16,WH01,S1,25,200,11768,23536,7.355,17850,65.93,0,89,0.76,97.11,340,11428,2025,9,September,Tuesday,False,Normal,False,0.0,False
2025-09-16,WH01,S2,24,192,11464,22928,7.463541666666667,16320,70.25,0,99,0.86,95.39,528,10936,2025,9,September,Tuesday,False,Normal,False,0.0,False
2025-09-16,WH01,S3,19,152,8760,26280,7.203947368421052,10982,79.77,0,86,0.98,95.36,407,8353,2025,9,September,Tuesday,False,High,False,0.0,False
2025-09-16,WH02,S1,30,240,13688,13688,7.129166666666666,22680,60.35,0,104,0.76,94.81,710,12978,2025,9,September,Tuesday,False,Normal,False,0.0,False
2025-09-16,WH02,S2,28,224,11552,23104,6.446428571428571,20160,57.3,0,93,0.81,95.85,480,11072,2025,9,September,Tuesday,False,Low,False,0.0,False
2025-09-16,WH02,S3,22,176,9912,9912,7.039772727272728,13464,73.62,0,84,0.85,96.6,337,9575,2025,9,September,Tuesday,False,Normal,False,0.0,False
2025-09-16,WH03,S1,20,160,12408,12408,9.69375,12600,98.48,0,155,1.25,96.04,491,11917,2025,9,September,Tuesday,False,Very High,True,0.0,False
2025-09-16,WH03,S2,19,152,9096,18192,7.480263157894737,11400,79.79,0,77,0.85,95.71,390,8706,2025,9,September,Tuesday,False,High,False,0.0,False
2025-09-16,WH03,S3,15,120,7840,7840,8.166666666666666,7650,102.48,190,98,1.25,95.94,319,7521,2025,9,September,Tuesday,False,Over Capacity,True,2.42,False
2025-09-16,WH04,S1,23,184,10064,10064,6.836956521739131,15842,63.53,0,73,0.73,95.55,448,9616,2025,9,September,Tuesday,False,Normal,False,0.0,False
2025-09-16,WH04,S2,22,176,10384,20768,7.375,14432,71.95,0,89,0.86,96.7,343,10041,2025,9,September,Tuesday,False,Normal,False,0.0,False
2025-09-16,WH04,S3,17,136,6864,20592,6.3088235294117645,9479,72.41,0,64,0.93,95.1,336,6528,2025,9,September,Tuesday,False,Normal,False,0.0,False
2025-09-16,WH05,S1,18,144,8968,8968,7.784722222222222,10584,84.73,0,69,0.77,97.32,240,8728,2025,9,September,Tuesday,False,High,False,0.0,False
2025-09-16,WH05,S2,17,136,8904,8904,8.183823529411764,9520,93.53,0,112,1.26,97.01,266,8638,2025,9,September,Tuesday,False,Very High,True,0.0,False
2025-09-16,WH05,S3,14,112,6064,12128,6.767857142857143,6664,91.0,0,56,0.92,95.97,244,5820,2025,9,September,Tuesday,False,Very High,True,0.0,False
2025-09-17,WH01,S1,25,200,13984,13984,8.74,17850,78.34,0,146,1.04,94.45,776,13208,2025,9,September,Wednesday,False,High,False,0.0,False
2025-09-17,WH01,S2,24,192,10520,10520,6.848958333333333,16320,64.46,0,88,0.84,94.52,576,9944,2025,9,September,Wednesday,False,Normal,False,0.0,False
2025-09-17,WH01,S3,19,152,8584,8584,7.059210526315789,10982,78.16,0,40,0.47,96.26,321,8263,2025,9,September,Wednesday,False,High,False,0.0,False
2025-09-17,WH02,S1,30,240,16352,49056,8.516666666666667,22680,72.1,0,146,0.89,96.36,594,15758,2025,9,September,Wednesday,False,Normal,False,0.0,False
2025-09-17,WH02,S2,28,224,13832,27664,7.71875,20160,68.61,0,96,0.69,96.59,472,13360,2025,9,September,Wednesday,False,Normal,False,0.0,False
2025-09-17,WH02,S3,22,176,9072,18144,6.443181818181818,13464,67.38,0,77,0.85,95.42,415,8657,2025,9,September,Wednesday,False,Normal,False,0.0,False
2025-09-17,WH03,S1,20,160,11648,23296,9.1,12600,92.44,0,131,1.12,94.91,593,11055,2025,9,September,Wednesday,False,Very High,True,0.0,False
2025-09-17,WH03,S2,19,152,10752,10752,8.842105263157896,11400,94.32,0,99,0.92,96.26,403,10349,2025,9,September,Wednesday,False,Very High,True,0.0,False
2025-09-17,WH03,S3,15,120,6584,6584,6.858333333333333,7650,86.07,0,89,1.35,95.7,283,6301,2025,9,September,Wednesday,False,Very High,True,0.0,False
2025-09-17,WH04,S1,23,184,11144,22288,7.570652173913044,15842,70.34,0,104,0.93,95.9,457,10687,2025,9,September,Wednesday,False,Normal,False,0.0,False
2025-09-17,WH04,S2,22,176,9792,9792,6.954545454545454,14432,67.85,0,71,0.73,96.38,354,9438,2025,9,September,Wednesday,False,Normal,False,0.0,False
2025-09-17,WH04,S3,17,136,7344,14688,6.75,9479,77.48,0,44,0.6,95.79,309,7035,2025,9,September,Wednesday,False,High,False,0.0,False
2025-09-17,WH05,S1,18,144,10360,20720,8.993055555555555,10584,97.88,0,91,0.88,95.1,507,9853,2025,9,September,Wednesday,False,Very High,True,0.0,False
2025-09-17,WH05,S2,17,136,7200,7200,6.617647058823529,9520,75.63,0,79,1.1,95.84,299,6901,2025,9,September,Wednesday,False,High,False,0.0,False
2025-09-17,WH05,S3,14,112,6752,13504,7.535714285714286,6664,101.32,88,92,1.36,95.99,271,6481,2025,9,September,Wednesday,False,Over Capacity,True,1.3,False
2025-09-18,WH01,S1,25,200,14904,14904,9.315,17850,83.5,0,97,0.65,98.64,202,14702,2025,9,September,Thursday,False,High,False,0.0,False
2025-09-18,WH01,S2,24,192,10544,21088,6.864583333333333,16320,64.61,0,76,0.72,95.81,442,10102,2025,9,September,Thursday,False,Normal,False,0.0,False
2025-09-18,WH01,S3,19,152,8600,8600,7.072368421052632,10982,78.31,0,78,0.91,96.95,262,8338,2025,9,September,Thursday,False,High,False,0.0,False
2025-09-18,WH02,S1,30,240,15904,31808,8.283333333333333,22680,70.12,0,114,0.72,96.11,618,15286,2025,9,September,Thursday,False,Normal,False,0.0,False
2025-09-18,WH02,S2,28,224,16920,16920,9.441964285714286,20160,83.93,0,109,0.64,96.96,514,16406,2025,9,September,Thursday,False,High,False,0.0,False
2025-09-18,WH02,S3,22,176,10696,10696,7.596590909090909,13464,79.44,0,75,0.7,97.06,315,10381,2025,9,September,Thursday,False,High,False,0.0,False
2025-09-18,WH03,S1,20,160,12640,12640,9.875,12600,100.32,40,152,1.2,96.55,436,12204,2025,9,September,Thursday,False,Over Capacity,True,0.32,False
2025-09-18,WH03,S2,19,152,10896,32688,8.960526315789474,11400,95.58,0,122,1.12,96.16,418,10478,2025,9,September,Thursday,False,Very High,True,0.0,False
2025-09-18,WH03,S3,15,120,6488,6488,6.758333333333334,7650,84.81,0,48,0.74,95.43,297,6191,2025,9,September,Thursday,False,High,False,0.0,False
2025-09-18,WH04,S1,23,184,12832,12832,8.717391304347826,15842,81.0,0,82,0.64,95.53,573,12259,2025,9,September,Thursday,False,High,False,0.0,False
2025-09-18,WH04,S2,22,176,9832,9832,6.982954545454546,14432,68.13,0,77,0.78,97.02,293,9539,2025,9,September,Thursday,False,Normal,False,0.0,False
2025-09-18,WH04,S3,17,136,6776,20328,6.227941176470588,9479,71.48,0,69,1.02,95.58,299,6477,2025,9,September,Thursday,False,Normal,False,0.0,False
2025-09-18,WH05,S1,18,144,9488,9488,8.23611111111111,10584,89.64,0,69,0.73,96.58,324,9164,2025,9,September,Thursday,False,Very High,True,0.0,False
2025-09-18,WH05,S2,17,136,7904,23712,7.264705882352941,9520,83.03,0,75,0.95,96.02,315,7589,2025,9,September,Thursday,False,High,False,0.0,False
2025-09-18,WH05,S3,14,112,5000,5000,5.580357142857143,6664,75.03,0,36,0.72,96.5,175,4825,2025,9,September,Thursday,False,High,False,0.0,False
2025-09-19,WH01,S1,25,200,13576,27152,8.485,17850,76.06,0,85,0.63,95.65,591,12985,2025,9,September,Friday,False,High,False,0.0,False
2025-09-19,WH01,S2,24,192,13616,13616,8.864583333333334,16320,83.43,0,110,0.81,96.86,428,13188,2025,9,September,Friday,False,High,False,0.0,False
2025-09-19,WH01,S3,19,152,8216,8216,6.756578947368421,10982,74.81,0,78,0.95,98.62,114,8102,2025,9,September,Friday,False,Normal,False,0.0,False
2025-09-19,WH02,S1,30,240,20160,40320,10.5,22680,88.89,0,204,1.01,96.39,727,19433,2025,9,September,Friday,False,Very High,True,0.0,False
2025-09-19,WH02,S2,28,224,16784,16784,9.366071428571429,20160,83.25,0,155,0.92,94.17,979,15805,2025,9,September,Friday,False,High,False,0.0,False
2025-09-19,WH02,S3,22,176,11752,11752,8.346590909090908,13464,87.28,0,142,1.21,97.03,349,11403,2025,9,September,Friday,False,Very High,True,0.0,False
2025-09-19,WH03,S1,20,160,13288,26576,10.38125,12600,105.46,688,111,0.84,90.0,1328,11960,2025,9,September,Friday,False,Over Capacity,True,5.18,True
2025-09-19,WH03,S2,19,152,9936,9936,8.171052631578947,11400,87.16,0,121,1.22,96.73,325,9611,2025,9,September,Friday,False,Very High,True,0.0,False
2025-09-19,WH03,S3,15,120,8024,8024,8.358333333333333,7650,104.89,374,85,1.06,91.73,664,7360,2025,9,September,Friday,False,Over Capacity,True,4.66,True
2025-09-19,WH04,S1,23,184,12448,12448,8.456521739130435,15842,78.58,0,82,0.66,97.36,329,12119,2025,9,September,Friday,False,High,False,0.0,False
2025-09-19,WH04,S2,22,176,12128,24256,8.613636363636363,14432,84.04,0,115,0.95,95.91,496,11632,2025,9,September,Friday,False,High,False,0.0,False
2025-09-19,WH04,S3,17,136,8520,8520,7.830882352941177,9479,89.88,0,99,1.16,96.66,285,8235,2025,9,September,Friday,False,Very High,True,0.0,False
2025-09-19,WH05,S1,18,144,8720,17440,7.569444444444445,10584,82.39,0,80,0.92,96.47,308,8412,2025,9,September,Friday,False,High,False,0.0,False
2025-09-19,WH05,S2,17,136,9432,9432,8.669117647058824,9520,99.08,0,108,1.15,97.54,232,9200,2025,9,September,Friday,False,Very High,True,0.0,False
2025-09-19,WH05,S3,14,112,6280,12560,7.008928571428571,6664,94.24,0,64,1.02,95.19,302,5978,2025,9,September,Friday,False,Very High,True,0.0,False
2025-09-20,WH01,S1,25,200,7488,7488,4.68,17850,41.95,0,65,0.87,94.4,419,7069,2025,9,September,Saturday,False,Low,False,0.0,False
2025-09-20,WH01,S2,24,192,8016,8016,5.21875,16320,49.12,0,49,0.61,96.25,301,7715,2025,9,September,Saturday,False,Low,False,0.0,False
2025-09-20,WH01,S3,19,152,6248,12496,5.1381578947368425,10982,56.89,0,55,0.88,93.51,406,5842,2025,9,September,Saturday,False,Low,False,0.0,False
2025-09-20,WH02,S1,30,240,10352,20704,5.391666666666667,22680,45.64,0,92,0.89,95.63,452,9900,2025,9,September,Saturday,False,Low,False,0.0,False
2025-09-20,WH02,S2,28,224,9032,27096,5.040178571428571,20160,44.8,0,68,0.75,96.77,292,8740,2025,9,September,Saturday,False,Low,False,0.0,False
2025-09-20,WH02,S3,22,176,5952,5952,4.227272727272728,13464,44.21,0,38,0.64,98.06,115,5837,2025,9,September,Saturday,False,Low,False,0.0,False
2025-09-20,WH03,S1,20,160,7560,7560,5.90625,12600,60.0,0,62,0.82,95.23,361,7199,2025,9,September,Saturday,False,Normal,False,0.0,False
2025-09-20,WH03,S2,19,152,7392,7392,6.078947368421052,11400,64.84,0,66,0.89,95.57,327,7065,2025,9,September,Saturday,False,Normal,False,0.0,False
2025-09-20,WH03,S3,15,120,4160,12480,4.333333333333333,7650,54.38,0,27,0.65,94.26,239,3921,2025,9,September,Saturday,False,Low,False,0.0,False
2025-09-20,WH04,S1,23,184,6280,12560,4.266304347826087,15842,39.64,0,44,0.7,97.23,174,6106,2025,9,September,Saturday,False,Low,False,0.0,False
2025-09-20,WH04,S2,22,176,7056,7056,5.011363636363637,14432,48.89,0,54,0.77,95.78,298,6758,2025,9,September,Saturday,False,Low,False,0.0,False
2025-09-20,WH04,S3,17,136,4768,14304,4.382352941176471,9479,50.3,0,43,0.9,97.46,121,4647,2025,9,September,Saturday,False,Low,False,0.0,False
2025-09-20,WH05,S1,18,144,6696,6696,5.8125,10584,63.27,0,52,0.78,95.17,323,6373,2025,9,September,Saturday,False,Normal,False,0.0,False
2025-09-20,WH05,S2,17,136,4832,4832,4.441176470588236,9520,50.76,0,38,0.79,96.84,153,4679,2025,9,September,Saturday,False,Low,False,0.0,False
2025-09-20,WH05,S3,14,112,4064,4064,4.535714285714286,6664,60.98,0,38,0.94,94.84,210,3854,2025,9,September,Saturday,False,Normal,False,0.0,False
2025-09-21,WH01,S1,25,200,8264,16528,5.165,17850,46.3,0,61,0.74,95.41,380,7884,2025,9,September,Sunday,True,Low,False,0.0,False
2025-09-21,WH01,S2,24,192,7056,7056,4.59375,16320,43.24,0,65,0.92,96.17,270,6786,2025,9,September,Sunday,True,Low,False,0.0,False
2025-09-21,WH01,S3,19,152,4096,12288,3.3684210526315788,10982,37.3,0,38,0.93,95.28,193,3903,2025,9,September,Sunday,True,Low,False,0.0,False
2025-09-21,WH02,S1,30,240,8520,8520,4.4375,22680,37.57,0,67,0.79,95.43,389,8131,2025,9,September,Sunday,True,Low,False,0.0,False
2025-09-21,WH02,S2,28,224,7024,7024,3.919642857142857,20160,34.84,0,60,0.85,95.9,288,6736,2025,9,September,Sunday,True,Low,False,0.0,False
2025-09-21,WH02,S3,22,176,5472,5472,3.886363636363636,13464,40.64,0,62,1.13,95.66,238,5234,2025,9,September,Sunday,True,Low,False,0.0,False
2025-09-21,WH03,S1,20,160,5536,5536,4.325,12600,43.94,0,63,1.14,96.45,197,5339,2025,9,September,Sunday,True,Low,False,0.0,False
2025-09-21,WH03,S2,19,152,5800,17400,4.769736842105263,11400,50.88,0,46,0.79,95.97,234,5566,2025,9,September,Sunday,True,Low,False,0.0,False
2025-09-21,WH03,S3,15,120,3584,10752,3.733333333333333,7650,46.85,0,29,0.81,94.5,197,3387,2025,9,September,Sunday,True,Low,False,0.0,False
2025-09-21,WH04,S1,23,184,7024,21072,4.771739130434782,15842,44.34,0,67,0.95,96.01,280,6744,2025,9,September,Sunday,True,Low,False,0.0,False
2025-09-21,WH04,S2,22,176,6544,6544,4.6477272727272725,14432,45.34,0,56,0.86,96.23,246,6298,2025,9,September,Sunday,True,Low,False,0.0,False
2025-09-21,WH04,S3,17,136,4264,8528,3.919117647058824,9479,44.98,0,31,0.73,95.85,177,4087,2025,9,September,Sunday,True,Low,False,0.0,False
2025-09-21,WH05,S1,18,144,5440,16320,4.722222222222222,10584,51.4,0,42,0.77,96.29,202,5238,2025,9,September,Sunday,True,Low,False,0.0,False
2025-09-21,WH05,S2,17,136,5272,5272,4.845588235294118,9520,55.38,0,41,0.78,96.44,188,5084,2025,9,September,Sunday,True,Low,False,0.0,False
2025-09-21,WH05,S3,14,112,3768,3768,4.205357142857143,6664,56.54,0,25,0.66,96.75,122,3646,2025,9,September,Sunday,True,Low,False,0.0,False
2025-09-22,WH01,S1,25,200,14064,14064,8.79,17850,78.79,0,104,0.74,97.11,406,13658,2025,9,September,Monday,False,High,False,0.0,False
2025-09-22,WH01,S2,24,192,11640,11640,7.578125,16320,71.32,0,74,0.64,94.73,614,11026,2025,9,September,Monday,False,Normal,False,0.0,False
2025-09-22,WH01,S3,19,152,8120,16240,6.677631578947368,10982,73.94,0,87,1.07,95.23,387,7733,2025,9,September,Monday,False,Normal,False,0.0,False
2025-09-22,WH02,S1,30,240,14320,14320,7.458333333333333,22680,63.14,0,118,0.82,96.59,488,13832,2025,9,September,Monday,False,Normal,False,0.0,False
2025-09-22,WH02,S2,28,224,17376,17376,9.696428571428571,20160,86.19,0,165,0.95,95.62,761,16615,2025,9,September,Monday,False,Very High,True,0.0,False
2025-09-22,WH02,S3,22,176,8632,17264,6.130681818181818,13464,64.11,0,82,0.95,96.66,288,8344,2025,9,September,Monday,False,Normal,False,0.0,False
2025-09-22,WH03,S1,20,160,12408,12408,9.69375,12600,98.48,0,150,1.21,95.02,618,11790,2025,9,September,Monday,False,Very High,True,0.0,False
2025-09-22,WH03,S2,19,152,11792,23584,9.697368421052632,11400,103.44,392,129,1.09,93.19,803,10989,2025,9,September,Monday,False,Over Capacity,True,3.32,True
2025-09-22,WH03,S3,15,120,6992,6992,7.283333333333333,7650,91.4,0,80,1.14,95.5,315,6677,2025,9,September,Monday,False,Very High,True,0.0,False
2025-09-22,WH04,S1,23,184,12520,25040,8.505434782608695,15842,79.03,0,88,0.7,96.63,421,12099,2025,9,September,Monday,False,High,False,0.0,False
2025-09-22,WH04,S2,22,176,12056,12056,8.5625,14432,83.54,0,92,0.76,95.91,493,11563,2025,9,September,Monday,False,High,False,0.0,False
2025-09-22,WH04,S3,17,136,8696,17392,7.992647058823529,9479,91.74,0,107,1.23,95.38,401,8295,2025,9,September,Monday,False,Very High,True,0.0,False
2025-09-22,WH05,S1,18,144,10464,20928,9.083333333333334,10584,98.87,0,104,0.99,96.5,366,10098,2025,9,September,Monday,False,Very High,True,0.0,False
2025-09-22,WH05,S2,17,136,7784,23352,7.154411764705882,9520,81.76,0,55,0.71,95.3,366,7418,2025,9,September,Monday,False,High,False,0.0,False
2025-09-22,WH05,S3,14,112,5264,10528,5.875,6664,78.99,0,51,0.97,95.35,245,5019,2025,9,September,Monday,False,High,False,0.0,False
2025-09-23,WH01,S1,25,200,12392,24784,7.745,17850,69.42,0,97,0.78,97.31,333,12059,2025,9,September,Tuesday,False,Normal,False,0.0,False
2025-09-23,WH01,S2,24,192,11824,11824,7.697916666666667,16320,72.45,0,102,0.86,95.91,484,11340,2025,9,September,Tuesday,False,Normal,False,0.0,False
2025-09-23,WH01,S3,19,152,8112,8112,6.671052631578948,10982,73.87,0,43,0.53,97.79,179,7933,2025,9,September,Tuesday,False,Normal,False,0.0,False
2025-09-23,WH02,S1,30,240,17416,17416,9.070833333333333,22680,76.79,0,123,0.71,96.23,657,16759,2025,9,September,Tuesday,False,High,False,0.0,False
2025-09-23,WH02,S2,28,224,13736,13736,7.665178571428571,20160,68.13,0,142,1.03,97.32,368,13368,2025,9,September,Tuesday,False,Normal,False,0.0,False
2025-09-23,WH02,S3,22,176,10528,31584,7.477272727272727,13464,78.19,0,97,0.92,94.46,584,9944,2025,9,September,Tuesday,False,High,False,0.0,False
2025-09-23,WH03,S1,20,160,12952,12952,10.11875,12600,102.79,352,145,1.12,92.82,930,12022,2025,9,September,Tuesday,False,Over Capacity,True,2.72,True
2025-09-23,WH03,S2,19,152,9480,18960,7.796052631578948,11400,83.16,0,53,0.56,95.43,433,9047,2025,9,September,Tuesday,False,High,False,0.0,False
2025-09-23,WH03,S3,15,120,7648,22944,7.966666666666667,7650,99.97,0,83,1.09,94.6,413,7235,2025,9,September,Tuesday,False,Very High,True,0.0,False
2025-09-23,WH04,S1,23,184,12520,12520,8.505434782608695,15842,79.03,0,99,0.79,93.58,804,11716,2025,9,September,Tuesday,False,High,False,0.0,False
2025-09-23,WH04,S2,22,176,10592,31776,7.522727272727272,14432,73.39,0,74,0.7,95.95,429,10163,2025,9,September,Tuesday,False,Normal,False,0.0,False
2025-09-23,WH04,S3,17,136,7432,22296,6.830882352941177,9479,78.4,0,60,0.81,96.55,257,7175,2025,9,September,Tuesday,False,High,False,0.0,False
2025-09-23,WH05,S1,18,144,9760,19520,8.472222222222221,10584,92.21,0,134,1.37,99.0,98,9662,2025,9,September,Tuesday,False,Very High,True,0.0,False
2025-09-23,WH05,S2,17,136,8320,8320,7.647058823529412,9520,87.39,0,100,1.2,96.03,330,7990,2025,9,September,Tuesday,False,Very High,True,0.0,False
2025-09-23,WH05,S3,14,112,5096,10192,5.6875,6664,76.47,0,41,0.8,95.95,206,4890,2025,9,September,Tuesday,False,High,False,0.0,False
2025-09-24,WH01,S1,25,200,13744,13744,8.59,17850,77.0,0,154,1.12,97.16,391,13353,2025,9,September,Wednesday,False,High,False,0.0,False
2025-09-24,WH01,S2,24,192,12024,24048,7.828125,16320,73.68,0,102,0.85,96.2,457,11567,2025,9,September,Wednesday,False,Normal,False,0.0,False
2025-09-24,WH01,S3,19,152,7552,15104,6.2105263157894735,10982,68.77,0,50,0.66,94.99,378,7174,2025,9,September,Wednesday,False,Normal,False,0.0,False
2025-09-24,WH02,S1,30,240,16608,16608,8.65,22680,73.23,0,118,0.71,96.07,652,15956,2025,9,September,Wednesday,False,Normal,False,0.0,False
2025-09-24,WH02,S2,28,224,13920,13920,7.767857142857143,20160,69.05,0,107,0.77,96.83,441,13479,2025,9,September,Wednesday,False,Normal,False,0.0,False
2025-09-24,WH02,S3,22,176,10256,30768,7.284090909090909,13464,76.17,0,73,0.71,96.55,354,9902,2025,9,September,Wednesday,False,High,False,0.0,False
2025-09-24,WH03,S1,20,160,11232,22464,8.775,12600,89.14,0,110,0.98,98.0,224,11008,2025,9,September,Wednesday,False,Very High,True,0.0,False
2025-09-24,WH03,S2,19,152,10504,10504,8.638157894736842,11400,92.14,0,67,0.64,94.4,589,9915,2025,9,September,Wednesday,False,Very High,True,0.0,False
2025-09-24,WH03,S3,15,120,5944,5944,6.191666666666666,7650,77.7,0,56,0.94,95.97,239,5705,2025,9,September,Wednesday,False,High,False,0.0,False
2025-09-24,WH04,S1,23,184,11544,23088,7.842391304347826,15842,72.87,0,71,0.62,95.66,500,11044,2025,9,September,Wednesday,False,Normal,False,0.0,False
2025-09-24,WH04,S2,22,176,9712,9712,6.8977272727272725,14432,67.29,0,67,0.69,96.32,358,9354,2025,9,September,Wednesday,False,Normal,False,0.0,False
2025-09-24,WH04,S3,17,136,7432,14864,6.830882352941177,9479,78.4,0,57,0.77,96.85,234,7198,2025,9,September,Wednesday,False,High,False,0.0,False
2025-09-24,WH05,S1,18,144,9096,9096,7.895833333333333,10584,85.94,0,122,1.34,96.97,276,8820,2025,9,September,Wednesday,False,Very High,True,0.0,False
2025-09-24,WH05,S2,17,136,8448,8448,7.764705882352941,9520,88.74,0,109,1.29,95.64,369,8079,2025,9,September,Wednesday,False,Very High,True,0.0,False
2025-09-24,WH05,S3,14,112,4824,9648,5.383928571428571,6664,72.39,0,44,0.91,94.62,260,4564,2025,9,September,Wednesday,False,Normal,False,0.0,False
2025-09-25,WH01,S1,25,200,13208,13208,8.255,17850,73.99,0,82,0.62,95.61,579,12629,2025,9,September,Thursday,False,Normal,False,0.0,False
2025-09-25,WH01,S2,24,192,11696,11696,7.614583333333333,16320,71.67,0,122,1.04,97.1,339,11357,2025,9,September,Thursday,False,Normal,False,0.0,False
2025-09-25,WH01,S3,19,152,9592,9592,7.888157894736842,10982,87.34,0,128,1.33,95.43,439,9153,2025,9,September,Thursday,False,Very High,True,0.0,False
2025-09-25,WH02,S1,30,240,17824,17824,9.283333333333331,22680,78.59,0,141,0.79,95.12,869,16955,2025,9,September,Thursday,False,High,False,0.0,False
2025-09-25,WH02,S2,28,224,14712,14712,8.209821428571429,20160,72.98,0,145,0.99,97.73,334,14378,2025,9,September,Thursday,False,Normal,False,0.0,False
2025-09-25,WH02,S3,22,176,10696,10696,7.596590909090909,13464,79.44,0,83,0.78,97.0,321,10375,2025,9,September,Thursday,False,High,False,0.0,False
2025-09-25,WH03,S1,20,160,10752,21504,8.4,12600,85.33,0,138,1.28,97.42,277,10475,2025,9,September,Thursday,False,Very High,True,0.0,False
2025-09-25,WH03,S2,19,152,11656,23312,9.585526315789474,11400,102.25,256,115,0.99,91.74,963,10693,2025,9,September,Thursday,False,Over Capacity,True,2.2,True
2025-09-25,WH03,S3,15,120,8080,8080,8.416666666666666,7650,105.62,430,95,1.18,91.07,722,7358,2025,9,September,Thursday,False,Over Capacity,True,5.32,True
2025-09-25,WH04,S1,23,184,13144,26288,8.929347826086957,15842,82.97,0,96,0.73,96.04,520,12624,2025,9,September,Thursday,False,High,False,0.0,False
2025-09-25,WH04,S2,22,176,10960,21920,7.784090909090909,14432,75.94,0,97,0.89,95.71,470,10490,2025,9,September,Thursday,False,High,False,0.0,False
2025-09-25,WH04,S3,17,136,8024,8024,7.375,9479,84.65,0,64,0.8,95.79,337,7687,2025,9,September,Thursday,False,High,False,0.0,False
2025-09-25,WH05,S1,18,144,9712,19424,8.430555555555555,10584,91.76,0,105,1.08,96.61,330,9382,2025,9,September,Thursday,False,Very High,True,0.0,False
2025-09-25,WH05,S2,17,136,8752,8752,8.044117647058824,9520,91.93,0,69,0.79,95.91,358,8394,2025,9,September,Thursday,False,Very High,True,0.0,False
2025-09-25,WH05,S3,14,112,5168,5168,5.767857142857143,6664,77.55,0,45,0.87,94.26,297,4871,2025,9,September,Thursday,False,High,False,0.0,False
2025-09-26,WH01,S1,25,200,14968,14968,9.355,17850,83.85,0,105,0.7,95.75,636,14332,2025,9,September,Friday,False,High,False,0.0,False
2025-09-26,WH01,S2,24,192,12728,25456,8.286458333333334,16320,77.99,0,106,0.83,97.01,380,12348,2025,9,September,Friday,False,High,False,0.0,False
2025-09-26,WH01,S3,19,152,8216,8216,6.756578947368421,10982,74.81,0,57,0.69,95.93,334,7882,2025,9,September,Friday,False,Normal,False,0.0,False
2025-09-26,WH02,S1,30,240,16632,33264,8.6625,22680,73.33,0,126,0.76,96.71,547,16085,2025,9,September,Friday,False,Normal,False,0.0,False
2025-09-26,WH02,S2,28,224,14080,14080,7.857142857142857,20160,69.84,0,103,0.73,94.94,712,13368,2025,9,September,Friday,False,Normal,False,0.0,False
2025-09-26,WH02,S3,22,176,10784,10784,7.659090909090909,13464,80.1,0,74,0.69,95.51,484,10300,2025,9,September,Friday,False,High,False,0.0,False
2025-09-26,WH03,S1,20,160,13160,26320,10.28125,12600,104.44,560,123,0.93,89.75,1348,11812,2025,9,September,Friday,False,Over Capacity,True,4.26,True
2025-09-26,WH03,S2,19,152,11792,35376,9.697368421052632,11400,103.44,392,108,0.92,91.73,975,10817,2025,9,September,Friday,False,Over Capacity,True,3.32,True
2025-09-26,WH03,S3,15,120,7816,23448,8.141666666666667,7650,102.17,166,59,0.75,96.28,291,7525,2025,9,September,Friday,False,Over Capacity,True,2.12,False
2025-09-26,WH04,S1,23,184,14896,29792,10.119565217391305,15842,94.03,0,243,1.63,96.99,448,14448,2025,9,September,Friday,False,Very High,True,0.0,False
2025-09-26,WH04,S2,22,176,10600,21200,7.528409090909091,14432,73.45,0,86,0.81,96.06,417,10183,2025,9,September,Friday,False,Normal,False,0.0,False
2025-09-26,WH04,S3,17,136,7936,15872,7.294117647058823,9479,83.72,0,79,1.0,95.06,392,7544,2025,9,September,Friday,False,High,False,0.0,False
2025-09-26,WH05,S1,18,144,10040,20080,8.715277777777779,10584,94.86,0,122,1.22,95.88,414,9626,2025,9,September,Friday,False,Very High,True,0.0,False
2025-09-26,WH05,S2,17,136,8600,8600,7.904411764705882,9520,90.34,0,109,1.27,96.87,269,8331,2025,9,September,Friday,False,Very High,True,0.0,False
2025-09-26,WH05,S3,14,112,6552,13104,7.3125,6664,98.32,0,52,0.79,94.12,385,6167,2025,9,September,Friday,False,Very High,True,0.0,False
2025-09-27,WH01,S1,25,200,8344,8344,5.215,17850,46.75,0,47,0.56,95.88,344,8000,2025,9,September,Saturday,False,Low,False,0.0,False
2025-09-27,WH01,S2,24,192,8752,17504,5.697916666666667,16320,53.63,0,73,0.83,95.66,380,8372,2025,9,September,Saturday,False,Low,False,0.0,False
2025-09-27,WH01,S3,19,152,4912,9824,4.039473684210527,10982,44.73,0,55,1.12,95.43,225,4687,2025,9,September,Saturday,False,Low,False,0.0,False
2025-09-27,WH02,S1,30,240,10928,10928,5.691666666666666,22680,48.18,0,82,0.75,95.0,547,10381,2025,9,September,Saturday,False,Low,False,0.0,False
2025-09-27,WH02,S2,28,224,8976,26928,5.008928571428571,20160,44.52,0,78,0.87,95.4,413,8563,2025,9,September,Saturday,False,Low,False,0.0,False
2025-09-27,WH02,S3,22,176,5496,10992,3.903409090909091,13464,40.82,0,44,0.8,95.39,254,5242,2025,9,September,Saturday,False,Low,False,0.0,False
2025-09-27,WH03,S1,20,160,7624,7624,5.95625,12600,60.51,0,54,0.71,96.63,257,7367,2025,9,September,Saturday,False,Normal,False,0.0,False
2025-09-27,WH03,S2,19,152,5840,5840,4.802631578947368,11400,51.23,0,40,0.68,96.61,198,5642,2025,9,September,Saturday,False,Low,False,0.0,False
2025-09-27,WH03,S3,15,120,5040,5040,5.25,7650,65.88,0,32,0.63,94.3,287,4753,2025,9,September,Saturday,False,Normal,False,0.0,False
2025-09-27,WH04,S1,23,184,8360,16720,5.679347826086956,15842,52.77,0,77,0.92,95.55,372,7988,2025,9,September,Saturday,False,Low,False,0.0,False
2025-09-27,WH04,S2,22,176,7768,15536,5.517045454545454,14432,53.82,0,58,0.75,94.82,402,7366,2025,9,September,Saturday,False,Low,False,0.0,False
2025-09-27,WH04,S3,17,136,3560,3560,3.272058823529412,9479,37.56,0,30,0.84,96.5,125,3435,2025,9,September,Saturday,False,Low,False,0.0,False
2025-09-27,WH05,S1,18,144,5776,5776,5.013888888888889,10584,54.57,0,53,0.92,95.59,255,5521,2025,9,September,Saturday,False,Low,False,0.0,False
2025-09-27,WH05,S2,17,136,5440,10880,5.0,9520,57.14,0,41,0.75,96.95,166,5274,2025,9,September,Saturday,False,Low,False,0.0,False
2025-09-27,WH05,S3,14,112,4000,4000,4.464285714285714,6664,60.02,0,32,0.8,96.17,153,3847,2025,9,September,Saturday,False,Normal,False,0.0,False
2025-09-28,WH01,S1,25,200,6544,6544,4.09,17850,36.66,0,44,0.67,94.59,354,6190,2025,9,September,Sunday,True,Low,False,0.0,False
2025-09-28,WH01,S2,24,192,6520,13040,4.244791666666667,16320,39.95,0,48,0.74,96.56,224,6296,2025,9,September,Sunday,True,Low,False,0.0,False
2025-09-28,WH01,S3,19,152,4400,4400,3.6184210526315783,10982,40.07,0,32,0.73,95.65,191,4209,2025,9,September,Sunday,True,Low,False,0.0,False
2025-09-28,WH02,S1,30,240,8032,16064,4.183333333333334,22680,35.41,0,59,0.73,95.69,346,7686,2025,9,September,Sunday,True,Low,False,0.0,False
2025-09-28,WH02,S2,28,224,7664,15328,4.276785714285714,20160,38.02,0,72,0.94,96.12,297,7367,2025,9,September,Sunday,True,Low,False,0.0,False
2025-09-28,WH02,S3,22,176,5064,10128,3.596590909090909,13464,37.61,0,39,0.77,96.05,200,4864,2025,9,September,Sunday,True,Low,False,0.0,False
2025-09-28,WH03,S1,20,160,6000,12000,4.6875,12600,47.62,0,58,0.97,97.78,133,5867,2025,9,September,Sunday,True,Low,False,0.0,False
2025-09-28,WH03,S2,19,152,5768,11536,4.743421052631579,11400,50.6,0,42,0.73,96.22,218,5550,2025,9,September,Sunday,True,Low,False,0.0,False
2025-09-28,WH03,S3,15,120,3568,3568,3.716666666666667,7650,46.64,0,30,0.84,95.61,157,3411,2025,9,September,Sunday,True,Low,False,0.0,False
2025-09-28,WH04,S1,23,184,5992,11984,4.070652173913044,15842,37.82,0,49,0.82,95.19,288,5704,2025,9,September,Sunday,True,Low,False,0.0,False
2025-09-28,WH04,S2,22,176,6040,6040,4.289772727272728,14432,41.85,0,50,0.83,96.09,236,5804,2025,9,September,Sunday,True,Low,False,0.0,False
2025-09-28,WH04,S3,17,136,4504,4504,4.139705882352941,9479,47.52,0,25,0.56,95.41,207,4297,2025,9,September,Sunday,True,Low,False,0.0,False
2025-09-28,WH05,S1,18,144,5008,15024,4.347222222222222,10584,47.32,0,37,0.74,95.51,225,4783,2025,9,September,Sunday,True,Low,False,0.0,False
2025-09-28,WH05,S2,17,136,4112,4112,3.779411764705882,9520,43.19,0,38,0.92,96.16,158,3954,2025,9,September,Sunday,True,Low,False,0.0,False
2025-09-28,WH05,S3,14,112,3472,3472,3.875,6664,52.1,0,25,0.72,97.16,99,3373,2025,9,September,Sunday,True,Low,False,0.0,False
2025-09-29,WH01,S1,25,200,16456,16456,10.285,17850,92.19,0,170,1.03,95.63,719,15737,2025,9,September,Monday,False,Very High,True,0.0,False
2025-09-29,WH01,S2,24,192,12408,12408,8.078125,16320,76.03,0,98,0.79,97.94,256,12152,2025,9,September,Monday,False,High,False,0.0,False
2025-09-29,WH01,S3,19,152,8896,8896,7.315789473684211,10982,81.01,0,67,0.75,97.15,254,8642,2025,9,September,Monday,False,High,False,0.0,False
2025-09-29,WH02,S1,30,240,13024,39072,6.783333333333333,22680,57.43,0,92,0.71,95.49,588,12436,2025,9,September,Monday,False,Low,False,0.0,False
2025-09-29,WH02,S2,28,224,16152,16152,9.013392857142858,20160,80.12,0,152,0.94,96.76,524,15628,2025,9,September,Monday,False,High,False,0.0,False
2025-09-29,WH02,S3,22,176,9856,9856,7.0,13464,73.2,0,82,0.83,94.88,505,9351,2025,9,September,Monday,False,Normal,False,0.0,False
2025-09-29,WH03,S1,20,160,13104,13104,10.2375,12600,104.0,504,162,1.24,89.61,1362,11742,2025,9,September,Monday,False,Over Capacity,True,3.85,True
2025-09-29,WH03,S2,19,152,10320,20640,8.486842105263158,11400,90.53,0,135,1.31,94.28,590,9730,2025,9,September,Monday,False,Very High,True,0.0,False
2025-09-29,WH03,S3,15,120,6600,6600,6.875,7650,86.27,0,78,1.18,95.42,302,6298,2025,9,September,Monday,False,Very High,True,0.0,False
2025-09-29,WH04,S1,23,184,11072,11072,7.521739130434782,15842,69.89,0,105,0.95,94.35,625,10447,2025,9,September,Monday,False,Normal,False,0.0,False
2025-09-29,WH04,S2,22,176,12368,12368,8.784090909090908,14432,85.7,0,101,0.82,94.42,690,11678,2025,9,September,Monday,False,Very High,True,0.0,False
2025-09-29,WH04,S3,17,136,8672,8672,7.970588235294118,9479,91.49,0,94,1.08,96.38,314,8358,2025,9,September,Monday,False,Very High,True,0.0,False
2025-09-29,WH05,S1,18,144,8168,16336,7.090277777777778,10584,77.17,0,59,0.72,95.66,354,7814,2025,9,September,Monday,False,High,False,0.0,False
2025-09-29,WH05,S2,17,136,10312,10312,9.477941176470589,9520,108.32,792,56,0.54,88.88,1146,9166,2025,9,September,Monday,False,Over Capacity,True,7.68,True
2025-09-29,WH05,S3,14,112,6128,6128,6.839285714285714,6664,91.96,0,86,1.4,95.42,280,5848,2025,9,September,Monday,False,Very High,True,0.0,False
2025-09-30,WH01,S1,25,200,14048,42144,8.78,17850,78.7,0,125,0.89,95.49,634,13414,2025,9,September,Tuesday,False,High,False,0.0,False
2025-09-30,WH01,S2,24,192,11248,22496,7.322916666666667,16320,68.92,0,97,0.86,97.05,331,10917,2025,9,September,Tuesday,False,Normal,False,0.0,False
2025-09-30,WH01,S3,19,152,7320,14640,6.019736842105263,10982,66.65,0,70,0.96,95.59,323,6997,2025,9,September,Tuesday,False,Normal,False,0.0,False
2025-09-30,WH02,S1,30,240,17232,34464,8.975,22680,75.98,0,150,0.87,95.56,764,16468,2025,9,September,Tuesday,False,High,False,0.0,False
2025-09-30,WH02,S2,28,224,12128,12128,6.767857142857143,20160,60.16,0,88,0.73,95.42,556,11572,2025,9,September,Tuesday,False,Normal,False,0.0,False
2025-09-30,WH02,S3,22,176,8464,16928,6.011363636363637,13464,62.86,0,54,0.64,97.86,181,8283,2025,9,September,Tuesday,False,Normal,False,0.0,False
2025-09-30,WH03,S1,20,160,11240,22480,8.78125,12600,89.21,0,93,0.83,96.35,410,10830,2025,9,September,Tuesday,False,Very High,True,0.0,False
2025-09-30,WH03,S2,19,152,9328,18656,7.671052631578948,11400,81.82,0,82,0.88,97.32,250,9078,2025,9,September,Tuesday,False,High,False,0.0,False
2025-09-30,WH03,S3,15,120,7856,15712,8.183333333333334,7650,102.69,206,67,0.85,90.38,755,7101,2025,9,September,Tuesday,False,Over Capacity,True,2.62,True
2025-09-30,WH04,S1,23,184,12432,12432,8.445652173913043,15842,78.47,0,103,0.83,96.23,468,11964,2025,9,September,Tuesday,False,High,False,0.0,False
2025-09-30,WH04,S2,22,176,11080,11080,7.869318181818182,14432,76.77,0,79,0.71,97.9,232,10848,2025,9,September,Tuesday,False,High,False,0.0,False
2025-09-30,WH04,S3,17,136,8264,8264,7.595588235294118,9479,87.18,0,92,1.11,96.21,313,7951,2025,9,September,Tuesday,False,Very High,True,0.0,False
2025-09-30,WH05,S1,18,144,8648,8648,7.506944444444445,10584,81.71,0,61,0.71,95.17,417,8231,2025,9,September,Tuesday,False,High,False,0.0,False
2025-09-30,WH05,S2,17,136,8160,8160,7.5,9520,85.71,0,77,0.94,96.27,304,7856,2025,9,September,Tuesday,False,Very High,True,0.0,False
2025-09-30,WH05,S3,14,112,6136,6136,6.848214285714286,6664,92.08,0,79,1.29,95.39,283,5853,2025,9,September,Tuesday,False,Very High,True,0.0,False
2025-10-01,WH01,S1,25,200,12592,25184,7.87,17850,70.54,0,115,0.91,94.18,732,11860,2025,10,October,Wednesday,False,Normal,False,0.0,False
2025-10-01,WH01,S2,24,192,13304,26608,8.661458333333334,16320,81.52,0,100,0.75,95.31,624,12680,2025,10,October,Wednesday,False,High,False,0.0,False
2025-10-01,WH01,S3,19,152,9736,29208,8.006578947368421,10982,88.65,0,111,1.14,95.34,453,9283,2025,10,October,Wednesday,False,Very High,True,0.0,False
2025-10-01,WH02,S1,30,240,16456,16456,8.570833333333333,22680,72.56,0,134,0.81,96.54,570,15886,2025,10,October,Wednesday,False,Normal,False,0.0,False
2025-10-01,WH02,S2,28,224,16648,33296,9.290178571428571,20160,82.58,0,156,0.94,95.57,737,15911,2025,10,October,Wednesday,False,High,False,0.0,False
2025-10-01,WH02,S3,22,176,9336,9336,6.630681818181818,13464,69.34,0,47,0.5,96.88,292,9044,2025,10,October,Wednesday,False,Normal,False,0.0,False
2025-10-01,WH03,S1,20,160,9112,9112,7.11875,12600,72.32,0,81,0.89,96.68,302,8810,2025,10,October,Wednesday,False,Normal,False,0.0,False
2025-10-01,WH03,S2,19,152,9504,9504,7.815789473684211,11400,83.37,0,78,0.82,97.52,236,9268,2025,10,October,Wednesday,False,High,False,0.0,False
2025-10-01,WH03,S3,15,120,6368,6368,6.633333333333334,7650,83.24,0,46,0.72,96.52,222,6146,2025,10,October,Wednesday,False,High,False,0.0,False
2025-10-01,WH04,S1,23,184,13416,40248,9.11413043478261,15842,84.69,0,114,0.85,94.95,678,12738,2025,10,October,Wednesday,False,High,False,0.0,False
2025-10-01,WH04,S2,22,176,10568,10568,7.505681818181818,14432,73.23,0,59,0.56,96.42,378,10190,2025,10,October,Wednesday,False,Normal,False,0.0,False
2025-10-01,WH04,S3,17,136,9064,27192,8.330882352941176,9479,95.62,0,75,0.83,96.36,330,8734,2025,10,October,Wednesday,False,Very High,True,0.0,False
2025-10-01,WH05,S1,18,144,9488,9488,8.23611111111111,10584,89.64,0,102,1.08,95.58,419,9069,2025,10,October,Wednesday,False,Very High,True,0.0,False
2025-10-01,WH05,S2,17,136,9144,27432,8.404411764705882,9520,96.05,0,112,1.22,96.09,358,8786,2025,10,October,Wednesday,False,Very High,True,0.0,False
2025-10-01,WH05,S3,14,112,5744,5744,6.410714285714286,6664,86.19,0,78,1.36,96.66,192,5552,2025,10,October,Wednesday,False,Very High,True,0.0,False
2025-10-02,WH01,S1,25,200,14616,14616,9.135,17850,81.88,0,124,0.85,95.82,612,14004,2025,10,October,Thursday,False,High,False,0.0,False
2025-10-02,WH01,S2,24,192,12784,25568,8.322916666666666,16320,78.33,0,81,0.63,96.05,505,12279,2025,10,October,Thursday,False,High,False,0.0,False
2025-10-02,WH01,S3,19,152,8720,17440,7.171052631578948,10982,79.4,0,65,0.75,95.8,366,8354,2025,10,October,Thursday,False,High,False,0.0,False
2025-10-02,WH02,S1,30,240,19400,19400,10.104166666666666,22680,85.54,0,281,1.45,95.07,957,18443,2025,10,October,Thursday,False,Very High,True,0.0,False
2025-10-02,WH02,S2,28,224,13624,27248,7.602678571428571,20160,67.58,0,105,0.77,97.84,295,13329,2025,10,October,Thursday,False,Normal,False,0.0,False
2025-10-02,WH02,S3,22,176,11136,11136,7.909090909090909,13464,82.71,0,59,0.53,96.82,354,10782,2025,10,October,Thursday,False,High,False,0.0,False
2025-10-02,WH03,S1,20,160,12784,25568,9.9875,12600,101.46,184,146,1.14,97.95,262,12522,2025,10,October,Thursday,False,Over Capacity,True,1.44,False
2025-10-02,WH03,S2,19,152,11680,35040,9.605263157894736,11400,102.46,280,93,0.8,91.44,1000,10680,2025,10,October,Thursday,False,Over Capacity,True,2.4,True
2025-10-02,WH03,S3,15,120,8528,8528,8.883333333333333,7650,111.48,878,101,1.18,89.13,927,7601,2025,10,October,Thursday,False,Over Capacity,True,10.3,True
2025-10-02,WH04,S1,23,184,14256,14256,9.684782608695652,15842,89.99,0,187,1.31,95.59,629,13627,2025,10,October,Thursday,False,Very High,True,0.0,False
2025-10-02,WH04,S2,22,176,11960,23920,8.494318181818182,14432,82.87,0,65,0.54,95.71,513,11447,2025,10,October,Thursday,False,High,False,0.0,False
2025-10-02,WH04,S3,17,136,8608,8608,7.911764705882353,9479,90.81,0,99,1.15,96.02,343,8265,2025,10,October,Thursday,False,Very High,True,0.0,False
2025-10-02,WH05,S1,18,144,10704,10704,9.291666666666666,10584,101.13,120,107,1.0,97.75,241,10463,2025,10,October,Thursday,False,Over Capacity,True,1.12,False
2025-10-02,WH05,S2,17,136,8640,17280,7.9411764705882355,9520,90.76,0,122,1.41,95.12,422,8218,2025,10,October,Thursday,False,Very High,True,0.0,False
2025-10-02,WH05,S3,14,112,7072,7072,7.892857142857143,6664,106.12,408,92,1.3,91.7,587,6485,2025,10,October,Thursday,False,Over Capacity,True,5.77,True
2025-10-03,WH01,S1,25,200,14512,29024,9.07,17850,81.3,0,118,0.81,96.25,545,13967,2025,10,October,Friday,False,High,False,0.0,False
2025-10-03,WH01,S2,24,192,11984,11984,7.802083333333333,16320,73.43,0,69,0.58,95.97,483,11501,2025,10,October,Friday,False,Normal,False,0.0,False
2025-10-03,WH01,S3,19,152,11328,22656,9.31578947368421,10982,103.15,346,75,0.66,91.38,977,10351,2025,10,October,Friday,False,Over Capacity,True,3.05,True
2025-10-03,WH02,S1,30,240,17552,17552,9.141666666666667,22680,77.39,0,130,0.74,95.82,733,16819,2025,10,October,Friday,False,High,False,0.0,False
2025-10-03,WH02,S2,28,224,16272,32544,9.080357142857142,20160,80.71,0,135,0.83,95.43,744,15528,2025,10,October,Friday,False,High,False,0.0,False
2025-10-03,WH02,S3,22,176,10888,10888,7.732954545454546,13464,80.87,0,80,0.73,96.06,429,10459,2025,10,October,Friday,False,High,False,0.0,False
2025-10-03,WH03,S1,20,160,14664,29328,11.45625,12600,116.38,2064,135,0.92,87.26,1868,12796,2025,10,October,Friday,False,Over Capacity,True,14.08,True
2025-10-03,WH03,S2,19,152,11496,11496,9.453947368421051,11400,100.84,96,123,1.07,94.68,612,10884,2025,10,October,Friday,False,Over Capacity,True,0.84,True
2025-10-03,WH03,S3,15,120,8568,8568,8.925,7650,112.0,918,122,1.42,87.6,1062,7506,2025,10,October,Friday,False,Over Capacity,True,10.71,True
2025-10-03,WH04,S1,23,184,14672,14672,9.967391304347826,15842,92.61,0,138,0.94,95.87,606,14066,2025,10,October,Friday,False,Very High,True,0.0,False
2025-10-03,WH04,S2,22,176,12464,24928,8.852272727272727,14432,86.36,0,175,1.4,95.38,575,11889,2025,10,October,Friday,False,Very High,True,0.0,False
2025-10-03,WH04,S3,17,136,7864,15728,7.227941176470588,9479,82.96,0,83,1.06,98.44,123,7741,2025,10,October,Friday,False,High,False,0.0,False
2025-10-03,WH05,S1,18,144,9720,9720,8.4375,10584,91.84,0,104,1.07,98.12,183,9537,2025,10,October,Friday,False,Very High,True,0.0,False
2025-10-03,WH05,S2,17,136,9872,19744,9.073529411764708,9520,103.7,352,97,0.98,91.12,877,8995,2025,10,October,Friday,False,Over Capacity,True,3.57,True
2025-10-03,WH05,S3,14,112,7744,15488,8.642857142857142,6664,116.21,1080,86,1.11,89.29,829,6915,2025,10,October,Friday,False,Over Capacity,True,13.95,True
2025-10-04,WH01,S1,25,200,9816,9816,6.135,17850,54.99,0,95,0.97,96.91,304,9512,2025,10,October,Saturday,False,Low,False,0.0,False
2025-10-04,WH01,S2,24,192,8560,8560,5.572916666666667,16320,52.45,0,66,0.77,95.21,410,8150,2025,10,October,Saturday,False,Low,False,0.0,False
2025-10-04,WH01,S3,19,152,6296,12592,5.177631578947368,10982,57.33,0,52,0.83,95.32,295,6001,2025,10,October,Saturday,False,Low,False,0.0,False
2025-10-04,WH02,S1,30,240,12520,25040,6.520833333333333,22680,55.2,0,97,0.77,97.56,305,12215,2025,10,October,Saturday,False,Low,False,0.0,False
2025-10-04,WH02,S2,28,224,9992,19984,5.575892857142857,20160,49.56,0,89,0.89,96.13,386,9606,2025,10,October,Saturday,False,Low,False,0.0,False
2025-10-04,WH02,S3,22,176,6392,6392,4.539772727272728,13464,47.47,0,43,0.67,95.91,261,6131,2025,10,October,Saturday,False,Low,False,0.0,False
2025-10-04,WH03,S1,20,160,7624,22872,5.95625,12600,60.51,0,81,1.06,96.29,283,7341,2025,10,October,Saturday,False,Normal,False,0.0,False
2025-10-04,WH03,S2,19,152,6608,19824,5.434210526315789,11400,57.96,0,55,0.83,95.33,309,6299,2025,10,October,Saturday,False,Low,False,0.0,False
2025-10-04,WH03,S3,15,120,3656,3656,3.808333333333333,7650,47.79,0,33,0.9,96.12,142,3514,2025,10,October,Saturday,False,Low,False,0.0,False
2025-10-04,WH04,S1,23,184,8288,24864,5.630434782608695,15842,52.32,0,43,0.52,94.8,431,7857,2025,10,October,Saturday,False,Low,False,0.0,False
2025-10-04,WH04,S2,22,176,7408,14816,5.261363636363637,14432,51.33,0,64,0.86,95.79,312,7096,2025,10,October,Saturday,False,Low,False,0.0,False
2025-10-04,WH04,S3,17,136,5024,5024,4.617647058823529,9479,53.0,0,31,0.62,96.11,196,4828,2025,10,October,Saturday,False,Low,False,0.0,False
2025-10-04,WH05,S1,18,144,6304,12608,5.472222222222222,10584,59.56,0,52,0.82,95.84,262,6042,2025,10,October,Saturday,False,Low,False,0.0,False
2025-10-04,WH05,S2,17,136,5856,5856,5.382352941176471,9520,61.51,0,53,0.91,96.56,201,5655,2025,10,October,Saturday,False,Normal,False,0.0,False
2025-10-04,WH05,S3,14,112,4232,8464,4.723214285714286,6664,63.51,0,29,0.69,95.1,207,4025,2025,10,October,Saturday,False,Normal,False,0.0,False
2025-10-05,WH01,S1,25,200,7768,7768,4.855,17850,43.52,0,72,0.93,94.14,455,7313,2025,10,October,Sunday,True,Low,False,0.0,False
2025-10-05,WH01,S2,24,192,6920,6920,4.505208333333333,16320,42.4,0,64,0.92,95.67,300,6620,2025,10,October,Sunday,True,Low,False,0.0,False
2025-10-05,WH01,S3,19,152,6160,6160,5.065789473684211,10982,56.09,0,48,0.78,97.57,150,6010,2025,10,October,Sunday,True,Low,False,0.0,False
2025-10-05,WH02,S1,30,240,8672,8672,4.516666666666667,22680,38.24,0,72,0.83,96.39,313,8359,2025,10,October,Sunday,True,Low,False,0.0,False
2025-10-05,WH02,S2,28,224,9848,19696,5.495535714285714,20160,48.85,0,93,0.94,95.69,425,9423,2025,10,October,Sunday,True,Low,False,0.0,False
2025-10-05,WH02,S3,22,176,6624,6624,4.704545454545454,13464,49.2,0,65,0.98,95.44,302,6322,2025,10,October,Sunday,True,Low,False,0.0,False
2025-10-05,WH03,S1,20,160,6568,13136,5.13125,12600,52.13,0,46,0.7,95.96,265,6303,2025,10,October,Sunday,True,Low,False,0.0,False
2025-10-05,WH03,S2,19,152,5064,15192,4.164473684210527,11400,44.42,0,48,0.95,96.23,191,4873,2025,10,October,Sunday,True,Low,False,0.0,False
2025-10-05,WH03,S3,15,120,4808,9616,5.008333333333334,7650,62.85,0,52,1.08,95.8,202,4606,2025,10,October,Sunday,True,Normal,False,0.0,False
2025-10-05,WH04,S1,23,184,8032,8032,5.456521739130435,15842,50.7,0,56,0.7,95.46,364,7668,2025,10,October,Sunday,True,Low,False,0.0,False
2025-10-05,WH04,S2,22,176,6144,6144,4.363636363636363,14432,42.57,0,37,0.6,97.53,152,5992,2025,10,October,Sunday,True,Low,False,0.0,False
2025-10-05,WH04,S3,17,136,5344,5344,4.911764705882353,9479,56.38,0,39,0.73,97.4,139,5205,2025,10,October,Sunday,True,Low,False,0.0,False
2025-10-05,WH05,S1,18,144,5472,5472,4.75,10584,51.7,0,36,0.66,97.83,119,5353,2025,10,October,Sunday,True,Low,False,0.0,False
2025-10-05,WH05,S2,17,136,4912,4912,4.514705882352941,9520,51.6,0,31,0.63,94.36,277,4635,2025,10,October,Sunday,True,Low,False,0.0,False
2025-10-05,WH05,S3,14,112,3584,3584,4.0,6664,53.78,0,25,0.7,98.47,55,3529,2025,10,October,Sunday,True,Low,False,0.0,False
2025-10-06,WH01,S1,25,200,12552,25104,7.845,17850,70.32,0,98,0.78,94.48,692,11860,2025,10,October,Monday,False,Normal,False,0.0,False
2025-10-06,WH01,S2,24,192,13224,13224,8.609375,16320,81.03,0,124,0.94,96.0,529,12695,2025,10,October,Monday,False,High,False,0.0,False
2025-10-06,WH01,S3,19,152,8336,25008,6.855263157894737,10982,75.91,0,65,0.78,97.67,194,8142,2025,10,October,Monday,False,High,False,0.0,False
2025-10-06,WH02,S1,30,240,17808,17808,9.275,22680,78.52,0,172,0.97,96.3,658,17150,2025,10,October,Monday,False,High,False,0.0,False
2025-10-06,WH02,S2,28,224,16088,16088,8.977678571428571,20160,79.8,0,120,0.75,96.78,519,15569,2025,10,October,Monday,False,High,False,0.0,False
2025-10-06,WH02,S3,22,176,13272,13272,9.426136363636363,13464,98.57,0,165,1.24,94.0,797,12475,2025,10,October,Monday,False,Very High,True,0.0,False
2025-10-06,WH03,S1,20,160,10536,21072,8.23125,12600,83.62,0,86,0.82,94.77,551,9985,2025,10,October,Monday,False,High,False,0.0,False
2025-10-06,WH03,S2,19,152,12480,12480,10.263157894736842,11400,109.47,1080,117,0.94,89.24,1342,11138,2025,10,October,Monday,False,Over Capacity,True,8.65,True
2025-10-06,WH03,S3,15,120,7264,14528,7.566666666666666,7650,94.95,0,83,1.14,95.85,302,6962,2025,10,October,Monday,False,Very High,True,0.0,False
2025-10-06,WH04,S1,23,184,11696,23392,7.945652173913044,15842,73.83,0,96,0.82,96.33,429,11267,2025,10,October,Monday,False,Normal,False,0.0,False
2025-10-06,WH04,S2,22,176,10992,10992,7.806818181818182,14432,76.16,0,95,0.86,97.21,306,10686,2025,10,October,Monday,False,High,False,0.0,False
2025-10-06,WH04,S3,17,136,9096,9096,8.360294117647058,9479,95.96,0,90,0.99,95.24,433,8663,2025,10,October,Monday,False,Very High,True,0.0,False
2025-10-06,WH05,S1,18,144,8520,17040,7.395833333333333,10584,80.5,0,72,0.85,95.9,349,8171,2025,10,October,Monday,False,High,False,0.0,False
2025-10-06,WH05,S2,17,136,8928,17856,8.205882352941176,9520,93.78,0,109,1.22,96.15,344,8584,2025,10,October,Monday,False,Very High,True,0.0,False
2025-10-06,WH05,S3,14,112,5952,11904,6.642857142857143,6664,89.32,0,62,1.04,96.92,183,5769,2025,10,October,Monday,False,Very High,True,0.0,False
2025-10-07,WH01,S1,25,200,15272,15272,9.545,17850,85.56,0,153,1.0,95.5,686,14586,2025,10,October,Tuesday,False,Very High,True,0.0,False
2025-10-07,WH01,S2,24,192,11792,11792,7.677083333333333,16320,72.25,0,113,0.96,96.44,420,11372,2025,10,October,Tuesday,False,Normal,False,0.0,False
2025-10-07,WH01,S3,19,152,8984,8984,7.388157894736842,10982,81.81,0,78,0.87,96.62,303,8681,2025,10,October,Tuesday,False,High,False,0.0,False
2025-10-07,WH02,S1,30,240,17192,17192,8.954166666666667,22680,75.8,0,124,0.72,94.25,989,16203,2025,10,October,Tuesday,False,High,False,0.0,False
2025-10-07,WH02,S2,28,224,14848,14848,8.285714285714286,20160,73.65,0,109,0.73,96.49,521,14327,2025,10,October,Tuesday,False,Normal,False,0.0,False
2025-10-07,WH02,S3,22,176,10448,10448,7.420454545454546,13464,77.6,0,83,0.79,96.35,381,10067,2025,10,October,Tuesday,False,High,False,0.0,False
2025-10-07,WH03,S1,20,160,10368,10368,8.1,12600,82.29,0,87,0.84,96.58,355,10013,2025,10,October,Tuesday,False,High,False,0.0,False
2025-10-07,WH03,S2,19,152,9952,19904,8.18421052631579,11400,87.3,0,91,0.91,97.42,257,9695,2025,10,October,Tuesday,False,Very High,True,0.0,False
2025-10-07,WH03,S3,15,120,5568,5568,5.8,7650,72.78,0,52,0.93,96.42,199,5369,2025,10,October,Tuesday,False,Normal,False,0.0,False
2025-10-07,WH04,S1,23,184,13264,13264,9.01086956521739,15842,83.73,0,119,0.9,96.17,508,12756,2025,10,October,Tuesday,False,High,False,0.0,False
2025-10-07,WH04,S2,22,176,12152,24304,8.630681818181818,14432,84.2,0,98,0.81,95.35,565,11587,2025,10,October,Tuesday,False,High,False,0.0,False
2025-10-07,WH04,S3,17,136,6808,6808,6.257352941176471,9479,71.82,0,54,0.79,96.42,243,6565,2025,10,October,Tuesday,False,Normal,False,0.0,False
2025-10-07,WH05,S1,18,144,11800,11800,10.243055555555555,10584,111.49,1216,118,1.0,87.48,1477,10323,2025,10,October,Tuesday,False,Over Capacity,True,10.31,True
2025-10-07,WH05,S2,17,136,8152,24456,7.492647058823529,9520,85.63,0,106,1.3,95.84,339,7813,2025,10,October,Tuesday,False,Very High,True,0.0,False
2025-10-07,WH05,S3,14,112,6280,6280,7.008928571428571,6664,94.24,0,71,1.13,95.06,310,5970,2025,10,October,Tuesday,False,Very High,True,0.0,False
2025-10-08,WH01,S1,25,200,14384,28768,8.99,17850,80.58,0,133,0.92,96.53,499,13885,2025,10,October,Wednesday,False,High,False,0.0,False
2025-10-08,WH01,S2,24,192,13352,26704,8.692708333333334,16320,81.81,0,95,0.71,96.23,504,12848,2025,10,October,Wednesday,False,High,False,0.0,False
2025-10-08,WH01,S3,19,152,9480,9480,7.796052631578948,10982,86.32,0,109,1.15,97.01,283,9197,2025,10,October,Wednesday,False,Very High,True,0.0,False
2025-10-08,WH02,S1,30,240,19200,19200,10.0,22680,84.66,0,165,0.86,93.46,1256,17944,2025,10,October,Wednesday,False,High,False,0.0,False
2025-10-08,WH02,S2,28,224,15496,15496,8.647321428571429,20160,76.87,0,129,0.83,98.1,295,15201,2025,10,October,Wednesday,False,High,False,0.0,False
2025-10-08,WH02,S3,22,176,9720,19440,6.903409090909091,13464,72.19,0,86,0.88,95.38,449,9271,2025,10,October,Wednesday,False,Normal,False,0.0,False
2025-10-08,WH03,S1,20,160,13408,13408,10.475,12600,106.41,808,158,1.18,87.56,1667,11741,2025,10,October,Wednesday,False,Over Capacity,True,6.03,True
2025-10-08,WH03,S2,19,152,8400,16800,6.907894736842105,11400,73.68,0,61,0.73,95.12,410,7990,2025,10,October,Wednesday,False,Normal,False,0.0,False
2025-10-08,WH03,S3,15,120,7920,23760,8.25,7650,103.53,270,75,0.95,93.14,543,7377,2025,10,October,Wednesday,False,Over Capacity,True,3.41,True
2025-10-08,WH04,S1,23,184,12584,25168,8.548913043478262,15842,79.43,0,97,0.77,98.17,230,12354,2025,10,October,Wednesday,False,High,False,0.0,False
2025-10-08,WH04,S2,22,176,11192,22384,7.948863636363637,14432,77.55,0,80,0.71,95.64,488,10704,2025,10,October,Wednesday,False,High,False,0.0,False
2025-10-08,WH04,S3,17,136,8688,17376,7.985294117647059,9479,91.66,0,115,1.32,97.99,175,8513,2025,10,October,Wednesday,False,Very High,True,0.0,False
2025-10-08,WH05,S1,18,144,9528,9528,8.270833333333334,10584,90.02,0,112,1.18,94.78,497,9031,2025,10,October,Wednesday,False,Very High,True,0.0,False
2025-10-08,WH05,S2,17,136,8488,8488,7.801470588235294,9520,89.16,0,106,1.25,96.3,314,8174,2025,10,October,Wednesday,False,Very High,True,0.0,False
2025-10-08,WH05,S3,14,112,6184,6184,6.901785714285714,6664,92.8,0,65,1.05,96.46,219,5965,2025,10,October,Wednesday,False,Very High,True,0.0,False
2025-10-09,WH01,S1,25,200,16168,32336,10.105,17850,90.58,0,226,1.4,95.47,733,15435,2025,10,October,Thursday,False,Very High,True,0.0,False
2025-10-09,WH01,S2,24,192,13920,13920,9.0625,16320,85.29,0,148,1.06,96.35,508,13412,2025,10,October,Thursday,False,Very High,True,0.0,False
2025-10-09,WH01,S3,19,152,9280,18560,7.631578947368421,10982,84.5,0,79,0.85,97.47,235,9045,2025,10,October,Thursday,False,High,False,0.0,False
2025-10-09,WH02,S1,30,240,17432,34864,9.079166666666667,22680,76.86,0,105,0.6,97.17,493,16939,2025,10,October,Thursday,False,High,False,0.0,False
2025-10-09,WH02,S2,28,224,19240,19240,10.736607142857142,20160,95.44,0,156,0.81,95.61,845,18395,2025,10,October,Thursday,False,Very High,True,0.0,False
2025-10-09,WH02,S3,22,176,10872,21744,7.721590909090909,13464,80.75,0,108,0.99,96.63,366,10506,2025,10,October,Thursday,False,High,False,0.0,False
2025-10-09,WH03,S1,20,160,13312,26624,10.4,12600,105.65,712,106,0.8,88.0,1597,11715,2025,10,October,Thursday,False,Over Capacity,True,5.35,True
2025-10-09,WH03,S2,19,152,11040,11040,9.078947368421051,11400,96.84,0,145,1.31,97.28,301,10739,2025,10,October,Thursday,False,Very High,True,0.0,False
2025-10-09,WH03,S3,15,120,6640,6640,6.916666666666667,7650,86.8,0,72,1.08,96.42,238,6402,2025,10,October,Thursday,False,Very High,True,0.0,False
2025-10-09,WH04,S1,23,184,14128,42384,9.597826086956522,15842,89.18,0,184,1.3,95.56,627,13501,2025,10,October,Thursday,False,Very High,True,0.0,False
2025-10-09,WH04,S2,22,176,12424,12424,8.823863636363637,14432,86.09,0,122,0.98,97.08,363,12061,2025,10,October,Thursday,False,Very High,True,0.0,False
2025-10-09,WH04,S3,17,136,7824,23472,7.191176470588236,9479,82.54,0,62,0.79,96.75,254,7570,2025,10,October,Thursday,False,High,False,0.0,False
2025-10-09,WH05,S1,18,144,10960,10960,9.51388888888889,10584,103.55,376,140,1.28,91.31,953,10007,2025,10,October,Thursday,False,Over Capacity,True,3.43,True
2025-10-09,WH05,S2,17,136,8568,8568,7.875,9520,90.0,0,94,1.1,97.92,178,8390,2025,10,October,Thursday,False,Very High,True,0.0,False
2025-10-09,WH05,S3,14,112,6624,6624,7.392857142857143,6664,99.4,0,86,1.3,93.45,434,6190,2025,10,October,Thursday,False,Very High,True,0.0,False
2025-10-10,WH01,S1,25,200,16576,16576,10.36,17850,92.86,0,173,1.04,96.98,500,16076,2025,10,October,Friday,False,Very High,True,0.0,False
2025-10-10,WH01,S2,24,192,11408,11408,7.427083333333333,16320,69.9,0,74,0.65,96.87,357,11051,2025,10,October,Friday,False,Normal,False,0.0,False
2025-10-10,WH01,S3,19,152,9760,19520,8.026315789473685,10982,88.87,0,81,0.83,97.33,261,9499,2025,10,October,Friday,False,Very High,True,0.0,False
2025-10-10,WH02,S1,30,240,14536,14536,7.570833333333334,22680,64.09,0,157,1.08,96.65,487,14049,2025,10,October,Friday,False,Normal,False,0.0,False
2025-10-10,WH02,S2,28,224,17400,17400,9.709821428571429,20160,86.31,0,171,0.98,96.85,549,16851,2025,10,October,Friday,False,Very High,True,0.0,False
2025-10-10,WH02,S3,22,176,12520,25040,8.892045454545455,13464,92.99,0,144,1.15,94.83,647,11873,2025,10,October,Friday,False,Very High,True,0.0,False
2025-10-10,WH03,S1,20,160,13624,13624,10.64375,12600,108.13,1024,118,0.87,87.18,1746,11878,2025,10,October,Friday,False,Over Capacity,True,7.52,True
2025-10-10,WH03,S2,19,152,10376,31128,8.532894736842104,11400,91.02,0,119,1.15,95.35,482,9894,2025,10,October,Friday,False,Very High,True,0.0,False
2025-10-10,WH03,S3,15,120,8424,8424,8.775,7650,110.12,774,90,1.07,88.4,977,7447,2025,10,October,Friday,False,Over Capacity,True,9.19,True
2025-10-10,WH04,S1,23,184,15000,15000,10.190217391304348,15842,94.69,0,168,1.12,94.45,833,14167,2025,10,October,Friday,False,Very High,True,0.0,False
2025-10-10,WH04,S2,22,176,10184,20368,7.232954545454546,14432,70.57,0,63,0.62,95.38,471,9713,2025,10,October,Friday,False,Normal,False,0.0,False
2025-10-10,WH04,S3,17,136,8544,8544,7.852941176470588,9479,90.14,0,99,1.16,96.25,321,8223,2025,10,October,Friday,False,Very High,True,0.0,False
2025-10-10,WH05,S1,18,144,9968,9968,8.652777777777779,10584,94.18,0,127,1.27,95.03,495,9473,2025,10,October,Friday,False,Very High,True,0.0,False
2025-10-10,WH05,S2,17,136,9272,9272,8.522058823529411,9520,97.39,0,91,0.98,96.57,318,8954,2025,10,October,Friday,False,Very High,True,0.0,False
2025-10-10,WH05,S3,14,112,8416,8416,9.392857142857142,6664,126.29,1752,78,0.93,89.63,873,7543,2025,10,October,Friday,False,Over Capacity,True,20.82,True
2025-10-11,WH01,S1,25,200,9120,9120,5.7,17850,51.09,0,67,0.73,97.32,244,8876,2025,10,October,Saturday,False,Low,False,0.0,False
2025-10-11,WH01,S2,24,192,8408,8408,5.473958333333333,16320,51.52,0,62,0.74,94.39,472,7936,2025,10,October,Saturday,False,Low,False,0.0,False
2025-10-11,WH01,S3,19,152,5544,11088,4.559210526315789,10982,50.48,0,42,0.76,96.94,170,5374,2025,10,October,Saturday,False,Low,False,0.0,False
2025-10-11,WH02,S1,30,240,10760,21520,5.604166666666667,22680,47.44,0,103,0.96,96.02,429,10331,2025,10,October,Saturday,False,Low,False,0.0,False
2025-10-11,WH02,S2,28,224,8792,8792,4.90625,20160,43.61,0,66,0.75,94.88,450,8342,2025,10,October,Saturday,False,Low,False,0.0,False
2025-10-11,WH02,S3,22,176,6968,6968,4.948863636363637,13464,51.75,0,48,0.69,96.87,218,6750,2025,10,October,Saturday,False,Low,False,0.0,False
2025-10-11,WH03,S1,20,160,7080,7080,5.53125,12600,56.19,0,63,0.89,97.02,211,6869,2025,10,October,Saturday,False,Low,False,0.0,False
2025-10-11,WH03,S2,19,152,5720,5720,4.703947368421052,11400,50.18,0,44,0.77,96.91,177,5543,2025,10,October,Saturday,False,Low,False,0.0,False
2025-10-11,WH03,S3,15,120,3696,3696,3.85,7650,48.31,0,28,0.76,96.95,113,3583,2025,10,October,Saturday,False,Low,False,0.0,False
2025-10-11,WH04,S1,23,184,7984,23952,5.423913043478261,15842,50.4,0,56,0.7,95.58,353,7631,2025,10,October,Saturday,False,Low,False,0.0,False
2025-10-11,WH04,S2,22,176,8368,8368,5.943181818181818,14432,57.98,0,68,0.81,96.78,270,8098,2025,10,October,Saturday,False,Low,False,0.0,False
2025-10-11,WH04,S3,17,136,5464,5464,5.022058823529412,9479,57.64,0,50,0.92,94.75,287,5177,2025,10,October,Saturday,False,Low,False,0.0,False
2025-10-11,WH05,S1,18,144,7384,7384,6.409722222222222,10584,69.77,0,71,0.96,95.94,300,7084,2025,10,October,Saturday,False,Normal,False,0.0,False
2025-10-11,WH05,S2,17,136,6352,6352,5.838235294117647,9520,66.72,0,51,0.8,96.55,219,6133,2025,10,October,Saturday,False,Normal,False,0.0,False
2025-10-11,WH05,S3,14,112,3488,6976,3.892857142857143,6664,52.34,0,32,0.92,97.09,101,3387,2025,10,October,Saturday,False,Low,False,0.0,False
2025-10-12,WH01,S1,25,200,8032,8032,5.02,17850,45.0,0,75,0.93,96.15,309,7723,2025,10,October,Sunday,True,Low,False,0.0,False
2025-10-12,WH01,S2,24,192,5544,5544,3.609375,16320,33.97,0,46,0.83,96.08,217,5327,2025,10,October,Sunday,True,Low,False,0.0,False
2025-10-12,WH01,S3,19,152,4504,4504,3.7039473684210527,10982,41.01,0,33,0.73,96.98,136,4368,2025,10,October,Sunday,True,Low,False,0.0,False
2025-10-12,WH02,S1,30,240,9200,9200,4.791666666666667,22680,40.56,0,86,0.93,96.01,367,8833,2025,10,October,Sunday,True,Low,False,0.0,False
2025-10-12,WH02,S2,28,224,7528,15056,4.200892857142857,20160,37.34,0,50,0.66,94.58,408,7120,2025,10,October,Sunday,True,Low,False,0.0,False
2025-10-12,WH02,S3,22,176,5696,17088,4.045454545454546,13464,42.31,0,48,0.84,95.8,239,5457,2025,10,October,Sunday,True,Low,False,0.0,False
2025-10-12,WH03,S1,20,160,6888,6888,5.38125,12600,54.67,0,57,0.83,95.86,285,6603,2025,10,October,Sunday,True,Low,False,0.0,False
2025-10-12,WH03,S2,19,152,4464,4464,3.6710526315789473,11400,39.16,0,37,0.83,96.48,157,4307,2025,10,October,Sunday,True,Low,False,0.0,False
2025-10-12,WH03,S3,15,120,3952,3952,4.116666666666666,7650,51.66,0,25,0.63,96.26,148,3804,2025,10,October,Sunday,True,Low,False,0.0,False
2025-10-12,WH04,S1,23,184,7680,7680,5.217391304347826,15842,48.48,0,55,0.72,95.94,311,7369,2025,10,October,Sunday,True,Low,False,0.0,False
2025-10-12,WH04,S2,22,176,5488,5488,3.897727272727273,14432,38.03,0,50,0.91,95.62,240,5248,2025,10,October,Sunday,True,Low,False,0.0,False
2025-10-12,WH04,S3,17,136,3984,3984,3.661764705882353,9479,42.03,0,35,0.88,93.54,257,3727,2025,10,October,Sunday,True,Low,False,0.0,False
2025-10-12,WH05,S1,18,144,5360,10720,4.652777777777778,10584,50.64,0,52,0.97,94.34,303,5057,2025,10,October,Sunday,True,Low,False,0.0,False
2025-10-12,WH05,S2,17,136,5376,5376,4.941176470588236,9520,56.47,0,49,0.91,96.06,212,5164,2025,10,October,Sunday,True,Low,False,0.0,False
2025-10-12,WH05,S3,14,112,2936,5872,3.2767857142857144,6664,44.06,0,28,0.95,95.32,137,2799,2025,10,October,Sunday,True,Low,False,0.0,False
2025-10-13,WH01,S1,25,200,16240,16240,10.15,17850,90.98,0,192,1.18,96.01,648,15592,2025,10,October,Monday,False,Very High,True,0.0,False
2025-10-13,WH01,S2,24,192,13304,39912,8.661458333333334,16320,81.52,0,119,0.89,96.27,496,12808,2025,10,October,Monday,False,High,False,0.0,False
2025-10-13,WH01,S3,19,152,9480,18960,7.796052631578948,10982,86.32,0,97,1.02,95.3,446,9034,2025,10,October,Monday,False,Very High,True,0.0,False
2025-10-13,WH02,S1,30,240,20936,20936,10.904166666666669,22680,92.31,0,151,0.72,95.89,861,20075,2025,10,October,Monday,False,Very High,True,0.0,False
2025-10-13,WH02,S2,28,224,13576,13576,7.575892857142857,20160,67.34,0,116,0.85,96.69,450,13126,2025,10,October,Monday,False,Normal,False,0.0,False
2025-10-13,WH02,S3,22,176,12320,24640,8.75,13464,91.5,0,113,0.92,95.14,599,11721,2025,10,October,Monday,False,Very High,True,0.0,False
2025-10-13,WH03,S1,20,160,12176,12176,9.5125,12600,96.63,0,132,1.08,96.91,376,11800,2025,10,October,Monday,False,Very High,True,0.0,False
2025-10-13,WH03,S2,19,152,8712,8712,7.164473684210527,11400,76.42,0,82,0.94,95.02,434,8278,2025,10,October,Monday,False,High,False,0.0,False
2025-10-13,WH03,S3,15,120,7152,14304,7.45,7650,93.49,0,74,1.03,95.97,288,6864,2025,10,October,Monday,False,Very High,True,0.0,False
2025-10-13,WH04,S1,23,184,12544,12544,8.521739130434783,15842,79.18,0,107,0.85,96.82,399,12145,2025,10,October,Monday,False,High,False,0.0,False
2025-10-13,WH04,S2,22,176,13384,13384,9.505681818181818,14432,92.74,0,146,1.09,95.79,564,12820,2025,10,October,Monday,False,Very High,True,0.0,False
2025-10-13,WH04,S3,17,136,8352,8352,7.676470588235294,9479,88.11,0,91,1.09,95.48,378,7974,2025,10,October,Monday,False,Very High,True,0.0,False
2025-10-13,WH05,S1,18,144,8840,17680,7.673611111111111,10584,83.52,0,73,0.83,95.19,426,8414,2025,10,October,Monday,False,High,False,0.0,False
2025-10-13,WH05,S2,17,136,9072,9072,8.338235294117647,9520,95.29,0,96,1.06,95.61,398,8674,2025,10,October,Monday,False,Very High,True,0.0,False
2025-10-13,WH05,S3,14,112,6440,12880,7.1875,6664,96.64,0,74,1.15,96.6,219,6221,2025,10,October,Monday,False,Very High,True,0.0,False
2025-10-14,WH01,S1,25,200,12800,25600,8.0,17850,71.71,0,108,0.84,96.05,505,12295,2025,10,October,Tuesday,False,Normal,False,0.0,False
2025-10-14,WH01,S2,24,192,10632,10632,6.921875,16320,65.15,0,99,0.93,96.28,396,10236,2025,10,October,Tuesday,False,Normal,False,0.0,False
2025-10-14,WH01,S3,19,152,7200,14400,5.921052631578948,10982,65.56,0,57,0.79,95.5,324,6876,2025,10,October,Tuesday,False,Normal,False,0.0,False
2025-10-14,WH02,S1,30,240,19552,39104,10.183333333333334,22680,86.21,0,257,1.31,95.56,868,18684,2025,10,October,Tuesday,False,Very High,True,0.0,False
2025-10-14,WH02,S2,28,224,11680,11680,6.517857142857143,20160,57.94,0,89,0.76,97.34,310,11370,2025,10,October,Tuesday,False,Low,False,0.0,False
2025-10-14,WH02,S3,22,176,9440,9440,6.704545454545454,13464,70.11,0,77,0.82,97.61,226,9214,2025,10,October,Tuesday,False,Normal,False,0.0,False
2025-10-14,WH03,S1,20,160,11576,11576,9.04375,12600,91.87,0,125,1.08,96.36,422,11154,2025,10,October,Tuesday,False,Very High,True,0.0,False
2025-10-14,WH03,S2,19,152,11536,23072,9.486842105263158,11400,101.19,136,143,1.24,95.94,468,11068,2025,10,October,Tuesday,False,Over Capacity,True,1.18,False
2025-10-14,WH03,S3,15,120,7520,15040,7.833333333333333,7650,98.3,0,78,1.04,96.54,260,7260,2025,10,October,Tuesday,False,Very High,True,0.0,False
2025-10-14,WH04,S1,23,184,11792,35376,8.01086956521739,15842,74.44,0,92,0.78,94.52,646,11146,2025,10,October,Tuesday,False,Normal,False,0.0,False
2025-10-14,WH04,S2,22,176,10344,10344,7.346590909090909,14432,71.67,0,75,0.73,96.74,337,10007,2025,10,October,Tuesday,False,Normal,False,0.0,False
2025-10-14,WH04,S3,17,136,7832,23496,7.198529411764706,9479,82.62,0,55,0.7,97.55,192,7640,2025,10,October,Tuesday,False,High,False,0.0,False
2025-10-14,WH05,S1,18,144,9384,18768,8.145833333333334,10584,88.66,0,111,1.18,96.63,316,9068,2025,10,October,Tuesday,False,Very High,True,0.0,False
2025-10-14,WH05,S2,17,136,10040,20080,9.227941176470589,9520,105.46,520,90,0.9,88.11,1194,8846,2025,10,October,Tuesday,False,Over Capacity,True,5.18,True
2025-10-14,WH05,S3,14,112,6112,18336,6.821428571428571,6664,91.72,0,77,1.26,96.54,212,5900,2025,10,October,Tuesday,False,Very High,True,0.0,False
2025-10-15,WH01,S1,25,200,14128,28256,8.83,17850,79.15,0,124,0.88,97.56,345,13783,2025,10,October,Wednesday,False,High,False,0.0,False
2025-10-15,WH01,S2,24,192,12952,38856,8.432291666666666,16320,79.36,0,86,0.66,95.54,577,12375,2025,10,October,Wednesday,False,High,False,0.0,False
2025-10-15,WH01,S3,19,152,9376,18752,7.7105263157894735,10982,85.38,0,116,1.24,97.89,198,9178,2025,10,October,Wednesday,False,Very High,True,0.0,False
2025-10-15,WH02,S1,30,240,17640,35280,9.1875,22680,77.78,0,167,0.95,96.91,546,17094,2025,10,October,Wednesday,False,High,False,0.0,False
2025-10-15,WH02,S2,28,224,15256,45768,8.513392857142858,20160,75.67,0,112,0.73,96.56,525,14731,2025,10,October,Wednesday,False,High,False,0.0,False
2025-10-15,WH02,S3,22,176,9904,9904,7.034090909090909,13464,73.56,0,69,0.7,98.08,190,9714,2025,10,October,Wednesday,False,Normal,False,0.0,False
2025-10-15,WH03,S1,20,160,12192,12192,9.525,12600,96.76,0,160,1.31,94.13,715,11477,2025,10,October,Wednesday,False,Very High,True,0.0,False
2025-10-15,WH03,S2,19,152,11000,33000,9.046052631578949,11400,96.49,0,117,1.06,96.52,383,10617,2025,10,October,Wednesday,False,Very High,True,0.0,False
2025-10-15,WH03,S3,15,120,6952,13904,7.241666666666666,7650,90.88,0,84,1.21,95.89,286,6666,2025,10,October,Wednesday,False,Very High,True,0.0,False
2025-10-15,WH04,S1,23,184,12544,12544,8.521739130434783,15842,79.18,0,76,0.61,96.67,418,12126,2025,10,October,Wednesday,False,High,False,0.0,False
2025-10-15,WH04,S2,22,176,11304,11304,8.028409090909092,14432,78.33,0,83,0.73,94.51,621,10683,2025,10,October,Wednesday,False,High,False,0.0,False
2025-10-15,WH04,S3,17,136,10304,10304,9.470588235294118,9479,108.7,825,119,1.15,88.79,1156,9148,2025,10,October,Wednesday,False,Over Capacity,True,8.01,True
2025-10-15,WH05,S1,18,144,9560,9560,8.29861111111111,10584,90.33,0,118,1.23,94.3,545,9015,2025,10,October,Wednesday,False,Very High,True,0.0,False
2025-10-15,WH05,S2,17,136,7304,7304,6.713235294117647,9520,76.72,0,59,0.81,96.85,230,7074,2025,10,October,Wednesday,False,High,False,0.0,False
2025-10-15,WH05,S3,14,112,5864,5864,6.544642857142857,6664,88.0,0,82,1.4,95.06,290,5574,2025,10,October,Wednesday,False,Very High,True,0.0,False
2025-10-16,WH01,S1,25,200,12824,25648,8.015,17850,71.84,0,99,0.77,95.94,521,12303,2025,10,October,Thursday,False,Normal,False,0.0,False
2025-10-16,WH01,S2,24,192,11368,22736,7.401041666666667,16320,69.66,0,85,0.75,96.24,427,10941,2025,10,October,Thursday,False,Normal,False,0.0,False
2025-10-16,WH01,S3,19,152,11824,23648,9.723684210526317,10982,107.67,842,129,1.09,88.14,1403,10421,2025,10,October,Thursday,False,Over Capacity,True,7.12,True
2025-10-16,WH02,S1,30,240,20504,41008,10.679166666666667,22680,90.41,0,171,0.83,93.6,1313,19191,2025,10,October,Thursday,False,Very High,True,0.0,False
2025-10-16,WH02,S2,28,224,16720,50160,9.330357142857142,20160,82.94,0,109,0.65,95.2,802,15918,2025,10,October,Thursday,False,High,False,0.0,False
2025-10-16,WH02,S3,22,176,11512,11512,8.176136363636363,13464,85.5,0,146,1.27,95.4,530,10982,2025,10,October,Thursday,False,Very High,True,0.0,False
2025-10-16,WH03,S1,20,160,12328,12328,9.63125,12600,97.84,0,145,1.18,95.65,536,11792,2025,10,October,Thursday,False,Very High,True,0.0,False
2025-10-16,WH03,S2,19,152,11000,22000,9.046052631578949,11400,96.49,0,93,0.85,95.29,518,10482,2025,10,October,Thursday,False,Very High,True,0.0,False
2025-10-16,WH03,S3,15,120,8584,8584,8.941666666666666,7650,112.21,934,71,0.83,89.24,924,7660,2025,10,October,Thursday,False,Over Capacity,True,10.88,True
2025-10-16,WH04,S1,23,184,14248,28496,9.679347826086955,15842,89.94,0,126,0.88,96.06,562,13686,2025,10,October,Thursday,False,Very High,True,0.0,False
2025-10-16,WH04,S2,22,176,13304,26608,9.448863636363637,14432,92.18,0,154,1.16,95.16,644,12660,2025,10,October,Thursday,False,Very High,True,0.0,False
2025-10-16,WH04,S3,17,136,8808,17616,8.095588235294118,9479,92.92,0,102,1.16,94.48,486,8322,2025,10,October,Thursday,False,Very High,True,0.0,False
2025-10-16,WH05,S1,18,144,10416,10416,9.041666666666666,10584,98.41,0,139,1.33,95.96,421,9995,2025,10,October,Thursday,False,Very High,True,0.0,False
2025-10-16,WH05,S2,17,136,9288,18576,8.536764705882353,9520,97.56,0,135,1.45,93.97,560,8728,2025,10,October,Thursday,False,Very High,True,0.0,False
2025-10-16,WH05,S3,14,112,7088,21264,7.910714285714286,6664,106.36,424,76,1.07,92.63,523,6565,2025,10,October,Thursday,False,Over Capacity,True,5.98,True
2025-10-17,WH01,S1,25,200,16760,16760,10.475,17850,93.89,0,205,1.22,95.74,714,16046,2025,10,October,Friday,False,Very High,True,0.0,False
2025-10-17,WH01,S2,24,192,13256,13256,8.630208333333334,16320,81.23,0,84,0.63,95.88,546,12710,2025,10,October,Friday,False,High,False,0.0,False
2025-10-17,WH01,S3,19,152,9064,9064,7.453947368421052,10982,82.54,0,68,0.75,94.68,482,8582,2025,10,October,Friday,False,High,False,0.0,False
2025-10-17,WH02,S1,30,240,15984,15984,8.325,22680,70.48,0,119,0.74,94.61,861,15123,2025,10,October,Friday,False,Normal,False,0.0,False
2025-10-17,WH02,S2,28,224,17264,17264,9.633928571428571,20160,85.63,0,208,1.2,96.18,659,16605,2025,10,October,Friday,False,Very High,True,0.0,False
2025-10-17,WH02,S3,22,176,12280,24560,8.721590909090908,13464,91.21,0,143,1.16,93.75,768,11512,2025,10,October,Friday,False,Very High,True,0.0,False
2025-10-17,WH03,S1,20,160,12728,25456,9.94375,12600,101.02,128,137,1.08,94.94,644,12084,2025,10,October,Friday,False,Over Capacity,True,1.01,True
2025-10-17,WH03,S2,19,152,10184,10184,8.375,11400,89.33,0,67,0.66,96.7,336,9848,2025,10,October,Friday,False,Very High,True,0.0,False
2025-10-17,WH03,S3,15,120,8856,26568,9.225,7650,115.76,1206,87,0.98,86.87,1163,7693,2025,10,October,Friday,False,Over Capacity,True,13.62,True
2025-10-17,WH04,S1,23,184,11776,11776,8.0,15842,74.33,0,93,0.79,96.38,427,11349,2025,10,October,Friday,False,Normal,False,0.0,False
2025-10-17,WH04,S2,22,176,12184,24368,8.653409090909092,14432,84.42,0,90,0.74,97.32,327,11857,2025,10,October,Friday,False,High,False,0.0,False
2025-10-17,WH04,S3,17,136,10488,20976,9.639705882352942,9479,110.64,1009,110,1.05,89.73,1077,9411,2025,10,October,Friday,False,Over Capacity,True,9.62,True
2025-10-17,WH05,S1,18,144,10600,10600,9.20138888888889,10584,100.15,16,112,1.06,94.59,573,10027,2025,10,October,Friday,False,Over Capacity,True,0.15,True
2025-10-17,WH05,S2,17,136,9872,19744,9.073529411764708,9520,103.7,352,116,1.18,92.73,718,9154,2025,10,October,Friday,False,Over Capacity,True,3.57,True
2025-10-17,WH05,S3,14,112,6248,6248,6.973214285714286,6664,93.76,0,60,0.96,95.2,300,5948,2025,10,October,Friday,False,Very High,True,0.0,False
2025-10-18,WH01,S1,25,200,8232,8232,5.145,17850,46.12,0,96,1.17,96.6,280,7952,2025,10,October,Saturday,False,Low,False,0.0,False
2025-10-18,WH01,S2,24,192,6496,6496,4.229166666666667,16320,39.8,0,59,0.91,97.26,178,6318,2025,10,October,Saturday,False,Low,False,0.0,False
2025-10-18,WH01,S3,19,152,6272,12544,5.157894736842105,10982,57.11,0,57,0.91,96.32,231,6041,2025,10,October,Saturday,False,Low,False,0.0,False
2025-10-18,WH02,S1,30,240,10488,10488,5.4625,22680,46.24,0,69,0.66,94.52,574,9914,2025,10,October,Saturday,False,Low,False,0.0,False
2025-10-18,WH02,S2,28,224,10768,32304,6.008928571428571,20160,53.41,0,85,0.79,95.95,436,10332,2025,10,October,Saturday,False,Low,False,0.0,False
2025-10-18,WH02,S3,22,176,7056,14112,5.011363636363637,13464,52.41,0,77,1.09,95.69,304,6752,2025,10,October,Saturday,False,Low,False,0.0,False
2025-10-18,WH03,S1,20,160,7800,7800,6.09375,12600,61.9,0,66,0.85,95.94,316,7484,2025,10,October,Saturday,False,Normal,False,0.0,False
2025-10-18,WH03,S2,19,152,5976,5976,4.914473684210527,11400,52.42,0,43,0.72,96.22,226,5750,2025,10,October,Saturday,False,Low,False,0.0,False
2025-10-18,WH03,S3,15,120,4312,4312,4.491666666666666,7650,56.37,0,36,0.83,97.23,120,4192,2025,10,October,Saturday,False,Low,False,0.0,False
2025-10-18,WH04,S1,23,184,10184,10184,6.918478260869565,15842,64.28,0,70,0.69,96.57,350,9834,2025,10,October,Saturday,False,Normal,False,0.0,False
2025-10-18,WH04,S2,22,176,8112,16224,5.761363636363637,14432,56.21,0,53,0.65,97.06,238,7874,2025,10,October,Saturday,False,Low,False,0.0,False
2025-10-18,WH04,S3,17,136,4912,4912,4.514705882352941,9479,51.82,0,39,0.79,97.11,142,4770,2025,10,October,Saturday,False,Low,False,0.0,False
2025-10-18,WH05,S1,18,144,5968,11936,5.180555555555555,10584,56.39,0,55,0.92,96.82,190,5778,2025,10,October,Saturday,False,Low,False,0.0,False
2025-10-18,WH05,S2,17,136,5080,10160,4.669117647058823,9520,53.36,0,41,0.81,95.29,239,4841,2025,10,October,Saturday,False,Low,False,0.0,False
2025-10-18,WH05,S3,14,112,4672,4672,5.214285714285714,6664,70.11,0,31,0.66,96.83,148,4524,2025,10,October,Saturday,False,Normal,False,0.0,False
2025-10-19,WH01,S1,25,200,7640,7640,4.775,17850,42.8,0,68,0.89,94.81,396,7244,2025,10,October,Sunday,True,Low,False,0.0,False
2025-10-19,WH01,S2,24,192,6344,19032,4.130208333333333,16320,38.87,0,43,0.68,95.23,303,6041,2025,10,October,Sunday,True,Low,False,0.0,False
2025-10-19,WH01,S3,19,152,5296,10592,4.355263157894737,10982,48.22,0,36,0.68,96.2,202,5094,2025,10,October,Sunday,True,Low,False,0.0,False
2025-10-19,WH02,S1,30,240,9760,29280,5.083333333333333,22680,43.03,0,73,0.75,95.95,395,9365,2025,10,October,Sunday,True,Low,False,0.0,False
2025-10-19,WH02,S2,28,224,8928,8928,4.982142857142857,20160,44.29,0,64,0.72,94.82,462,8466,2025,10,October,Sunday,True,Low,False,0.0,False
2025-10-19,WH02,S3,22,176,4600,9200,3.2670454545454546,13464,34.17,0,35,0.76,96.85,145,4455,2025,10,October,Sunday,True,Low,False,0.0,False
2025-10-19,WH03,S1,20,160,7408,14816,5.7875,12600,58.79,0,64,0.86,96.69,245,7163,2025,10,October,Sunday,True,Low,False,0.0,False
2025-10-19,WH03,S2,19,152,5832,5832,4.796052631578948,11400,51.16,0,44,0.75,95.11,285,5547,2025,10,October,Sunday,True,Low,False,0.0,False
2025-10-19,WH03,S3,15,120,4352,13056,4.533333333333333,7650,56.89,0,34,0.78,95.09,214,4138,2025,10,October,Sunday,True,Low,False,0.0,False
2025-10-19,WH04,S1,23,184,7448,7448,5.059782608695652,15842,47.01,0,65,0.87,96.2,283,7165,2025,10,October,Sunday,True,Low,False,0.0,False
2025-10-19,WH04,S2,22,176,6248,18744,4.4375,14432,43.29,0,48,0.77,95.62,274,5974,2025,10,October,Sunday,True,Low,False,0.0,False
2025-10-19,WH04,S3,17,136,4528,4528,4.161764705882353,9479,47.77,0,36,0.8,96.25,170,4358,2025,10,October,Sunday,True,Low,False,0.0,False
2025-10-19,WH05,S1,18,144,5424,16272,4.708333333333333,10584,51.25,0,48,0.88,96.36,197,5227,2025,10,October,Sunday,True,Low,False,0.0,False
2025-10-19,WH05,S2,17,136,4904,4904,4.507352941176471,9520,51.51,0,38,0.77,96.46,174,4730,2025,10,October,Sunday,True,Low,False,0.0,False
2025-10-19,WH05,S3,14,112,3504,3504,3.9107142857142856,6664,52.58,0,25,0.71,96.3,130,3374,2025,10,October,Sunday,True,Low,False,0.0,False
2025-10-20,WH01,S1,25,200,11760,11760,7.35,17850,65.88,0,85,0.72,95.42,539,11221,2025,10,October,Monday,False,Normal,False,0.0,False
2025-10-20,WH01,S2,24,192,13696,27392,8.916666666666666,16320,83.92,0,117,0.85,95.27,648,13048,2025,10,October,Monday,False,High,False,0.0,False
2025-10-20,WH01,S3,19,152,10072,10072,8.282894736842104,10982,91.71,0,115,1.14,94.33,571,9501,2025,10,October,Monday,False,Very High,True,0.0,False
2025-10-20,WH02,S1,30,240,16560,16560,8.625,22680,73.02,0,136,0.82,94.57,899,15661,2025,10,October,Monday,False,Normal,False,0.0,False
2025-10-20,WH02,S2,28,224,15256,15256,8.513392857142858,20160,75.67,0,107,0.7,95.43,697,14559,2025,10,October,Monday,False,High,False,0.0,False
2025-10-20,WH02,S3,22,176,10752,10752,7.636363636363637,13464,79.86,0,79,0.73,96.76,348,10404,2025,10,October,Monday,False,High,False,0.0,False
2025-10-20,WH03,S1,20,160,10040,10040,7.84375,12600,79.68,0,67,0.67,96.48,353,9687,2025,10,October,Monday,False,High,False,0.0,False
2025-10-20,WH03,S2,19,152,9920,9920,8.157894736842104,11400,87.02,0,101,1.02,97.1,288,9632,2025,10,October,Monday,False,Very High,True,0.0,False
2025-10-20,WH03,S3,15,120,9256,9256,9.641666666666667,7650,120.99,1606,120,1.3,88.41,1073,8183,2025,10,October,Monday,False,Over Capacity,True,17.35,True
2025-10-20,WH04,S1,23,184,14776,29552,10.03804347826087,15842,93.27,0,167,1.13,96.07,581,14195,2025,10,October,Monday,False,Very High,True,0.0,False
2025-10-20,WH04,S2,22,176,11648,11648,8.272727272727273,14432,80.71,0,87,0.75,94.96,587,11061,2025,10,October,Monday,False,High,False,0.0,False
2025-10-20,WH04,S3,17,136,8616,17232,7.919117647058823,9479,90.9,0,74,0.86,95.94,349,8267,2025,10,October,Monday,False,Very High,True,0.0,False
2025-10-20,WH05,S1,18,144,10656,10656,9.25,10584,100.68,72,148,1.39,96.43,380,10276,2025,10,October,Monday,False,Over Capacity,True,0.68,False
2025-10-20,WH05,S2,17,136,7264,7264,6.676470588235294,9520,76.3,0,55,0.76,95.74,310,6954,2025,10,October,Monday,False,High,False,0.0,False
2025-10-20,WH05,S3,14,112,6408,6408,7.151785714285714,6664,96.16,0,77,1.2,96.13,248,6160,2025,10,October,Monday,False,Very High,True,0.0,False
2025-10-21,WH01,S1,25,200,12688,12688,7.93,17850,71.08,0,104,0.82,95.94,516,12172,2025,10,October,Tuesday,False,Normal,False,0.0,False
2025-10-21,WH01,S2,24,192,12976,25952,8.447916666666666,16320,79.51,0,66,0.51,95.95,526,12450,2025,10,October,Tuesday,False,High,False,0.0,False
2025-10-21,WH01,S3,19,152,10000,30000,8.223684210526315,10982,91.06,0,114,1.14,96.43,357,9643,2025,10,October,Tuesday,False,Very High,True,0.0,False
2025-10-21,WH02,S1,30,240,19600,39200,10.208333333333334,22680,86.42,0,292,1.49,96.49,689,18911,2025,10,October,Tuesday,False,Very High,True,0.0,False
2025-10-21,WH02,S2,28,224,16368,32736,9.133928571428571,20160,81.19,0,143,0.87,95.96,661,15707,2025,10,October,Tuesday,False,High,False,0.0,False
2025-10-21,WH02,S3,22,176,10712,10712,7.607954545454546,13464,79.56,0,110,1.03,95.38,494,10218,2025,10,October,Tuesday,False,High,False,0.0,False
2025-10-21,WH03,S1,20,160,11096,22192,8.66875,12600,88.06,0,114,1.03,96.75,361,10735,2025,10,October,Tuesday,False,Very High,True,0.0,False
2025-10-21,WH03,S2,19,152,9544,9544,7.848684210526316,11400,83.72,0,50,0.52,94.24,549,8995,2025,10,October,Tuesday,False,High,False,0.0,False
2025-10-21,WH03,S3,15,120,7408,14816,7.716666666666667,7650,96.84,0,71,0.96,94.19,430,6978,2025,10,October,Tuesday,False,Very High,True,0.0,False
2025-10-21,WH04,S1,23,184,11408,22816,7.75,15842,72.01,0,80,0.7,96.29,424,10984,2025,10,October,Tuesday,False,Normal,False,0.0,False
2025-10-21,WH04,S2,22,176,11184,11184,7.943181818181818,14432,77.49,0,90,0.8,96.64,376,10808,2025,10,October,Tuesday,False,High,False,0.0,False
2025-10-21,WH04,S3,17,136,6352,6352,5.838235294117647,9479,67.01,0,63,0.99,94.63,341,6011,2025,10,October,Tuesday,False,Normal,False,0.0,False
2025-10-21,WH05,S1,18,144,9912,19824,8.604166666666666,10584,93.65,0,95,0.96,96.85,312,9600,2025,10,October,Tuesday,False,Very High,True,0.0,False
2025-10-21,WH05,S2,17,136,7984,7984,7.338235294117647,9520,83.87,0,58,0.73,96.1,311,7673,2025,10,October,Tuesday,False,High,False,0.0,False
2025-10-21,WH05,S3,14,112,7328,7328,8.178571428571429,6664,109.96,664,89,1.21,87.8,894,6434,2025,10,October,Tuesday,False,Over Capacity,True,9.06,True
2025-10-22,WH01,S1,25,200,14936,14936,9.335,17850,83.68,0,134,0.9,96.19,569,14367,2025,10,October,Wednesday,False,High,False,0.0,False
2025-10-22,WH01,S2,24,192,13448,26896,8.755208333333334,16320,82.4,0,114,0.85,96.61,456,12992,2025,10,October,Wednesday,False,High,False,0.0,False
2025-10-22,WH01,S3,19,152,8440,16880,6.940789473684211,10982,76.85,0,63,0.75,95.54,377,8063,2025,10,October,Wednesday,False,High,False,0.0,False
2025-10-22,WH02,S1,30,240,13496,13496,7.029166666666667,22680,59.51,0,111,0.82,94.96,680,12816,2025,10,October,Wednesday,False,Low,False,0.0,False
2025-10-22,WH02,S2,28,224,15904,15904,8.875,20160,78.89,0,156,0.98,96.66,531,15373,2025,10,October,Wednesday,False,High,False,0.0,False
2025-10-22,WH02,S3,22,176,9416,9416,6.6875,13464,69.93,0,69,0.73,95.82,393,9023,2025,10,October,Wednesday,False,Normal,False,0.0,False
2025-10-22,WH03,S1,20,160,13024,39072,10.175,12600,103.37,424,116,0.89,92.15,1023,12001,2025,10,October,Wednesday,False,Over Capacity,True,3.26,True
2025-10-22,WH03,S2,19,152,10712,10712,8.80921052631579,11400,93.96,0,127,1.19,96.19,408,10304,2025,10,October,Wednesday,False,Very High,True,0.0,False
2025-10-22,WH03,S3,15,120,7896,15792,8.225,7650,103.22,246,71,0.9,92.48,594,7302,2025,10,October,Wednesday,False,Over Capacity,True,3.12,True
2025-10-22,WH04,S1,23,184,15264,30528,10.369565217391305,15842,96.35,0,162,1.06,94.97,767,14497,2025,10,October,Wednesday,False,Very High,True,0.0,False
2025-10-22,WH04,S2,22,176,11424,11424,8.113636363636363,14432,79.16,0,72,0.63,96.99,344,11080,2025,10,October,Wednesday,False,High,False,0.0,False
2025-10-22,WH04,S3,17,136,7840,15680,7.205882352941177,9479,82.71,0,62,0.79,96.9,243,7597,2025,10,October,Wednesday,False,High,False,0.0,False
2025-10-22,WH05,S1,18,144,8008,8008,6.951388888888889,10584,75.66,0,67,0.84,95.57,355,7653,2025,10,October,Wednesday,False,High,False,0.0,False
2025-10-22,WH05,S2,17,136,10072,10072,9.257352941176473,9520,105.8,552,112,1.11,88.45,1163,8909,2025,10,October,Wednesday,False,Over Capacity,True,5.48,True
2025-10-22,WH05,S3,14,112,6672,6672,7.446428571428571,6664,100.12,8,47,0.7,95.66,290,6382,2025,10,October,Wednesday,False,Over Capacity,True,0.12,False
2025-10-23,WH01,S1,25,200,16400,32800,10.25,17850,91.88,0,202,1.23,96.36,597,15803,2025,10,October,Thursday,False,Very High,True,0.0,False
2025-10-23,WH01,S2,24,192,14752,14752,9.604166666666666,16320,90.39,0,108,0.73,97.15,421,14331,2025,10,October,Thursday,False,Very High,True,0.0,False
2025-10-23,WH01,S3,19,152,10096,10096,8.302631578947368,10982,91.93,0,106,1.05,96.42,362,9734,2025,10,October,Thursday,False,Very High,True,0.0,False
2025-10-23,WH02,S1,30,240,16760,16760,8.729166666666666,22680,73.9,0,148,0.88,96.49,589,16171,2025,10,October,Thursday,False,Normal,False,0.0,False
2025-10-23,WH02,S2,28,224,13984,27968,7.803571428571429,20160,69.37,0,80,0.57,96.38,506,13478,2025,10,October,Thursday,False,Normal,False,0.0,False
2025-10-23,WH02,S3,22,176,11888,23776,8.443181818181818,13464,88.29,0,151,1.27,96.47,419,11469,2025,10,October,Thursday,False,Very High,True,0.0,False
2025-10-23,WH03,S1,20,160,12560,25120,9.8125,12600,99.68,0,119,0.95,97.4,327,12233,2025,10,October,Thursday,False,Very High,True,0.0,False
2025-10-23,WH03,S2,19,152,9328,27984,7.671052631578948,11400,81.82,0,58,0.62,96.24,351,8977,2025,10,October,Thursday,False,High,False,0.0,False
2025-10-23,WH03,S3,15,120,7440,7440,7.75,7650,97.25,0,61,0.82,96.25,279,7161,2025,10,October,Thursday,False,Very High,True,0.0,False
2025-10-23,WH04,S1,23,184,14024,14024,9.527173913043478,15842,88.52,0,146,1.04,95.67,607,13417,2025,10,October,Thursday,False,Very High,True,0.0,False
2025-10-23,WH04,S2,22,176,11864,11864,8.426136363636363,14432,82.21,0,113,0.95,97.01,355,11509,2025,10,October,Thursday,False,High,False,0.0,False
2025-10-23,WH04,S3,17,136,7064,14128,6.492647058823529,9479,74.52,0,59,0.84,96.34,259,6805,2025,10,October,Thursday,False,Normal,False,0.0,False
2025-10-23,WH05,S1,18,144,8440,8440,7.326388888888889,10584,79.74,0,52,0.62,95.04,419,8021,2025,10,October,Thursday,False,High,False,0.0,False
2025-10-23,WH05,S2,17,136,10176,10176,9.352941176470589,9520,106.89,656,113,1.11,88.46,1174,9002,2025,10,October,Thursday,False,Over Capacity,True,6.45,True
2025-10-23,WH05,S3,14,112,6816,6816,7.607142857142857,6664,102.28,152,114,1.67,96.25,255,6561,2025,10,October,Thursday,False,Over Capacity,True,2.23,False
2025-10-24,WH01,S1,25,200,14872,14872,9.295,17850,83.32,0,152,1.02,97.93,308,14564,2025,10,October,Friday,False,High,False,0.0,False
2025-10-24,WH01,S2,24,192,11976,11976,7.796875,16320,73.38,0,91,0.76,96.66,400,11576,2025,10,October,Friday,False,Normal,False,0.0,False
2025-10-24,WH01,S3,19,152,10088,20176,8.296052631578947,10982,91.86,0,103,1.02,97.57,245,9843,2025,10,October,Friday,False,Very High,True,0.0,False
2025-10-24,WH02,S1,30,240,19720,19720,10.270833333333334,22680,86.95,0,185,0.94,98.13,369,19351,2025,10,October,Friday,False,Very High,True,0.0,False
2025-10-24,WH02,S2,28,224,16464,16464,9.1875,20160,81.67,0,137,0.83,95.28,777,15687,2025,10,October,Friday,False,High,False,0.0,False
2025-10-24,WH02,S3,22,176,14240,14240,10.113636363636363,13464,105.76,776,140,0.98,88.35,1659,12581,2025,10,October,Friday,False,Over Capacity,True,5.45,True
2025-10-24,WH03,S1,20,160,15960,31920,12.46875,12600,126.67,3360,168,1.05,88.18,1887,14073,2025,10,October,Friday,False,Over Capacity,True,21.05,True
2025-10-24,WH03,S2,19,152,11512,11512,9.467105263157896,11400,100.98,112,156,1.36,97.58,278,11234,2025,10,October,Friday,False,Over Capacity,True,0.97,False
2025-10-24,WH03,S3,15,120,8264,16528,8.608333333333333,7650,108.03,614,95,1.15,87.69,1017,7247,2025,10,October,Friday,False,Over Capacity,True,7.43,True
2025-10-24,WH04,S1,23,184,16416,49248,11.152173913043478,15842,103.62,574,206,1.25,87.7,2019,14397,2025,10,October,Friday,False,Over Capacity,True,3.5,True
2025-10-24,WH04,S2,22,176,11328,22656,8.045454545454545,14432,78.49,0,105,0.93,95.46,515,10813,2025,10,October,Friday,False,High,False,0.0,False
2025-10-24,WH04,S3,17,136,9040,9040,8.308823529411764,9479,95.37,0,112,1.24,95.38,417,8623,2025,10,October,Friday,False,Very High,True,0.0,False
2025-10-24,WH05,S1,18,144,10960,10960,9.51388888888889,10584,103.55,376,102,0.93,91.9,888,10072,2025,10,October,Friday,False,Over Capacity,True,3.43,True
2025-10-24,WH05,S2,17,136,9424,9424,8.661764705882353,9520,98.99,0,105,1.11,95.88,388,9036,2025,10,October,Friday,False,Very High,True,0.0,False
2025-10-24,WH05,S3,14,112,6704,13408,7.482142857142857,6664,100.6,40,64,0.95,97.42,173,6531,2025,10,October,Friday,False,Over Capacity,True,0.6,False
2025-10-25,WH01,S1,25,200,8000,8000,5.0,17850,44.82,0,61,0.76,95.28,378,7622,2025,10,October,Saturday,False,Low,False,0.0,False
2025-10-25,WH01,S2,24,192,7376,7376,4.802083333333333,16320,45.2,0,59,0.8,95.9,302,7074,2025,10,October,Saturday,False,Low,False,0.0,False
2025-10-25,WH01,S3,19,152,5800,5800,4.769736842105263,10982,52.81,0,52,0.9,96.89,180,5620,2025,10,October,Saturday,False,Low,False,0.0,False
2025-10-25,WH02,S1,30,240,11912,23824,6.204166666666667,22680,52.52,0,112,0.94,96.85,376,11536,2025,10,October,Saturday,False,Low,False,0.0,False
2025-10-25,WH02,S2,28,224,10648,21296,5.941964285714286,20160,52.82,0,78,0.73,95.56,473,10175,2025,10,October,Saturday,False,Low,False,0.0,False
2025-10-25,WH02,S3,22,176,6456,19368,4.5852272727272725,13464,47.95,0,49,0.76,95.63,282,6174,2025,10,October,Saturday,False,Low,False,0.0,False
2025-10-25,WH03,S1,20,160,7648,7648,5.975,12600,60.7,0,57,0.75,94.64,410,7238,2025,10,October,Saturday,False,Normal,False,0.0,False
2025-10-25,WH03,S2,19,152,5944,5944,4.8881578947368425,11400,52.14,0,45,0.76,96.08,233,5711,2025,10,October,Saturday,False,Low,False,0.0,False
2025-10-25,WH03,S3,15,120,4816,14448,5.016666666666667,7650,62.95,0,36,0.75,97.23,133,4683,2025,10,October,Saturday,False,Normal,False,0.0,False
2025-10-25,WH04,S1,23,184,7584,7584,5.152173913043479,15842,47.87,0,66,0.87,94.99,380,7204,2025,10,October,Saturday,False,Low,False,0.0,False
2025-10-25,WH04,S2,22,176,6776,6776,4.8125,14432,46.95,0,57,0.84,95.74,289,6487,2025,10,October,Saturday,False,Low,False,0.0,False
2025-10-25,WH04,S3,17,136,5112,5112,4.698529411764706,9479,53.93,0,49,0.96,97.15,146,4966,2025,10,October,Saturday,False,Low,False,0.0,False
2025-10-25,WH05,S1,18,144,5544,5544,4.8125,10584,52.38,0,43,0.78,96.23,209,5335,2025,10,October,Saturday,False,Low,False,0.0,False
2025-10-25,WH05,S2,17,136,5960,17880,5.477941176470588,9520,62.61,0,59,0.99,95.39,274,5686,2025,10,October,Saturday,False,Normal,False,0.0,False
2025-10-25,WH05,S3,14,112,4056,8112,4.526785714285714,6664,60.86,0,28,0.69,95.32,190,3866,2025,10,October,Saturday,False,Normal,False,0.0,False
2025-10-26,WH01,S1,25,200,8024,8024,5.015,17850,44.95,0,61,0.76,95.09,394,7630,2025,10,October,Sunday,True,Low,False,0.0,False
2025-10-26,WH01,S2,24,192,6592,6592,4.291666666666667,16320,40.39,0,65,0.99,95.08,324,6268,2025,10,October,Sunday,True,Low,False,0.0,False
2025-10-26,WH01,S3,19,152,5272,5272,4.3355263157894735,10982,48.01,0,51,0.97,96.35,192,5080,2025,10,October,Sunday,True,Low,False,0.0,False
2025-10-26,WH02,S1,30,240,7896,15792,4.1125,22680,34.81,0,58,0.73,96.59,269,7627,2025,10,October,Sunday,True,Low,False,0.0,False
2025-10-26,WH02,S2,28,224,7056,7056,3.9375,20160,35.0,0,74,1.05,95.15,342,6714,2025,10,October,Sunday,True,Low,False,0.0,False
2025-10-26,WH02,S3,22,176,6048,12096,4.295454545454546,13464,44.92,0,53,0.88,95.33,282,5766,2025,10,October,Sunday,True,Low,False,0.0,False
2025-10-26,WH03,S1,20,160,7024,14048,5.4875,12600,55.75,0,64,0.91,95.88,290,6734,2025,10,October,Sunday,True,Low,False,0.0,False
2025-10-26,WH03,S2,19,152,6400,12800,5.2631578947368425,11400,56.14,0,51,0.8,95.17,309,6091,2025,10,October,Sunday,True,Low,False,0.0,False
2025-10-26,WH03,S3,15,120,4328,4328,4.508333333333334,7650,56.58,0,25,0.58,96.14,167,4161,2025,10,October,Sunday,True,Low,False,0.0,False
2025-10-26,WH04,S1,23,184,7088,7088,4.815217391304348,15842,44.74,0,66,0.93,95.8,298,6790,2025,10,October,Sunday,True,Low,False,0.0,False
2025-10-26,WH04,S2,22,176,5720,5720,4.0625,14432,39.63,0,61,1.07,96.15,220,5500,2025,10,October,Sunday,True,Low,False,0.0,False
2025-10-26,WH04,S3,17,136,4824,4824,4.4338235294117645,9479,50.89,0,47,0.97,96.43,172,4652,2025,10,October,Sunday,True,Low,False,0.0,False
2025-10-26,WH05,S1,18,144,5296,15888,4.597222222222222,10584,50.04,0,36,0.68,98.09,101,5195,2025,10,October,Sunday,True,Low,False,0.0,False
2025-10-26,WH05,S2,17,136,4336,4336,3.985294117647059,9520,45.55,0,29,0.67,95.22,207,4129,2025,10,October,Sunday,True,Low,False,0.0,False
2025-10-26,WH05,S3,14,112,3112,6224,3.4732142857142856,6664,46.7,0,28,0.9,96.32,114,2998,2025,10,October,Sunday,True,Low,False,0.0,False
2025-10-27,WH01,S1,25,200,15512,46536,9.695,17850,86.9,0,154,0.99,95.18,748,14764,2025,10,October,Monday,False,Very High,True,0.0,False
2025-10-27,WH01,S2,24,192,12392,12392,8.067708333333334,16320,75.93,0,86,0.69,95.12,605,11787,2025,10,October,Monday,False,High,False,0.0,False
2025-10-27,WH01,S3,19,152,10344,10344,8.506578947368421,10982,94.19,0,112,1.08,95.5,466,9878,2025,10,October,Monday,False,Very High,True,0.0,False
2025-10-27,WH02,S1,30,240,19416,38832,10.1125,22680,85.61,0,225,1.16,94.93,985,18431,2025,10,October,Monday,False,Very High,True,0.0,False
2025-10-27,WH02,S2,28,224,14832,29664,8.276785714285714,20160,73.57,0,90,0.61,94.76,777,14055,2025,10,October,Monday,False,Normal,False,0.0,False
2025-10-27,WH02,S3,22,176,9512,9512,6.755681818181818,13464,70.65,0,109,1.15,95.33,444,9068,2025,10,October,Monday,False,Normal,False,0.0,False
2025-10-27,WH03,S1,20,160,11072,11072,8.65,12600,87.87,0,117,1.06,95.45,503,10569,2025,10,October,Monday,False,Very High,True,0.0,False
2025-10-27,WH03,S2,19,152,10360,20720,8.519736842105264,11400,90.88,0,103,0.99,96.67,345,10015,2025,10,October,Monday,False,Very High,True,0.0,False
2025-10-27,WH03,S3,15,120,7688,15376,8.008333333333333,7650,100.5,38,65,0.85,96.46,272,7416,2025,10,October,Monday,False,Over Capacity,True,0.49,False
2025-10-27,WH04,S1,23,184,14304,14304,9.717391304347826,15842,90.29,0,126,0.88,94.62,769,13535,2025,10,October,Monday,False,Very High,True,0.0,False
2025-10-27,WH04,S2,22,176,11792,23584,8.375,14432,81.71,0,101,0.86,95.98,474,11318,2025,10,October,Monday,False,High,False,0.0,False
2025-10-27,WH04,S3,17,136,7800,15600,7.169117647058823,9479,82.29,0,65,0.83,96.38,282,7518,2025,10,October,Monday,False,High,False,0.0,False
2025-10-27,WH05,S1,18,144,9592,19184,8.32638888888889,10584,90.63,0,117,1.22,96.79,308,9284,2025,10,October,Monday,False,Very High,True,0.0,False
2025-10-27,WH05,S2,17,136,9904,19808,9.102941176470589,9520,104.03,384,98,0.99,91.59,833,9071,2025,10,October,Monday,False,Over Capacity,True,3.88,True
2025-10-27,WH05,S3,14,112,7232,14464,8.071428571428571,6664,108.52,568,66,0.91,87.6,896,6336,2025,10,October,Monday,False,Over Capacity,True,7.85,True
2025-10-28,WH01,S1,25,200,13200,26400,8.25,17850,73.95,0,117,0.89,95.51,593,12607,2025,10,October,Tuesday,False,Normal,False,0.0,False
2025-10-28,WH01,S2,24,192,12400,24800,8.072916666666666,16320,75.98,0,86,0.69,97.39,324,12076,2025,10,October,Tuesday,False,High,False,0.0,False
2025-10-28,WH01,S3,19,152,9656,9656,7.940789473684211,10982,87.93,0,128,1.33,95.04,479,9177,2025,10,October,Tuesday,False,Very High,True,0.0,False
2025-10-28,WH02,S1,30,240,14488,28976,7.545833333333333,22680,63.88,0,106,0.73,96.09,566,13922,2025,10,October,Tuesday,False,Normal,False,0.0,False
2025-10-28,WH02,S2,28,224,16648,33296,9.290178571428571,20160,82.58,0,152,0.91,96.12,646,16002,2025,10,October,Tuesday,False,High,False,0.0,False
2025-10-28,WH02,S3,22,176,9608,9608,6.823863636363637,13464,71.36,0,76,0.79,95.43,439,9169,2025,10,October,Tuesday,False,Normal,False,0.0,False
2025-10-28,WH03,S1,20,160,12256,12256,9.575,12600,97.27,0,117,0.95,95.45,557,11699,2025,10,October,Tuesday,False,Very High,True,0.0,False
2025-10-28,WH03,S2,19,152,9296,9296,7.644736842105263,11400,81.54,0,75,0.81,94.4,521,8775,2025,10,October,Tuesday,False,High,False,0.0,False
2025-10-28,WH03,S3,15,120,7168,21504,7.466666666666667,7650,93.7,0,76,1.06,97.76,161,7007,2025,10,October,Tuesday,False,Very High,True,0.0,False
2025-10-28,WH04,S1,23,184,11840,35520,8.043478260869565,15842,74.74,0,81,0.68,97.79,262,11578,2025,10,October,Tuesday,False,Normal,False,0.0,False
2025-10-28,WH04,S2,22,176,10816,10816,7.681818181818182,14432,74.94,0,82,0.76,94.11,637,10179,2025,10,October,Tuesday,False,Normal,False,0.0,False
2025-10-28,WH04,S3,17,136,7192,7192,6.610294117647059,9479,75.87,0,65,0.9,96.36,262,6930,2025,10,October,Tuesday,False,High,False,0.0,False
2025-10-28,WH05,S1,18,144,6088,6088,5.284722222222222,10584,57.52,0,59,0.97,96.68,202,5886,2025,10,October,Tuesday,False,Low,False,0.0,False
2025-10-28,WH05,S2,17,136,9320,18640,8.566176470588236,9520,97.9,0,120,1.29,95.79,392,8928,2025,10,October,Tuesday,False,Very High,True,0.0,False
2025-10-28,WH05,S3,14,112,6752,13504,7.535714285714286,6664,101.32,88,81,1.2,97.03,200,6552,2025,10,October,Tuesday,False,Over Capacity,True,1.3,False
2025-10-29,WH01,S1,25,200,15096,15096,9.435,17850,84.57,0,122,0.81,96.91,466,14630,2025,10,October,Wednesday,False,High,False,0.0,False
2025-10-29,WH01,S2,24,192,10896,10896,7.09375,16320,66.76,0,102,0.94,97.23,301,10595,2025,10,October,Wednesday,False,Normal,False,0.0,False
2025-10-29,WH01,S3,19,152,7888,7888,6.4868421052631575,10982,71.83,0,76,0.96,97.14,226,7662,2025,10,October,Wednesday,False,Normal,False,0.0,False
2025-10-29,WH02,S1,30,240,17616,17616,9.175,22680,77.67,0,147,0.83,97.85,379,17237,2025,10,October,Wednesday,False,High,False,0.0,False
2025-10-29,WH02,S2,28,224,17064,34128,9.522321428571429,20160,84.64,0,122,0.71,96.04,675,16389,2025,10,October,Wednesday,False,High,False,0.0,False
2025-10-29,WH02,S3,22,176,11480,34440,8.153409090909092,13464,85.26,0,117,1.02,98.54,168,11312,2025,10,October,Wednesday,False,Very High,True,0.0,False
2025-10-29,WH03,S1,20,160,10808,10808,8.44375,12600,85.78,0,103,0.95,96.75,351,10457,2025,10,October,Wednesday,False,Very High,True,0.0,False
2025-10-29,WH03,S2,19,152,11400,11400,9.375,11400,100.0,0,134,1.18,94.18,664,10736,2025,10,October,Wednesday,False,Over Capacity,True,0.0,False
2025-10-29,WH03,S3,15,120,7736,15472,8.058333333333334,7650,101.12,86,88,1.14,97.41,200,7536,2025,10,October,Wednesday,False,Over Capacity,True,1.11,False
2025-10-29,WH04,S1,23,184,11528,23056,7.831521739130435,15842,72.77,0,104,0.9,95.77,488,11040,2025,10,October,Wednesday,False,Normal,False,0.0,False
2025-10-29,WH04,S2,22,176,14096,28192,10.011363636363637,14432,97.67,0,174,1.23,96.18,539,13557,2025,10,October,Wednesday,False,Very High,True,0.0,False
2025-10-29,WH04,S3,17,136,9952,19904,9.147058823529411,9479,104.99,473,123,1.24,92.24,772,9180,2025,10,October,Wednesday,False,Over Capacity,True,4.75,True
2025-10-29,WH05,S1,18,144,10864,10864,9.430555555555555,10584,102.65,280,121,1.11,93.06,754,10110,2025,10,October,Wednesday,False,Over Capacity,True,2.58,True
2025-10-29,WH05,S2,17,136,8448,16896,7.764705882352941,9520,88.74,0,88,1.04,95.65,368,8080,2025,10,October,Wednesday,False,Very High,True,0.0,False
2025-10-29,WH05,S3,14,112,6000,6000,6.696428571428571,6664,90.04,0,75,1.25,96.33,220,5780,2025,10,October,Wednesday,False,Very High,True,0.0,False
2025-10-30,WH01,S1,25,200,14856,29712,9.285,17850,83.23,0,128,0.86,96.8,475,14381,2025,10,October,Thursday,False,High,False,0.0,False
2025-10-30,WH01,S2,24,192,14760,14760,9.609375,16320,90.44,0,172,1.17,97.88,312,14448,2025,10,October,Thursday,False,Very High,True,0.0,False
2025-10-30,WH01,S3,19,152,9016,18032,7.4144736842105265,10982,82.1,0,74,0.82,96.07,354,8662,2025,10,October,Thursday,False,High,False,0.0,False
2025-10-30,WH02,S1,30,240,17784,17784,9.2625,22680,78.41,0,100,0.56,95.11,869,16915,2025,10,October,Thursday,False,High,False,0.0,False
2025-10-30,WH02,S2,28,224,13496,40488,7.53125,20160,66.94,0,115,0.85,94.45,748,12748,2025,10,October,Thursday,False,Normal,False,0.0,False
2025-10-30,WH02,S3,22,176,11648,11648,8.272727272727273,13464,86.51,0,94,0.81,96.14,449,11199,2025,10,October,Thursday,False,Very High,True,0.0,False
2025-10-30,WH03,S1,20,160,11608,23216,9.06875,12600,92.13,0,164,1.41,96.56,399,11209,2025,10,October,Thursday,False,Very High,True,0.0,False
2025-10-30,WH03,S2,19,152,11168,11168,9.18421052631579,11400,97.96,0,110,0.98,97.01,333,10835,2025,10,October,Thursday,False,Very High,True,0.0,False
2025-10-30,WH03,S3,15,120,7480,14960,7.791666666666667,7650,97.78,0,102,1.36,96.62,253,7227,2025,10,October,Thursday,False,Very High,True,0.0,False
2025-10-30,WH04,S1,23,184,10584,21168,7.190217391304348,15842,66.81,0,91,0.86,95.3,498,10086,2025,10,October,Thursday,False,Normal,False,0.0,False
2025-10-30,WH04,S2,22,176,12232,12232,8.6875,14432,84.76,0,94,0.77,95.05,605,11627,2025,10,October,Thursday,False,High,False,0.0,False
2025-10-30,WH04,S3,17,136,9168,18336,8.426470588235293,9479,96.72,0,108,1.18,95.57,406,8762,2025,10,October,Thursday,False,Very High,True,0.0,False
2025-10-30,WH05,S1,18,144,9608,9608,8.340277777777779,10584,90.78,0,112,1.17,97.45,245,9363,2025,10,October,Thursday,False,Very High,True,0.0,False
2025-10-30,WH05,S2,17,136,10104,20208,9.286764705882351,9520,106.13,584,123,1.22,87.04,1310,8794,2025,10,October,Thursday,False,Over Capacity,True,5.78,True
2025-10-30,WH05,S3,14,112,6576,19728,7.339285714285714,6664,98.68,0,85,1.29,94.23,379,6197,2025,10,October,Thursday,False,Very High,True,0.0,False
2025-10-31,WH01,S1,25,200,14224,14224,8.89,17850,79.69,0,88,0.62,96.16,546,13678,2025,10,October,Friday,False,High,False,0.0,False
2025-10-31,WH01,S2,24,192,12968,12968,8.442708333333334,16320,79.46,0,119,0.92,97.0,389,12579,2025,10,October,Friday,False,High,False,0.0,False
2025-10-31,WH01,S3,19,152,8424,8424,6.927631578947368,10982,76.71,0,92,1.09,98.09,161,8263,2025,10,October,Friday,False,High,False,0.0,False
2025-10-31,WH02,S1,30,240,17960,35920,9.354166666666666,22680,79.19,0,157,0.87,96.28,669,17291,2025,10,October,Friday,False,High,False,0.0,False
2025-10-31,WH02,S2,28,224,18344,18344,10.236607142857142,20160,90.99,0,198,1.08,96.42,658,17686,2025,10,October,Friday,False,Very High,True,0.0,False
2025-10-31,WH02,S3,22,176,11360,11360,8.068181818181818,13464,84.37,0,89,0.78,95.84,472,10888,2025,10,October,Friday,False,High,False,0.0,False
2025-10-31,WH03,S1,20,160,11016,33048,8.60625,12600,87.43,0,136,1.23,95.57,488,10528,2025,10,October,Friday,False,Very High,True,0.0,False
2025-10-31,WH03,S2,19,152,13120,13120,10.789473684210526,11400,115.09,1720,163,1.24,87.97,1578,11542,2025,10,October,Friday,False,Over Capacity,True,13.11,True
2025-10-31,WH03,S3,15,120,8200,8200,8.541666666666666,7650,107.19,550,83,1.01,88.08,978,7222,2025,10,October,Friday,False,Over Capacity,True,6.71,True
2025-10-31,WH04,S1,23,184,13264,39792,9.01086956521739,15842,83.73,0,103,0.78,96.24,498,12766,2025,10,October,Friday,False,High,False,0.0,False
2025-10-31,WH04,S2,22,176,11952,11952,8.488636363636363,14432,82.82,0,122,1.02,97.0,359,11593,2025,10,October,Friday,False,High,False,0.0,False
2025-10-31,WH04,S3,17,136,8160,8160,7.5,9479,86.09,0,94,1.15,96.37,296,7864,2025,10,October,Friday,False,Very High,True,0.0,False
2025-10-31,WH05,S1,18,144,12568,25136,10.90972222222222,10584,118.75,1984,149,1.19,88.3,1471,11097,2025,10,October,Friday,False,Over Capacity,True,15.79,True
2025-10-31,WH05,S2,17,136,9752,9752,8.963235294117647,9520,102.44,232,123,1.26,91.83,797,8955,2025,10,October,Friday,False,Over Capacity,True,2.38,True
2025-10-31,WH05,S3,14,112,7272,7272,8.116071428571429,6664,109.12,608,74,1.02,88.93,805,6467,2025,10,October,Friday,False,Over Capacity,True,8.36,True
2025-11-01,WH01,S1,25,200,11784,11784,7.365,17850,66.02,0,79,0.67,96.08,462,11322,2025,11,November,Saturday,False,Normal,False,0.0,False
2025-11-01,WH01,S2,24,192,7808,7808,5.083333333333333,16320,47.84,0,65,0.83,96.31,288,7520,2025,11,November,Saturday,False,Low,False,0.0,False
2025-11-01,WH01,S3,19,152,6416,6416,5.276315789473684,10982,58.42,0,44,0.69,96.75,208,6208,2025,11,November,Saturday,False,Low,False,0.0,False
2025-11-01,WH02,S1,30,240,12816,12816,6.675,22680,56.51,0,145,1.13,95.59,566,12250,2025,11,November,Saturday,False,Low,False,0.0,False
2025-11-01,WH02,S2,28,224,10672,10672,5.955357142857143,20160,52.94,0,92,0.86,96.45,379,10293,2025,11,November,Saturday,False,Low,False,0.0,False
2025-11-01,WH02,S3,22,176,8824,17648,6.267045454545454,13464,65.54,0,74,0.84,96.71,290,8534,2025,11,November,Saturday,False,Normal,False,0.0,False
2025-11-01,WH03,S1,20,160,8040,16080,6.28125,12600,63.81,0,65,0.81,94.97,404,7636,2025,11,November,Saturday,False,Normal,False,0.0,False
2025-11-01,WH03,S2,19,152,7288,7288,5.993421052631579,11400,63.93,0,57,0.78,94.79,380,6908,2025,11,November,Saturday,False,Normal,False,0.0,False
2025-11-01,WH03,S3,15,120,5264,10528,5.483333333333333,7650,68.81,0,41,0.78,98.32,88,5176,2025,11,November,Saturday,False,Normal,False,0.0,False
2025-11-01,WH04,S1,23,184,8808,8808,5.983695652173913,15842,55.6,0,73,0.83,96.91,272,8536,2025,11,November,Saturday,False,Low,False,0.0,False
2025-11-01,WH04,S2,22,176,9256,18512,6.573863636363637,14432,64.14,0,65,0.7,96.35,338,8918,2025,11,November,Saturday,False,Normal,False,0.0,False
2025-11-01,WH04,S3,17,136,5736,11472,5.272058823529412,9479,60.51,0,54,0.94,96.26,215,5521,2025,11,November,Saturday,False,Normal,False,0.0,False
2025-11-01,WH05,S1,18,144,8912,8912,7.736111111111111,10584,84.2,0,67,0.75,97.6,214,8698,2025,11,November,Saturday,False,High,False,0.0,False
2025-11-01,WH05,S2,17,136,7016,14032,6.448529411764706,9520,73.7,0,63,0.9,95.42,322,6694,2025,11,November,Saturday,False,Normal,False,0.0,False
2025-11-01,WH05,S3,14,112,5368,5368,5.991071428571429,6664,80.55,0,47,0.88,94.82,278,5090,2025,11,November,Saturday,False,High,False,0.0,False
2025-11-02,WH01,S1,25,200,8752,8752,5.47,17850,49.03,0,74,0.85,94.76,458,8294,2025,11,November,Sunday,True,Low,False,0.0,False
2025-11-02,WH01,S2,24,192,8272,8272,5.385416666666667,16320,50.69,0,56,0.68,97.73,188,8084,2025,11,November,Sunday,True,Low,False,0.0,False
2025-11-02,WH01,S3,19,152,5288,5288,4.348684210526316,10982,48.15,0,41,0.78,94.96,267,5021,2025,11,November,Sunday,True,Low,False,0.0,False
2025-11-02,WH02,S1,30,240,11200,11200,5.833333333333333,22680,49.38,0,90,0.8,94.72,591,10609,2025,11,November,Sunday,True,Low,False,0.0,False
2025-11-02,WH02,S2,28,224,8432,8432,4.705357142857143,20160,41.83,0,62,0.74,95.21,403,8029,2025,11,November,Sunday,True,Low,False,0.0,False
2025-11-02,WH02,S3,22,176,6800,6800,4.829545454545454,13464,50.51,0,41,0.6,95.52,305,6495,2025,11,November,Sunday,True,Low,False,0.0,False
2025-11-02,WH03,S1,20,160,8336,16672,6.5125,12600,66.16,0,65,0.78,97.44,213,8123,2025,11,November,Sunday,True,Normal,False,0.0,False
2025-11-02,WH03,S2,19,152,6224,12448,5.118421052631579,11400,54.6,0,60,0.96,96.53,216,6008,2025,11,November,Sunday,True,Low,False,0.0,False
2025-11-02,WH03,S3,15,120,5496,5496,5.725,7650,71.84,0,45,0.82,96.9,171,5325,2025,11,November,Sunday,True,Normal,False,0.0,False
2025-11-02,WH04,S1,23,184,8024,8024,5.451086956521739,15842,50.65,0,69,0.86,96.86,252,7772,2025,11,November,Sunday,True,Low,False,0.0,False
2025-11-02,WH04,S2,22,176,7672,15344,5.448863636363637,14432,53.16,0,63,0.82,96.37,279,7393,2025,11,November,Sunday,True,Low,False,0.0,False
2025-11-02,WH04,S3,17,136,5248,5248,4.823529411764706,9479,55.36,0,39,0.74,95.12,256,4992,2025,11,November,Sunday,True,Low,False,0.0,False
2025-11-02,WH05,S1,18,144,6080,18240,5.277777777777778,10584,57.45,0,52,0.86,96.03,241,5839,2025,11,November,Sunday,True,Low,False,0.0,False
2025-11-02,WH05,S2,17,136,5384,16152,4.948529411764706,9520,56.55,0,35,0.65,94.77,282,5102,2025,11,November,Sunday,True,Low,False,0.0,False
2025-11-02,WH05,S3,14,112,4056,4056,4.526785714285714,6664,60.86,0,35,0.86,97.14,116,3940,2025,11,November,Sunday,True,Normal,False,0.0,False
2025-11-03,WH01,S1,25,200,16872,33744,10.545,17850,94.52,0,163,0.97,96.33,619,16253,2025,11,November,Monday,False,Very High,True,0.0,False
2025-11-03,WH01,S2,24,192,16864,16864,10.979166666666666,16320,103.33,544,203,1.2,88.55,1930,14934,2025,11,November,Monday,False,Over Capacity,True,3.23,True
2025-11-03,WH01,S3,19,152,11112,11112,9.138157894736842,10982,101.18,130,120,1.08,94.89,567,10545,2025,11,November,Monday,False,Over Capacity,True,1.17,True
2025-11-03,WH02,S1,30,240,23784,71352,12.3875,22680,104.87,1104,276,1.16,89.05,2604,21180,2025,11,November,Monday,False,Over Capacity,True,4.64,True
2025-11-03,WH02,S2,28,224,17080,51240,9.53125,20160,84.72,0,142,0.83,95.09,838,16242,2025,11,November,Monday,False,High,False,0.0,False
2025-11-03,WH02,S3,22,176,12728,12728,9.039772727272728,13464,94.53,0,141,1.11,96.26,476,12252,2025,11,November,Monday,False,Very High,True,0.0,False
2025-11-03,WH03,S1,20,160,13456,40368,10.5125,12600,106.79,856,124,0.92,87.06,1741,11715,2025,11,November,Monday,False,Over Capacity,True,6.36,True
2025-11-03,WH03,S2,19,152,13328,26656,10.960526315789474,11400,116.91,1928,157,1.18,86.17,1843,11485,2025,11,November,Monday,False,Over Capacity,True,14.47,True
2025-11-03,WH03,S3,15,120,8920,17840,9.291666666666666,7650,116.6,1270,114,1.28,86.96,1163,7757,2025,11,November,Monday,False,Over Capacity,True,14.24,True
2025-11-03,WH04,S1,23,184,15552,31104,10.565217391304348,15842,98.17,0,204,1.31,95.79,655,14897,2025,11,November,Monday,False,Very High,True,0.0,False
2025-11-03,WH04,S2,22,176,14392,28784,10.221590909090908,14432,99.72,0,171,1.19,96.66,480,13912,2025,11,November,Monday,False,Very High,True,0.0,False
2025-11-03,WH04,S3,17,136,8296,8296,7.625,9479,87.52,0,59,0.71,93.78,516,7780,2025,11,November,Monday,False,Very High,True,0.0,False
2025-11-03,WH05,S1,18,144,10448,20896,9.069444444444445,10584,98.72,0,160,1.53,95.87,431,10017,2025,11,November,Monday,False,Very High,True,0.0,False
2025-11-03,WH05,S2,17,136,10744,10744,9.875,9520,112.86,1224,126,1.17,88.6,1225,9519,2025,11,November,Monday,False,Over Capacity,True,11.39,True
2025-11-03,WH05,S3,14,112,7816,23448,8.723214285714286,6664,117.29,1152,67,0.86,89.13,849,6967,2025,11,November,Monday,False,Over Capacity,True,14.74,True
2025-11-04,WH01,S1,25,200,17992,17992,11.245,17850,100.8,142,199,1.11,96.2,683,17309,2025,11,November,Tuesday,False,Over Capacity,True,0.79,False
2025-11-04,WH01,S2,24,192,16408,16408,10.682291666666666,16320,100.54,88,183,1.12,97.94,337,16071,2025,11,November,Tuesday,False,Over Capacity,True,0.54,False
2025-11-04,WH01,S3,19,152,10328,10328,8.493421052631579,10982,94.04,0,109,1.06,97.03,307,10021,2025,11,November,Tuesday,False,Very High,True,0.0,False
2025-11-04,WH02,S1,30,240,18696,18696,9.7375,22680,82.43,0,157,0.84,94.91,951,17745,2025,11,November,Tuesday,False,High,False,0.0,False
2025-11-04,WH02,S2,28,224,17488,34976,9.758928571428571,20160,86.75,0,234,1.34,95.54,779,16709,2025,11,November,Tuesday,False,Very High,True,0.0,False
2025-11-04,WH02,S3,22,176,12856,38568,9.130681818181818,13464,95.48,0,166,1.29,96.58,440,12416,2025,11,November,Tuesday,False,Very High,True,0.0,False
2025-11-04,WH03,S1,20,160,14152,14152,11.05625,12600,112.32,1552,100,0.71,86.68,1885,12267,2025,11,November,Tuesday,False,Over Capacity,True,10.97,True
2025-11-04,WH03,S2,19,152,10408,10408,8.55921052631579,11400,91.3,0,142,1.36,95.4,479,9929,2025,11,November,Tuesday,False,Very High,True,0.0,False
2025-11-04,WH03,S3,15,120,9792,9792,10.2,7650,128.0,2142,140,1.43,89.26,1051,8741,2025,11,November,Tuesday,False,Over Capacity,True,21.88,True
2025-11-04,WH04,S1,23,184,13272,13272,9.016304347826088,15842,83.78,0,144,1.08,95.88,546,12726,2025,11,November,Tuesday,False,High,False,0.0,False
2025-11-04,WH04,S2,22,176,12968,25936,9.210227272727272,14432,89.86,0,113,0.87,94.05,772,12196,2025,11,November,Tuesday,False,Very High,True,0.0,False
2025-11-04,WH04,S3,17,136,9296,18592,8.544117647058824,9479,98.07,0,85,0.91,96.35,339,8957,2025,11,November,Tuesday,False,Very High,True,0.0,False
2025-11-04,WH05,S1,18,144,11808,11808,10.25,10584,111.56,1224,113,0.96,87.61,1463,10345,2025,11,November,Tuesday,False,Over Capacity,True,10.37,True
2025-11-04,WH05,S2,17,136,11928,11928,10.963235294117649,9520,125.29,2408,112,0.94,88.59,1362,10566,2025,11,November,Tuesday,False,Over Capacity,True,20.19,True
2025-11-04,WH05,S3,14,112,8048,16096,8.982142857142858,6664,120.77,1384,100,1.24,89.91,812,7236,2025,11,November,Tuesday,False,Over Capacity,True,17.2,True
2025-11-05,WH01,S1,25,200,17040,34080,10.65,17850,95.46,0,207,1.21,95.12,831,16209,2025,11,November,Wednesday,False,Very High,True,0.0,False
2025-11-05,WH01,S2,24,192,16984,16984,11.057291666666666,16320,104.07,664,196,1.15,88.22,2001,14983,2025,11,November,Wednesday,False,Over Capacity,True,3.91,True
2025-11-05,WH01,S3,19,152,9816,19632,8.072368421052632,10982,89.38,0,114,1.16,96.32,361,9455,2025,11,November,Wednesday,False,Very High,True,0.0,False
2025-11-05,WH02,S1,30,240,17704,17704,9.220833333333331,22680,78.06,0,131,0.74,97.19,497,17207,2025,11,November,Wednesday,False,High,False,0.0,False
2025-11-05,WH02,S2,28,224,15744,31488,8.785714285714286,20160,78.1,0,95,0.6,95.87,650,15094,2025,11,November,Wednesday,False,High,False,0.0,False
2025-11-05,WH02,S3,22,176,12568,37704,8.926136363636363,13464,93.35,0,133,1.06,95.0,628,11940,2025,11,November,Wednesday,False,Very High,True,0.0,False
2025-11-05,WH03,S1,20,160,13832,13832,10.80625,12600,109.78,1232,176,1.27,88.26,1624,12208,2025,11,November,Wednesday,False,Over Capacity,True,8.91,True
2025-11-05,WH03,S2,19,152,13072,26144,10.75,11400,114.67,1672,169,1.29,87.05,1693,11379,2025,11,November,Wednesday,False,Over Capacity,True,12.79,True
2025-11-05,WH03,S3,15,120,10208,10208,10.633333333333333,7650,133.44,2558,111,1.09,87.51,1275,8933,2025,11,November,Wednesday,False,Over Capacity,True,25.06,True
2025-11-05,WH04,S1,23,184,12384,24768,8.41304347826087,15842,78.17,0,84,0.68,96.41,444,11940,2025,11,November,Wednesday,False,High,False,0.0,False
2025-11-05,WH04,S2,22,176,14168,14168,10.0625,14432,98.17,0,124,0.88,96.89,441,13727,2025,11,November,Wednesday,False,Very High,True,0.0,False
2025-11-05,WH04,S3,17,136,9136,9136,8.397058823529411,9479,96.38,0,85,0.93,94.06,543,8593,2025,11,November,Wednesday,False,Very High,True,0.0,False
2025-11-05,WH05,S1,18,144,10912,21824,9.47222222222222,10584,103.1,328,125,1.15,91.41,938,9974,2025,11,November,Wednesday,False,Over Capacity,True,3.01,True
2025-11-05,WH05,S2,17,136,12824,25648,11.786764705882351,9520,134.71,3304,154,1.2,88.52,1472,11352,2025,11,November,Wednesday,False,Over Capacity,True,25.76,True
2025-11-05,WH05,S3,14,112,7776,15552,8.678571428571429,6664,116.69,1112,72,0.93,88.89,864,6912,2025,11,November,Wednesday,False,Over Capacity,True,14.3,True
2025-11-06,WH01,S1,25,200,16864,16864,10.54,17850,94.48,0,185,1.1,95.25,801,16063,2025,11,November,Thursday,False,Very High,True,0.0,False
2025-11-06,WH01,S2,24,192,18776,56328,12.223958333333334,16320,115.05,2456,265,1.41,90.06,1867,16909,2025,11,November,Thursday,False,Over Capacity,True,13.08,True
2025-11-06,WH01,S3,19,152,10944,32832,9.0,10982,99.65,0,76,0.69,95.92,446,10498,2025,11,November,Thursday,False,Very High,True,0.0,False
2025-11-06,WH02,S1,30,240,23528,23528,12.254166666666666,22680,103.74,848,225,0.96,89.42,2489,21039,2025,11,November,Thursday,False,Over Capacity,True,3.6,True
2025-11-06,WH02,S2,28,224,22224,22224,12.401785714285714,20160,110.24,2064,278,1.25,87.45,2788,19436,2025,11,November,Thursday,False,Over Capacity,True,9.29,True
2025-11-06,WH02,S3,22,176,12800,25600,9.090909090909092,13464,95.07,0,161,1.26,96.57,439,12361,2025,11,November,Thursday,False,Very High,True,0.0,False
2025-11-06,WH03,S1,20,160,15768,15768,12.31875,12600,125.14,3168,169,1.07,88.34,1838,13930,2025,11,November,Thursday,False,Over Capacity,True,20.09,True
2025-11-06,WH03,S2,19,152,13280,13280,10.921052631578949,11400,116.49,1880,114,0.86,87.34,1682,11598,2025,11,November,Thursday,False,Over Capacity,True,14.16,True
2025-11-06,WH03,S3,15,120,10840,21680,11.291666666666666,7650,141.7,3190,97,0.89,87.49,1356,9484,2025,11,November,Thursday,False,Over Capacity,True,29.43,True
2025-11-06,WH04,S1,23,184,15592,15592,10.592391304347826,15842,98.42,0,170,1.09,95.34,727,14865,2025,11,November,Thursday,False,Very High,True,0.0,False
2025-11-06,WH04,S2,22,176,13584,13584,9.647727272727272,14432,94.12,0,195,1.44,96.29,505,13079,2025,11,November,Thursday,False,Very High,True,0.0,False
2025-11-06,WH04,S3,17,136,11368,11368,10.448529411764708,9479,119.93,1889,141,1.24,88.98,1253,10115,2025,11,November,Thursday,False,Over Capacity,True,16.62,True
2025-11-06,WH05,S1,18,144,14144,14144,12.27777777777778,10584,133.64,3560,162,1.15,88.78,1586,12558,2025,11,November,Thursday,False,Over Capacity,True,25.17,True
2025-11-06,WH05,S2,17,136,12416,12416,11.411764705882351,9520,130.42,2896,138,1.11,87.82,1512,10904,2025,11,November,Thursday,False,Over Capacity,True,23.32,True
2025-11-06,WH05,S3,14,112,7936,7936,8.857142857142858,6664,119.09,1272,93,1.17,87.6,984,6952,2025,11,November,Thursday,False,Over Capacity,True,16.03,True
2025-11-07,WH01,S1,25,200,20936,41872,13.085,17850,117.29,3086,293,1.4,88.22,2467,18469,2025,11,November,Friday,False,Over Capacity,True,14.74,True
2025-11-07,WH01,S2,24,192,15192,30384,9.890625,16320,93.09,0,189,1.24,96.56,522,14670,2025,11,November,Friday,False,Very High,True,0.0,False
2025-11-07,WH01,S3,19,152,13080,26160,10.75657894736842,10982,119.1,2098,158,1.21,88.25,1536,11544,2025,11,November,Friday,False,Over Capacity,True,16.04,True
2025-11-07,WH02,S1,30,240,24336,24336,12.675,22680,107.3,1656,223,0.92,88.53,2791,21545,2025,11,November,Friday,False,Over Capacity,True,6.8,True
2025-11-07,WH02,S2,28,224,21272,21272,11.870535714285714,20160,105.52,1112,223,1.05,90.55,2009,19263,2025,11,November,Friday,False,Over Capacity,True,5.23,True
2025-11-07,WH02,S3,22,176,14216,28432,10.096590909090908,13464,105.59,752,135,0.95,88.57,1625,12591,2025,11,November,Friday,False,Over Capacity,True,5.29,True
2025-11-07,WH03,S1,20,160,15664,15664,12.2375,12600,124.32,3064,166,1.06,89.18,1696,13968,2025,11,November,Friday,False,Over Capacity,True,19.56,True
2025-11-07,WH03,S2,19,152,14816,14816,12.18421052631579,11400,129.96,3416,157,1.06,87.68,1826,12990,2025,11,November,Friday,False,Over Capacity,True,23.06,True
2025-11-07,WH03,S3,15,120,7808,7808,8.133333333333333,7650,102.07,158,99,1.27,95.63,341,7467,2025,11,November,Friday,False,Over Capacity,True,2.02,False
2025-11-07,WH04,S1,23,184,14488,14488,9.842391304347826,15842,91.45,0,172,1.19,97.68,337,14151,2025,11,November,Friday,False,Very High,True,0.0,False
2025-11-07,WH04,S2,22,176,14760,29520,10.482954545454543,14432,102.27,328,180,1.22,91.85,1203,13557,2025,11,November,Friday,False,Over Capacity,True,2.22,True
2025-11-07,WH04,S3,17,136,11896,23792,10.933823529411764,9479,125.5,2417,127,1.07,89.8,1213,10683,2025,11,November,Friday,False,Over Capacity,True,20.32,True
2025-11-07,WH05,S1,18,144,15728,31456,13.65277777777778,10584,148.6,5144,204,1.3,88.4,1824,13904,2025,11,November,Friday,False,Over Capacity,True,32.71,True
2025-11-07,WH05,S2,17,136,12240,12240,11.25,9520,128.57,2720,158,1.29,90.37,1178,11062,2025,11,November,Friday,False,Over Capacity,True,22.22,True
2025-11-07,WH05,S3,14,112,9184,27552,10.25,6664,137.82,2520,115,1.25,88.2,1084,8100,2025,11,November,Friday,False,Over Capacity,True,27.44,True
2025-11-08,WH01,S1,25,200,11016,33048,6.885,17850,61.71,0,101,0.92,95.17,532,10484,2025,11,November,Saturday,False,Normal,False,0.0,False
2025-11-08,WH01,S2,24,192,9672,29016,6.296875,16320,59.26,0,87,0.9,95.34,451,9221,2025,11,November,Saturday,False,Low,False,0.0,False
2025-11-08,WH01,S3,19,152,7536,7536,6.197368421052632,10982,68.62,0,65,0.86,96.03,299,7237,2025,11,November,Saturday,False,Normal,False,0.0,False
2025-11-08,WH02,S1,30,240,11752,23504,6.120833333333334,22680,51.82,0,77,0.66,97.47,297,11455,2025,11,November,Saturday,False,Low,False,0.0,False
2025-11-08,WH02,S2,28,224,8992,17984,5.017857142857143,20160,44.6,0,57,0.63,95.33,420,8572,2025,11,November,Saturday,False,Low,False,0.0,False
2025-11-08,WH02,S3,22,176,8520,8520,6.051136363636363,13464,63.28,0,64,0.75,95.82,356,8164,2025,11,November,Saturday,False,Normal,False,0.0,False
2025-11-08,WH03,S1,20,160,9784,29352,7.64375,12600,77.65,0,69,0.71,94.89,500,9284,2025,11,November,Saturday,False,High,False,0.0,False
2025-11-08,WH03,S2,19,152,9352,9352,7.690789473684211,11400,82.04,0,82,0.88,95.11,457,8895,2025,11,November,Saturday,False,High,False,0.0,False
2025-11-08,WH03,S3,15,120,5776,17328,6.016666666666667,7650,75.5,0,43,0.74,96.55,199,5577,2025,11,November,Saturday,False,High,False,0.0,False
2025-11-08,WH04,S1,23,184,9520,28560,6.467391304347826,15842,60.09,0,74,0.78,94.04,567,8953,2025,11,November,Saturday,False,Normal,False,0.0,False
2025-11-08,WH04,S2,22,176,8600,8600,6.107954545454546,14432,59.59,0,56,0.65,94.82,445,8155,2025,11,November,Saturday,False,Low,False,0.0,False
2025-11-08,WH04,S3,17,136,6208,6208,5.705882352941177,9479,65.49,0,43,0.69,94.41,347,5861,2025,11,November,Saturday,False,Normal,False,0.0,False
2025-11-08,WH05,S1,18,144,8152,8152,7.076388888888889,10584,77.02,0,70,0.86,93.72,512,7640,2025,11,November,Saturday,False,High,False,0.0,False
2025-11-08,WH05,S2,17,136,6936,13872,6.375,9520,72.86,0,52,0.75,97.68,161,6775,2025,11,November,Saturday,False,Normal,False,0.0,False
2025-11-08,WH05,S3,14,112,4856,4856,5.419642857142857,6664,72.87,0,41,0.84,94.88,248,4608,2025,11,November,Saturday,False,Normal,False,0.0,False
2025-11-09,WH01,S1,25,200,7752,7752,4.845,17850,43.43,0,75,0.97,96.49,272,7480,2025,11,November,Sunday,True,Low,False,0.0,False
2025-11-09,WH01,S2,24,192,9200,18400,5.989583333333333,16320,56.37,0,92,1.0,96.07,361,8839,2025,11,November,Sunday,True,Low,False,0.0,False
2025-11-09,WH01,S3,19,152,7160,7160,5.8881578947368425,10982,65.2,0,72,1.01,96.22,271,6889,2025,11,November,Sunday,True,Normal,False,0.0,False
2025-11-09,WH02,S1,30,240,10760,10760,5.604166666666667,22680,47.44,0,91,0.85,96.12,418,10342,2025,11,November,Sunday,True,Low,False,0.0,False
2025-11-09,WH02,S2,28,224,9864,9864,5.504464285714286,20160,48.93,0,79,0.8,96.09,385,9479,2025,11,November,Sunday,True,Low,False,0.0,False
2025-11-09,WH02,S3,22,176,7272,7272,5.164772727272728,13464,54.01,0,62,0.85,95.02,362,6910,2025,11,November,Sunday,True,Low,False,0.0,False
2025-11-09,WH03,S1,20,160,8888,17776,6.94375,12600,70.54,0,67,0.75,96.3,329,8559,2025,11,November,Sunday,True,Normal,False,0.0,False
2025-11-09,WH03,S2,19,152,6480,6480,5.328947368421052,11400,56.84,0,41,0.63,96.16,249,6231,2025,11,November,Sunday,True,Low,False,0.0,False
2025-11-09,WH03,S3,15,120,4704,14112,4.9,7650,61.49,0,30,0.64,97.03,140,4564,2025,11,November,Sunday,True,Normal,False,0.0,False
2025-11-09,WH04,S1,23,184,8800,17600,5.978260869565218,15842,55.55,0,75,0.85,96.64,296,8504,2025,11,November,Sunday,True,Low,False,0.0,False
2025-11-09,WH04,S2,22,176,6296,6296,4.471590909090909,14432,43.63,0,45,0.71,94.64,337,5959,2025,11,November,Sunday,True,Low,False,0.0,False
2025-11-09,WH04,S3,17,136,5352,5352,4.919117647058823,9479,56.46,0,46,0.86,95.71,230,5122,2025,11,November,Sunday,True,Low,False,0.0,False
2025-11-09,WH05,S1,18,144,6024,6024,5.229166666666667,10584,56.92,0,37,0.61,97.79,133,5891,2025,11,November,Sunday,True,Low,False,0.0,False
2025-11-09,WH05,S2,17,136,5392,16176,4.955882352941177,9520,56.64,0,33,0.61,96.75,175,5217,2025,11,November,Sunday,True,Low,False,0.0,False
2025-11-09,WH05,S3,14,112,4008,4008,4.473214285714286,6664,60.14,0,26,0.65,95.72,171,3837,2025,11,November,Sunday,True,Normal,False,0.0,False
2025-11-10,WH01,S1,25,200,16672,33344,10.42,17850,93.4,0,174,1.04,96.97,505,16167,2025,11,November,Monday,False,Very High,True,0.0,False
2025-11-10,WH01,S2,24,192,15896,15896,10.348958333333334,16320,97.4,0,196,1.23,97.78,352,15544,2025,11,November,Monday,False,Very High,True,0.0,False
2025-11-10,WH01,S3,19,152,11552,11552,9.5,10982,105.19,570,118,1.02,88.08,1376,10176,2025,11,November,Monday,False,Over Capacity,True,4.93,True
2025-11-10,WH02,S1,30,240,21080,21080,10.979166666666666,22680,92.95,0,257,1.22,96.49,739,20341,2025,11,November,Monday,False,Very High,True,0.0,False
2025-11-10,WH02,S2,28,224,17664,35328,9.857142857142858,20160,87.62,0,221,1.25,97.64,418,17246,2025,11,November,Monday,False,Very High,True,0.0,False
2025-11-10,WH02,S3,22,176,13216,26432,9.386363636363637,13464,98.16,0,153,1.16,95.49,596,12620,2025,11,November,Monday,False,Very High,True,0.0,False
2025-11-10,WH03,S1,20,160,13232,13232,10.3375,12600,105.02,632,152,1.15,87.86,1606,11626,2025,11,November,Monday,False,Over Capacity,True,4.78,True
2025-11-10,WH03,S2,19,152,12848,12848,10.56578947368421,11400,112.7,1448,149,1.16,87.87,1558,11290,2025,11,November,Monday,False,Over Capacity,True,11.27,True
2025-11-10,WH03,S3,15,120,9224,27672,9.608333333333333,7650,120.58,1574,85,0.92,88.07,1101,8123,2025,11,November,Monday,False,Over Capacity,True,17.06,True
2025-11-10,WH04,S1,23,184,16944,16944,11.51086956521739,15842,106.96,1102,119,0.7,89.37,1802,15142,2025,11,November,Monday,False,Over Capacity,True,6.5,True
2025-11-10,WH04,S2,22,176,13240,13240,9.403409090909092,14432,91.74,0,152,1.15,97.85,284,12956,2025,11,November,Monday,False,Very High,True,0.0,False
2025-11-10,WH04,S3,17,136,12560,25120,11.544117647058824,9479,132.5,3081,133,1.06,87.83,1528,11032,2025,11,November,Monday,False,Over Capacity,True,24.53,True
2025-11-10,WH05,S1,18,144,11992,11992,10.40972222222222,10584,113.3,1408,125,1.04,88.69,1356,10636,2025,11,November,Monday,False,Over Capacity,True,11.74,True
2025-11-10,WH05,S2,17,136,10128,10128,9.308823529411764,9520,106.39,608,121,1.19,89.17,1097,9031,2025,11,November,Monday,False,Over Capacity,True,6.0,True
2025-11-10,WH05,S3,14,112,7976,7976,8.901785714285714,6664,119.69,1312,82,1.03,86.87,1047,6929,2025,11,November,Monday,False,Over Capacity,True,16.45,True
2025-11-11,WH01,S1,25,200,18640,18640,11.65,17850,104.43,790,243,1.3,88.68,2110,16530,2025,11,November,Tuesday,False,Over Capacity,True,4.24,True
2025-11-11,WH01,S2,24,192,13072,26144,8.510416666666666,16320,80.1,0,114,0.87,95.89,538,12534,2025,11,November,Tuesday,False,High,False,0.0,False
2025-11-11,WH01,S3,19,152,9568,9568,7.868421052631579,10982,87.12,0,124,1.3,94.91,487,9081,2025,11,November,Tuesday,False,Very High,True,0.0,False
2025-11-11,WH02,S1,30,240,20552,61656,10.704166666666667,22680,90.62,0,164,0.8,96.54,711,19841,2025,11,November,Tuesday,False,Very High,True,0.0,False
2025-11-11,WH02,S2,28,224,18056,36112,10.075892857142858,20160,89.56,0,247,1.37,97.57,439,17617,2025,11,November,Tuesday,False,Very High,True,0.0,False
2025-11-11,WH02,S3,22,176,11824,35472,8.397727272727273,13464,87.82,0,139,1.18,95.53,529,11295,2025,11,November,Tuesday,False,Very High,True,0.0,False
2025-11-11,WH03,S1,20,160,12680,38040,9.90625,12600,100.63,80,143,1.13,95.41,582,12098,2025,11,November,Tuesday,False,Over Capacity,True,0.63,False
2025-11-11,WH03,S2,19,152,11952,23904,9.828947368421051,11400,104.84,552,121,1.01,87.48,1496,10456,2025,11,November,Tuesday,False,Over Capacity,True,4.62,True
2025-11-11,WH03,S3,15,120,10560,10560,11.0,7650,138.04,2910,117,1.11,87.44,1326,9234,2025,11,November,Tuesday,False,Over Capacity,True,27.56,True
2025-11-11,WH04,S1,23,184,17088,51264,11.608695652173912,15842,107.87,1246,172,1.01,89.71,1759,15329,2025,11,November,Tuesday,False,Over Capacity,True,7.29,True
2025-11-11,WH04,S2,22,176,14136,14136,10.039772727272728,14432,97.95,0,146,1.03,94.38,795,13341,2025,11,November,Tuesday,False,Very High,True,0.0,False
2025-11-11,WH04,S3,17,136,10616,10616,9.757352941176473,9479,111.99,1137,109,1.03,86.95,1385,9231,2025,11,November,Tuesday,False,Over Capacity,True,10.71,True
2025-11-11,WH05,S1,18,144,12592,12592,10.930555555555555,10584,118.97,2008,140,1.11,88.24,1480,11112,2025,11,November,Tuesday,False,Over Capacity,True,15.95,True
2025-11-11,WH05,S2,17,136,9272,18544,8.522058823529411,9520,97.39,0,101,1.09,94.85,478,8794,2025,11,November,Tuesday,False,Very High,True,0.0,False
2025-11-11,WH05,S3,14,112,7552,7552,8.428571428571429,6664,113.33,888,78,1.03,87.43,949,6603,2025,11,November,Tuesday,False,Over Capacity,True,11.76,True
2025-11-12,WH01,S1,25,200,15696,15696,9.81,17850,87.93,0,225,1.43,96.95,479,15217,2025,11,November,Wednesday,False,Very High,True,0.0,False
2025-11-12,WH01,S2,24,192,14896,29792,9.697916666666666,16320,91.27,0,151,1.01,97.89,314,14582,2025,11,November,Wednesday,False,Very High,True,0.0,False
2025-11-12,WH01,S3,19,152,11592,11592,9.532894736842104,10982,105.55,610,138,1.19,88.06,1385,10207,2025,11,November,Wednesday,False,Over Capacity,True,5.26,True
2025-11-12,WH02,S1,30,240,21440,42880,11.166666666666666,22680,94.53,0,298,1.39,96.62,726,20714,2025,11,November,Wednesday,False,Very High,True,0.0,False
2025-11-12,WH02,S2,28,224,17472,34944,9.75,20160,86.67,0,207,1.18,95.15,847,16625,2025,11,November,Wednesday,False,Very High,True,0.0,False
2025-11-12,WH02,S3,22,176,13240,13240,9.403409090909092,13464,98.34,0,138,1.04,95.64,577,12663,2025,11,November,Wednesday,False,Very High,True,0.0,False
2025-11-12,WH03,S1,20,160,13616,13616,10.6375,12600,108.06,1016,146,1.07,87.94,1643,11973,2025,11,November,Wednesday,False,Over Capacity,True,7.46,True
2025-11-12,WH03,S2,19,152,12720,12720,10.460526315789474,11400,111.58,1320,164,1.29,88.05,1521,11199,2025,11,November,Wednesday,False,Over Capacity,True,10.38,True
2025-11-12,WH03,S3,15,120,9616,19232,10.016666666666667,7650,125.7,1966,105,1.09,87.17,1234,8382,2025,11,November,Wednesday,False,Over Capacity,True,20.45,True
2025-11-12,WH04,S1,23,184,14968,14968,10.168478260869565,15842,94.48,0,160,1.07,95.36,695,14273,2025,11,November,Wednesday,False,Very High,True,0.0,False
2025-11-12,WH04,S2,22,176,12080,12080,8.579545454545455,14432,83.7,0,104,0.86,95.94,491,11589,2025,11,November,Wednesday,False,High,False,0.0,False
2025-11-12,WH04,S3,17,136,9368,9368,8.610294117647058,9479,98.83,0,118,1.26,94.62,504,8864,2025,11,November,Wednesday,False,Very High,True,0.0,False
2025-11-12,WH05,S1,18,144,12768,38304,11.083333333333334,10584,120.63,2184,148,1.16,87.68,1572,11196,2025,11,November,Wednesday,False,Over Capacity,True,17.11,True
2025-11-12,WH05,S2,17,136,11840,23680,10.882352941176473,9520,124.37,2320,127,1.07,87.51,1479,10361,2025,11,November,Wednesday,False,Over Capacity,True,19.59,True
2025-11-12,WH05,S3,14,112,8808,8808,9.830357142857142,6664,132.17,2144,95,1.08,88.61,1004,7804,2025,11,November,Wednesday,False,Over Capacity,True,24.34,True
2025-11-13,WH01,S1,25,200,14720,44160,9.2,17850,82.46,0,127,0.86,95.58,650,14070,2025,11,November,Thursday,False,High,False,0.0,False
2025-11-13,WH01,S2,24,192,12776,12776,8.317708333333334,16320,78.28,0,93,0.73,96.87,400,12376,2025,11,November,Thursday,False,High,False,0.0,False
2025-11-13,WH01,S3,19,152,11504,11504,9.460526315789474,10982,104.75,522,163,1.42,88.1,1369,10135,2025,11,November,Thursday,False,Over Capacity,True,4.54,True
2025-11-13,WH02,S1,30,240,22408,22408,11.670833333333333,22680,98.8,0,248,1.11,96.19,853,21555,2025,11,November,Thursday,False,Very High,True,0.0,False
2025-11-13,WH02,S2,28,224,19432,19432,10.84375,20160,96.39,0,168,0.86,96.26,727,18705,2025,11,November,Thursday,False,Very High,True,0.0,False
2025-11-13,WH02,S3,22,176,12160,24320,8.636363636363637,13464,90.31,0,136,1.12,96.72,399,11761,2025,11,November,Thursday,False,Very High,True,0.0,False
2025-11-13,WH03,S1,20,160,17304,17304,13.51875,12600,137.33,4704,229,1.32,88.58,1976,15328,2025,11,November,Thursday,False,Over Capacity,True,27.18,True
2025-11-13,WH03,S2,19,152,12296,12296,10.111842105263158,11400,107.86,896,156,1.27,87.95,1481,10815,2025,11,November,Thursday,False,Over Capacity,True,7.29,True
2025-11-13,WH03,S3,15,120,8336,8336,8.683333333333334,7650,108.97,686,62,0.74,89.45,879,7457,2025,11,November,Thursday,False,Over Capacity,True,8.23,True
2025-11-13,WH04,S1,23,184,16040,16040,10.896739130434783,15842,101.25,198,165,1.03,97.34,427,15613,2025,11,November,Thursday,False,Over Capacity,True,1.23,False
2025-11-13,WH04,S2,22,176,13688,27376,9.721590909090908,14432,94.84,0,142,1.04,95.55,609,13079,2025,11,November,Thursday,False,Very High,True,0.0,False
2025-11-13,WH04,S3,17,136,7640,7640,7.022058823529412,9479,80.6,0,61,0.8,95.11,374,7266,2025,11,November,Thursday,False,High,False,0.0,False
2025-11-13,WH05,S1,18,144,13144,13144,11.40972222222222,10584,124.19,2560,119,0.91,88.45,1518,11626,2025,11,November,Thursday,False,Over Capacity,True,19.48,True
2025-11-13,WH05,S2,17,136,9592,28776,8.816176470588236,9520,100.76,72,107,1.12,95.05,475,9117,2025,11,November,Thursday,False,Over Capacity,True,0.75,False
2025-11-13,WH05,S3,14,112,7856,7856,8.767857142857142,6664,117.89,1192,89,1.13,88.74,885,6971,2025,11,November,Thursday,False,Over Capacity,True,15.17,True
2025-11-14,WH01,S1,25,200,21768,21768,13.605,17850,121.95,3918,300,1.38,88.67,2466,19302,2025,11,November,Friday,False,Over Capacity,True,18.0,True
2025-11-14,WH01,S2,24,192,17760,53280,11.5625,16320,108.82,1440,192,1.08,88.33,2073,15687,2025,11,November,Friday,False,Over Capacity,True,8.11,True
2025-11-14,WH01,S3,19,152,11024,11024,9.06578947368421,10982,100.38,42,141,1.28,96.86,346,10678,2025,11,November,Friday,False,Over Capacity,True,0.38,False
2025-11-14,WH02,S1,30,240,21984,21984,11.45,22680,96.93,0,239,1.09,95.62,964,21020,2025,11,November,Friday,False,Very High,True,0.0,False
2025-11-14,WH02,S2,28,224,19360,19360,10.803571428571429,20160,96.03,0,215,1.11,96.31,714,18646,2025,11,November,Friday,False,Very High,True,0.0,False
2025-11-14,WH02,S3,22,176,12496,37488,8.875,13464,92.81,0,155,1.24,97.5,312,12184,2025,11,November,Friday,False,Very High,True,0.0,False
2025-11-14,WH03,S1,20,160,15696,47088,12.2625,12600,124.57,3096,124,0.79,88.7,1773,13923,2025,11,November,Friday,False,Over Capacity,True,19.72,True
2025-11-14,WH03,S2,19,152,13800,27600,11.348684210526317,11400,121.05,2400,133,0.96,88.94,1527,12273,2025,11,November,Friday,False,Over Capacity,True,17.39,True
2025-11-14,WH03,S3,15,120,9384,9384,9.775,7650,122.67,1734,122,1.3,87.41,1181,8203,2025,11,November,Friday,False,Over Capacity,True,18.48,True
2025-11-14,WH04,S1,23,184,15440,30880,10.48913043478261,15842,97.46,0,168,1.09,96.46,547,14893,2025,11,November,Friday,False,Very High,True,0.0,False
2025-11-14,WH04,S2,22,176,12040,12040,8.551136363636363,14432,83.43,0,96,0.8,95.58,532,11508,2025,11,November,Friday,False,High,False,0.0,False
2025-11-14,WH04,S3,17,136,12168,12168,11.183823529411764,9479,128.37,2689,138,1.13,88.95,1345,10823,2025,11,November,Friday,False,Over Capacity,True,22.1,True
2025-11-14,WH05,S1,18,144,17112,34224,14.854166666666666,10584,161.68,6528,185,1.08,88.12,2033,15079,2025,11,November,Friday,False,Over Capacity,True,38.15,True
2025-11-14,WH05,S2,17,136,10928,32784,10.044117647058824,9520,114.79,1408,133,1.22,87.05,1415,9513,2025,11,November,Friday,False,Over Capacity,True,12.88,True
2025-11-14,WH05,S3,14,112,8776,26328,9.794642857142858,6664,131.69,2112,98,1.12,87.91,1061,7715,2025,11,November,Friday,False,Over Capacity,True,24.07,True
2025-11-15,WH01,S1,25,200,10840,10840,6.775,17850,60.73,0,76,0.7,95.73,463,10377,2025,11,November,Saturday,False,Normal,False,0.0,False
2025-11-15,WH01,S2,24,192,9944,9944,6.473958333333333,16320,60.93,0,90,0.91,97.29,269,9675,2025,11,November,Saturday,False,Normal,False,0.0,False
2025-11-15,WH01,S3,19,152,6512,19536,5.355263157894737,10982,59.3,0,63,0.97,95.7,280,6232,2025,11,November,Saturday,False,Low,False,0.0,False
2025-11-15,WH02,S1,30,240,12384,12384,6.45,22680,54.6,0,125,1.01,96.3,458,11926,2025,11,November,Saturday,False,Low,False,0.0,False
2025-11-15,WH02,S2,28,224,10872,21744,6.066964285714286,20160,53.93,0,89,0.82,96.56,374,10498,2025,11,November,Saturday,False,Low,False,0.0,False
2025-11-15,WH02,S3,22,176,8448,8448,6.0,13464,62.75,0,81,0.96,96.42,302,8146,2025,11,November,Saturday,False,Normal,False,0.0,False
2025-11-15,WH03,S1,20,160,8672,8672,6.775,12600,68.83,0,63,0.73,97.29,235,8437,2025,11,November,Saturday,False,Normal,False,0.0,False
2025-11-15,WH03,S2,19,152,6480,12960,5.328947368421052,11400,56.84,0,41,0.63,96.62,219,6261,2025,11,November,Saturday,False,Low,False,0.0,False
2025-11-15,WH03,S3,15,120,6248,6248,6.508333333333334,7650,81.67,0,33,0.53,96.29,232,6016,2025,11,November,Saturday,False,High,False,0.0,False
2025-11-15,WH04,S1,23,184,11600,11600,7.880434782608695,15842,73.22,0,75,0.65,95.89,476,11124,2025,11,November,Saturday,False,Normal,False,0.0,False
2025-11-15,WH04,S2,22,176,7784,7784,5.528409090909091,14432,53.94,0,58,0.75,96.19,296,7488,2025,11,November,Saturday,False,Low,False,0.0,False
2025-11-15,WH04,S3,17,136,6728,20184,6.1838235294117645,9479,70.98,0,40,0.59,96.52,234,6494,2025,11,November,Saturday,False,Normal,False,0.0,False
2025-11-15,WH05,S1,18,144,7032,7032,6.104166666666667,10584,66.44,0,54,0.77,96.16,270,6762,2025,11,November,Saturday,False,Normal,False,0.0,False
2025-11-15,WH05,S2,17,136,6960,20880,6.397058823529412,9520,73.11,0,50,0.72,95.02,347,6613,2025,11,November,Saturday,False,Normal,False,0.0,False
2025-11-15,WH05,S3,14,112,4504,9008,5.026785714285714,6664,67.59,0,37,0.82,95.49,203,4301,2025,11,November,Saturday,False,Normal,False,0.0,False
2025-11-16,WH01,S1,25,200,10016,20032,6.26,17850,56.11,0,69,0.69,95.2,481,9535,2025,11,November,Sunday,True,Low,False,0.0,False
2025-11-16,WH01,S2,24,192,8328,16656,5.421875,16320,51.03,0,49,0.59,98.62,115,8213,2025,11,November,Sunday,True,Low,False,0.0,False
2025-11-16,WH01,S3,19,152,5424,5424,4.4605263157894735,10982,49.39,0,36,0.66,95.54,242,5182,2025,11,November,Sunday,True,Low,False,0.0,False
2025-11-16,WH02,S1,30,240,10136,10136,5.279166666666667,22680,44.69,0,77,0.76,94.98,509,9627,2025,11,November,Sunday,True,Low,False,0.0,False
2025-11-16,WH02,S2,28,224,8136,8136,4.540178571428571,20160,40.36,0,66,0.81,96.88,254,7882,2025,11,November,Sunday,True,Low,False,0.0,False
2025-11-16,WH02,S3,22,176,8040,16080,5.7102272727272725,13464,59.71,0,68,0.85,94.66,430,7610,2025,11,November,Sunday,True,Low,False,0.0,False
2025-11-16,WH03,S1,20,160,8512,8512,6.65,12600,67.56,0,70,0.82,98.26,148,8364,2025,11,November,Sunday,True,Normal,False,0.0,False
2025-11-16,WH03,S2,19,152,6352,6352,5.223684210526316,11400,55.72,0,45,0.71,96.68,211,6141,2025,11,November,Sunday,True,Low,False,0.0,False
2025-11-16,WH03,S3,15,120,5352,5352,5.575,7650,69.96,0,44,0.82,95.23,256,5096,2025,11,November,Sunday,True,Normal,False,0.0,False
2025-11-16,WH04,S1,23,184,7352,7352,4.994565217391305,15842,46.41,0,60,0.82,95.54,328,7024,2025,11,November,Sunday,True,Low,False,0.0,False
2025-11-16,WH04,S2,22,176,7808,7808,5.545454545454546,14432,54.1,0,54,0.69,95.96,315,7493,2025,11,November,Sunday,True,Low,False,0.0,False
2025-11-16,WH04,S3,17,136,4592,4592,4.220588235294118,9479,48.44,0,32,0.7,95.15,223,4369,2025,11,November,Sunday,True,Low,False,0.0,False
2025-11-16,WH05,S1,18,144,6784,13568,5.888888888888889,10584,64.1,0,72,1.06,95.93,276,6508,2025,11,November,Sunday,True,Normal,False,0.0,False
2025-11-16,WH05,S2,17,136,5680,5680,5.220588235294118,9520,59.66,0,61,1.07,94.67,303,5377,2025,11,November,Sunday,True,Low,False,0.0,False
2025-11-16,WH05,S3,14,112,4336,13008,4.839285714285714,6664,65.07,0,34,0.78,94.51,238,4098,2025,11,November,Sunday,True,Normal,False,0.0,False
2025-11-17,WH01,S1,25,200,19848,59544,12.405,17850,111.19,1998,255,1.28,90.34,1917,17931,2025,11,November,Monday,False,Over Capacity,True,10.07,True
2025-11-17,WH01,S2,24,192,15072,45216,9.8125,16320,92.35,0,166,1.1,95.26,715,14357,2025,11,November,Monday,False,Very High,True,0.0,False
2025-11-17,WH01,S3,19,152,11160,22320,9.177631578947368,10982,101.62,178,150,1.34,96.72,366,10794,2025,11,November,Monday,False,Over Capacity,True,1.59,False
2025-11-17,WH02,S1,30,240,20552,20552,10.704166666666667,22680,90.62,0,230,1.12,95.71,882,19670,2025,11,November,Monday,False,Very High,True,0.0,False
2025-11-17,WH02,S2,28,224,16744,50232,9.34375,20160,83.06,0,111,0.66,95.11,818,15926,2025,11,November,Monday,False,High,False,0.0,False
2025-11-17,WH02,S3,22,176,13848,41544,9.835227272727272,13464,102.85,384,160,1.16,91.25,1212,12636,2025,11,November,Monday,False,Over Capacity,True,2.77,True
2025-11-17,WH03,S1,20,160,12080,12080,9.4375,12600,95.87,0,135,1.12,96.12,468,11612,2025,11,November,Monday,False,Very High,True,0.0,False
2025-11-17,WH03,S2,19,152,15424,46272,12.68421052631579,11400,135.3,4024,169,1.1,89.1,1682,13742,2025,11,November,Monday,False,Over Capacity,True,26.09,True
2025-11-17,WH03,S3,15,120,8168,8168,8.508333333333333,7650,106.77,518,72,0.88,88.19,964,7204,2025,11,November,Monday,False,Over Capacity,True,6.34,True
2025-11-17,WH04,S1,23,184,15536,46608,10.554347826086955,15842,98.07,0,163,1.05,95.29,731,14805,2025,11,November,Monday,False,Very High,True,0.0,False
2025-11-17,WH04,S2,22,176,14712,14712,10.448863636363637,14432,101.94,280,151,1.03,91.82,1204,13508,2025,11,November,Monday,False,Over Capacity,True,1.9,True
2025-11-17,WH04,S3,17,136,10696,21392,9.830882352941176,9479,112.84,1217,118,1.1,88.19,1263,9433,2025,11,November,Monday,False,Over Capacity,True,11.38,True
2025-11-17,WH05,S1,18,144,13808,13808,11.98611111111111,10584,130.46,3224,174,1.26,88.66,1565,12243,2025,11,November,Monday,False,Over Capacity,True,23.35,True
2025-11-17,WH05,S2,17,136,12472,37416,11.463235294117649,9520,131.01,2952,180,1.44,88.22,1469,11003,2025,11,November,Monday,False,Over Capacity,True,23.67,True
2025-11-17,WH05,S3,14,112,7696,15392,8.589285714285714,6664,115.49,1032,102,1.33,89.03,844,6852,2025,11,November,Monday,False,Over Capacity,True,13.41,True
2025-11-18,WH01,S1,25,200,17296,17296,10.81,17850,96.9,0,163,0.94,95.53,774,16522,2025,11,November,Tuesday,False,Very High,True,0.0,False
2025-11-18,WH01,S2,24,192,15904,47712,10.354166666666666,16320,97.45,0,156,0.98,96.47,562,15342,2025,11,November,Tuesday,False,Very High,True,0.0,False
2025-11-18,WH01,S3,19,152,10216,10216,8.401315789473685,10982,93.02,0,131,1.28,98.36,168,10048,2025,11,November,Tuesday,False,Very High,True,0.0,False
2025-11-18,WH02,S1,30,240,18192,36384,9.475,22680,80.21,0,149,0.82,95.86,753,17439,2025,11,November,Tuesday,False,High,False,0.0,False
2025-11-18,WH02,S2,28,224,16224,32448,9.053571428571429,20160,80.48,0,104,0.64,94.98,815,15409,2025,11,November,Tuesday,False,High,False,0.0,False
2025-11-18,WH02,S3,22,176,9616,9616,6.829545454545454,13464,71.42,0,78,0.81,96.28,358,9258,2025,11,November,Tuesday,False,Normal,False,0.0,False
2025-11-18,WH03,S1,20,160,12216,12216,9.54375,12600,96.95,0,126,1.03,94.56,664,11552,2025,11,November,Tuesday,False,Very High,True,0.0,False
2025-11-18,WH03,S2,19,152,10784,10784,8.868421052631579,11400,94.6,0,111,1.03,98.32,181,10603,2025,11,November,Tuesday,False,Very High,True,0.0,False
2025-11-18,WH03,S3,15,120,9536,19072,9.933333333333334,7650,124.65,1886,112,1.17,89.27,1023,8513,2025,11,November,Tuesday,False,Over Capacity,True,19.78,True
2025-11-18,WH04,S1,23,184,14312,28624,9.722826086956522,15842,90.34,0,121,0.85,96.87,448,13864,2025,11,November,Tuesday,False,Very High,True,0.0,False
2025-11-18,WH04,S2,22,176,15952,15952,11.329545454545457,14432,110.53,1520,147,0.92,88.67,1807,14145,2025,11,November,Tuesday,False,Over Capacity,True,9.53,True
2025-11-18,WH04,S3,17,136,8832,8832,8.117647058823529,9479,93.17,0,101,1.14,95.92,361,8471,2025,11,November,Tuesday,False,Very High,True,0.0,False
2025-11-18,WH05,S1,18,144,13624,27248,11.82638888888889,10584,128.72,3040,126,0.92,88.09,1622,12002,2025,11,November,Tuesday,False,Over Capacity,True,22.31,True
2025-11-18,WH05,S2,17,136,10808,10808,9.933823529411764,9520,113.53,1288,154,1.42,88.52,1241,9567,2025,11,November,Tuesday,False,Over Capacity,True,11.92,True
2025-11-18,WH05,S3,14,112,7896,15792,8.8125,6664,118.49,1232,88,1.11,88.68,893,7003,2025,11,November,Tuesday,False,Over Capacity,True,15.6,True
2025-11-19,WH01,S1,25,200,17256,17256,10.785,17850,96.67,0,162,0.94,96.54,597,16659,2025,11,November,Wednesday,False,Very High,True,0.0,False
2025-11-19,WH01,S2,24,192,14472,14472,9.421875,16320,88.68,0,170,1.17,96.04,573,13899,2025,11,November,Wednesday,False,Very High,True,0.0,False
2025-11-19,WH01,S3,19,152,10120,10120,8.322368421052632,10982,92.15,0,110,1.09,97.62,241,9879,2025,11,November,Wednesday,False,Very High,True,0.0,False
2025-11-19,WH02,S1,30,240,19808,19808,10.316666666666666,22680,87.34,0,208,1.05,96.36,721,19087,2025,11,November,Wednesday,False,Very High,True,0.0,False
2025-11-19,WH02,S2,28,224,19672,59016,10.977678571428571,20160,97.58,0,276,1.4,97.27,538,19134,2025,11,November,Wednesday,False,Very High,True,0.0,False
2025-11-19,WH02,S3,22,176,13056,13056,9.272727272727272,13464,96.97,0,113,0.87,95.33,610,12446,2025,11,November,Wednesday,False,Very High,True,0.0,False
2025-11-19,WH03,S1,20,160,14216,28432,11.10625,12600,112.83,1616,185,1.3,88.69,1609,12607,2025,11,November,Wednesday,False,Over Capacity,True,11.37,True
2025-11-19,WH03,S2,19,152,13992,41976,11.50657894736842,11400,122.74,2592,144,1.03,87.65,1728,12264,2025,11,November,Wednesday,False,Over Capacity,True,18.52,True
2025-11-19,WH03,S3,15,120,8344,16688,8.691666666666666,7650,109.07,694,79,0.95,87.93,1007,7337,2025,11,November,Wednesday,False,Over Capacity,True,8.32,True
2025-11-19,WH04,S1,23,184,12336,37008,8.380434782608695,15842,77.87,0,96,0.78,96.43,441,11895,2025,11,November,Wednesday,False,High,False,0.0,False
2025-11-19,WH04,S2,22,176,15304,30608,10.869318181818182,14432,106.04,872,137,0.9,89.33,1634,13670,2025,11,November,Wednesday,False,Over Capacity,True,5.7,True
2025-11-19,WH04,S3,17,136,10456,10456,9.610294117647058,9479,110.31,977,104,0.99,88.18,1236,9220,2025,11,November,Wednesday,False,Over Capacity,True,9.34,True
2025-11-19,WH05,S1,18,144,11032,11032,9.57638888888889,10584,104.23,448,106,0.96,92.36,842,10190,2025,11,November,Wednesday,False,Over Capacity,True,4.06,True
2025-11-19,WH05,S2,17,136,10648,21296,9.786764705882351,9520,111.85,1128,136,1.28,88.33,1243,9405,2025,11,November,Wednesday,False,Over Capacity,True,10.59,True
2025-11-19,WH05,S3,14,112,8936,8936,9.973214285714286,6664,134.09,2272,79,0.88,88.26,1049,7887,2025,11,November,Wednesday,False,Over Capacity,True,25.43,True
2025-11-20,WH01,S1,25,200,16576,16576,10.36,17850,92.86,0,249,1.5,97.86,355,16221,2025,11,November,Thursday,False,Very High,True,0.0,False
2025-11-20,WH01,S2,24,192,14472,28944,9.421875,16320,88.68,0,184,1.27,95.46,657,13815,2025,11,November,Thursday,False,Very High,True,0.0,False
2025-11-20,WH01,S3,19,152,12328,24656,10.138157894736842,10982,112.26,1346,132,1.07,88.98,1358,10970,2025,11,November,Thursday,False,Over Capacity,True,10.92,True
2025-11-20,WH02,S1,30,240,20424,20424,10.6375,22680,90.05,0,168,0.82,96.2,776,19648,2025,11,November,Thursday,False,Very High,True,0.0,False
2025-11-20,WH02,S2,28,224,14512,14512,8.098214285714286,20160,71.98,0,106,0.73,96.5,508,14004,2025,11,November,Thursday,False,Normal,False,0.0,False
2025-11-20,WH02,S3,22,176,12896,12896,9.159090909090908,13464,95.78,0,102,0.79,95.73,550,12346,2025,11,November,Thursday,False,Very High,True,0.0,False
2025-11-20,WH03,S1,20,160,13752,27504,10.74375,12600,109.14,1152,143,1.04,88.96,1518,12234,2025,11,November,Thursday,False,Over Capacity,True,8.38,True
2025-11-20,WH03,S2,19,152,12656,12656,10.407894736842104,11400,111.02,1256,179,1.41,88.42,1466,11190,2025,11,November,Thursday,False,Over Capacity,True,9.92,True
2025-11-20,WH03,S3,15,120,10160,10160,10.583333333333334,7650,132.81,2510,102,1.0,88.11,1208,8952,2025,11,November,Thursday,False,Over Capacity,True,24.7,True
2025-11-20,WH04,S1,23,184,15456,15456,10.5,15842,97.56,0,182,1.18,95.18,745,14711,2025,11,November,Thursday,False,Very High,True,0.0,False
2025-11-20,WH04,S2,22,176,15672,31344,11.130681818181818,14432,108.59,1240,219,1.4,90.09,1553,14119,2025,11,November,Thursday,False,Over Capacity,True,7.91,True
2025-11-20,WH04,S3,17,136,10352,20704,9.514705882352942,9479,109.21,873,106,1.02,90.18,1016,9336,2025,11,November,Thursday,False,Over Capacity,True,8.43,True
2025-11-20,WH05,S1,18,144,12512,25024,10.86111111111111,10584,118.22,1928,148,1.18,88.13,1485,11027,2025,11,November,Thursday,False,Over Capacity,True,15.41,True
2025-11-20,WH05,S2,17,136,12512,25024,11.5,9520,131.43,2992,134,1.07,87.59,1553,10959,2025,11,November,Thursday,False,Over Capacity,True,23.91,True
2025-11-20,WH05,S3,14,112,8232,8232,9.1875,6664,123.53,1568,83,1.01,88.26,966,7266,2025,11,November,Thursday,False,Over Capacity,True,19.05,True
2025-11-21,WH01,S1,25,200,15952,47856,9.97,17850,89.37,0,160,1.0,95.77,675,15277,2025,11,November,Friday,False,Very High,True,0.0,False
2025-11-21,WH01,S2,24,192,15824,31648,10.302083333333334,16320,96.96,0,192,1.21,96.02,630,15194,2025,11,November,Friday,False,Very High,True,0.0,False
2025-11-21,WH01,S3,19,152,11352,11352,9.335526315789474,10982,103.37,370,155,1.37,92.36,867,10485,2025,11,November,Friday,False,Over Capacity,True,3.26,True
2025-11-21,WH02,S1,30,240,25432,25432,13.245833333333334,22680,112.13,2752,266,1.05,86.5,3433,21999,2025,11,November,Friday,False,Over Capacity,True,10.82,True
2025-11-21,WH02,S2,28,224,23512,23512,13.120535714285714,20160,116.63,3352,275,1.17,89.54,2458,21054,2025,11,November,Friday,False,Over Capacity,True,14.26,True
2025-11-21,WH02,S3,22,176,13544,13544,9.619318181818182,13464,100.59,80,155,1.14,96.14,523,13021,2025,11,November,Friday,False,Over Capacity,True,0.59,False
2025-11-21,WH03,S1,20,160,16728,16728,13.06875,12600,132.76,4128,225,1.35,87.83,2037,14691,2025,11,November,Friday,False,Over Capacity,True,24.68,True
2025-11-21,WH03,S2,19,152,13376,13376,11.0,11400,117.33,1976,152,1.14,89.69,1380,11996,2025,11,November,Friday,False,Over Capacity,True,14.77,True
2025-11-21,WH03,S3,15,120,9280,9280,9.666666666666666,7650,121.31,1630,103,1.11,88.14,1101,8179,2025,11,November,Friday,False,Over Capacity,True,17.56,True
2025-11-21,WH04,S1,23,184,19352,19352,13.146739130434783,15842,122.16,3510,196,1.01,89.09,2111,17241,2025,11,November,Friday,False,Over Capacity,True,18.14,True
2025-11-21,WH04,S2,22,176,13936,13936,9.897727272727272,14432,96.56,0,143,1.03,96.02,555,13381,2025,11,November,Friday,False,Very High,True,0.0,False
2025-11-21,WH04,S3,17,136,11856,11856,10.897058823529411,9479,125.08,2377,132,1.11,89.32,1266,10590,2025,11,November,Friday,False,Over Capacity,True,20.05,True
2025-11-21,WH05,S1,18,144,15504,31008,13.458333333333334,10584,146.49,4920,187,1.21,88.91,1719,13785,2025,11,November,Friday,False,Over Capacity,True,31.73,True
2025-11-21,WH05,S2,17,136,10552,21104,9.698529411764708,9520,110.84,1032,107,1.01,88.23,1242,9310,2025,11,November,Friday,False,Over Capacity,True,9.78,True
2025-11-21,WH05,S3,14,112,7744,23232,8.642857142857142,6664,116.21,1080,90,1.16,91.43,664,7080,2025,11,November,Friday,False,Over Capacity,True,13.95,True
2025-11-22,WH01,S1,25,200,10600,10600,6.625,17850,59.38,0,56,0.53,96.67,353,10247,2025,11,November,Saturday,False,Low,False,0.0,False
2025-11-22,WH01,S2,24,192,9560,9560,6.223958333333333,16320,58.58,0,63,0.66,96.56,328,9232,2025,11,November,Saturday,False,Low,False,0.0,False
2025-11-22,WH01,S3,19,152,6464,12928,5.315789473684211,10982,58.86,0,56,0.87,94.74,340,6124,2025,11,November,Saturday,False,Low,False,0.0,False
2025-11-22,WH02,S1,30,240,11816,11816,6.154166666666667,22680,52.1,0,109,0.92,96.67,393,11423,2025,11,November,Saturday,False,Low,False,0.0,False
2025-11-22,WH02,S2,28,224,9560,19120,5.334821428571429,20160,47.42,0,64,0.67,94.44,531,9029,2025,11,November,Saturday,False,Low,False,0.0,False
2025-11-22,WH02,S3,22,176,7448,14896,5.289772727272728,13464,55.32,0,55,0.74,96.91,230,7218,2025,11,November,Saturday,False,Low,False,0.0,False
2025-11-22,WH03,S1,20,160,9648,9648,7.5375,12600,76.57,0,77,0.8,95.99,387,9261,2025,11,November,Saturday,False,High,False,0.0,False
2025-11-22,WH03,S2,19,152,8120,24360,6.677631578947368,11400,71.23,0,80,0.99,94.87,416,7704,2025,11,November,Saturday,False,Normal,False,0.0,False
2025-11-22,WH03,S3,15,120,6240,12480,6.5,7650,81.57,0,49,0.79,97.0,187,6053,2025,11,November,Saturday,False,High,False,0.0,False
2025-11-22,WH04,S1,23,184,9240,9240,6.277173913043479,15842,58.33,0,61,0.66,96.59,315,8925,2025,11,November,Saturday,False,Low,False,0.0,False
2025-11-22,WH04,S2,22,176,9264,18528,6.579545454545454,14432,64.19,0,57,0.62,97.86,198,9066,2025,11,November,Saturday,False,Normal,False,0.0,False
2025-11-22,WH04,S3,17,136,6128,6128,5.632352941176471,9479,64.65,0,54,0.88,96.36,223,5905,2025,11,November,Saturday,False,Normal,False,0.0,False
2025-11-22,WH05,S1,18,144,7656,15312,6.645833333333333,10584,72.34,0,63,0.82,96.8,245,7411,2025,11,November,Saturday,False,Normal,False,0.0,False
2025-11-22,WH05,S2,17,136,5792,5792,5.323529411764706,9520,60.84,0,41,0.71,96.45,206,5586,2025,11,November,Saturday,False,Normal,False,0.0,False
2025-11-22,WH05,S3,14,112,5496,10992,6.133928571428571,6664,82.47,0,39,0.71,94.19,319,5177,2025,11,November,Saturday,False,High,False,0.0,False
2025-11-23,WH01,S1,25,200,9184,9184,5.74,17850,51.45,0,78,0.85,96.77,296,8888,2025,11,November,Sunday,True,Low,False,0.0,False
2025-11-23,WH01,S2,24,192,8888,17776,5.786458333333333,16320,54.46,0,71,0.8,96.47,314,8574,2025,11,November,Sunday,True,Low,False,0.0,False
2025-11-23,WH01,S3,19,152,5920,11840,4.868421052631579,10982,53.91,0,46,0.78,95.58,262,5658,2025,11,November,Sunday,True,Low,False,0.0,False
2025-11-23,WH02,S1,30,240,9208,9208,4.795833333333333,22680,40.6,0,76,0.83,97.38,241,8967,2025,11,November,Sunday,True,Low,False,0.0,False
2025-11-23,WH02,S2,28,224,9400,28200,5.245535714285714,20160,46.63,0,66,0.7,96.07,369,9031,2025,11,November,Sunday,True,Low,False,0.0,False
2025-11-23,WH02,S3,22,176,7952,15904,5.6477272727272725,13464,59.06,0,40,0.5,96.74,259,7693,2025,11,November,Sunday,True,Low,False,0.0,False
2025-11-23,WH03,S1,20,160,7520,15040,5.875,12600,59.68,0,66,0.88,94.85,387,7133,2025,11,November,Sunday,True,Low,False,0.0,False
2025-11-23,WH03,S2,19,152,5808,5808,4.776315789473684,11400,50.95,0,43,0.74,96.52,202,5606,2025,11,November,Sunday,True,Low,False,0.0,False
2025-11-23,WH03,S3,15,120,4912,9824,5.116666666666666,7650,64.21,0,43,0.88,96.16,188,4724,2025,11,November,Sunday,True,Normal,False,0.0,False
2025-11-23,WH04,S1,23,184,9392,9392,6.380434782608695,15842,59.29,0,97,1.03,96.15,362,9030,2025,11,November,Sunday,True,Low,False,0.0,False
2025-11-23,WH04,S2,22,176,7688,7688,5.4602272727272725,14432,53.27,0,68,0.88,95.76,326,7362,2025,11,November,Sunday,True,Low,False,0.0,False
2025-11-23,WH04,S3,17,136,4480,4480,4.117647058823529,9479,47.26,0,41,0.92,96.51,156,4324,2025,11,November,Sunday,True,Low,False,0.0,False
2025-11-23,WH05,S1,18,144,6696,6696,5.8125,10584,63.27,0,59,0.88,97.44,172,6524,2025,11,November,Sunday,True,Normal,False,0.0,False
2025-11-23,WH05,S2,17,136,5480,16440,5.036764705882353,9520,57.56,0,40,0.73,94.59,297,5183,2025,11,November,Sunday,True,Low,False,0.0,False
2025-11-23,WH05,S3,14,112,3784,7568,4.223214285714286,6664,56.78,0,27,0.71,95.33,177,3607,2025,11,November,Sunday,True,Low,False,0.0,False
2025-11-24,WH01,S1,25,200,16904,33808,10.565,17850,94.7,0,233,1.38,95.77,715,16189,2025,11,November,Monday,False,Very High,True,0.0,False
2025-11-24,WH01,S2,24,192,15672,15672,10.203125,16320,96.03,0,189,1.21,94.83,810,14862,2025,11,November,Monday,False,Very High,True,0.0,False
2025-11-24,WH01,S3,19,152,12176,24352,10.013157894736842,10982,110.87,1194,130,1.07,88.11,1448,10728,2025,11,November,Monday,False,Over Capacity,True,9.81,True
2025-11-24,WH02,S1,30,240,21576,64728,11.2375,22680,95.13,0,294,1.36,98.19,391,21185,2025,11,November,Monday,False,Very High,True,0.0,False
2025-11-24,WH02,S2,28,224,18384,36768,10.258928571428571,20160,91.19,0,234,1.27,94.87,943,17441,2025,11,November,Monday,False,Very High,True,0.0,False
2025-11-24,WH02,S3,22,176,12904,12904,9.164772727272728,13464,95.84,0,150,1.16,95.69,556,12348,2025,11,November,Monday,False,Very High,True,0.0,False
2025-11-24,WH03,S1,20,160,14624,29248,11.425,12600,116.06,2024,171,1.17,88.41,1695,12929,2025,11,November,Monday,False,Over Capacity,True,13.84,True
2025-11-24,WH03,S2,19,152,11920,23840,9.802631578947368,11400,104.56,520,128,1.07,89.15,1293,10627,2025,11,November,Monday,False,Over Capacity,True,4.36,True
2025-11-24,WH03,S3,15,120,10464,10464,10.9,7650,136.78,2814,97,0.93,87.36,1323,9141,2025,11,November,Monday,False,Over Capacity,True,26.89,True
2025-11-24,WH04,S1,23,184,15296,30592,10.391304347826088,15842,96.55,0,176,1.15,96.75,497,14799,2025,11,November,Monday,False,Very High,True,0.0,False
2025-11-24,WH04,S2,22,176,14728,14728,10.460227272727272,14432,102.05,296,147,1.0,92.81,1059,13669,2025,11,November,Monday,False,Over Capacity,True,2.01,True
2025-11-24,WH04,S3,17,136,11720,23440,10.772058823529411,9479,123.64,2241,136,1.16,88.23,1380,10340,2025,11,November,Monday,False,Over Capacity,True,19.12,True
2025-11-24,WH05,S1,18,144,13184,26368,11.444444444444445,10584,124.57,2600,185,1.4,87.98,1585,11599,2025,11,November,Monday,False,Over Capacity,True,19.72,True
2025-11-24,WH05,S2,17,136,10064,20128,9.25,9520,105.71,544,87,0.86,88.92,1115,8949,2025,11,November,Monday,False,Over Capacity,True,5.41,True
2025-11-24,WH05,S3,14,112,7016,7016,7.830357142857143,6664,105.28,352,76,1.08,92.67,514,6502,2025,11,November,Monday,False,Over Capacity,True,5.02,True
2025-11-25,WH01,S1,25,200,14992,14992,9.37,17850,83.99,0,83,0.55,96.11,584,14408,2025,11,November,Tuesday,False,High,False,0.0,False
2025-11-25,WH01,S2,24,192,15712,15712,10.229166666666666,16320,96.27,0,161,1.02,94.13,923,14789,2025,11,November,Tuesday,False,Very High,True,0.0,False
2025-11-25,WH01,S3,19,152,10176,30528,8.368421052631579,10982,92.66,0,125,1.23,95.34,474,9702,2025,11,November,Tuesday,False,Very High,True,0.0,False
2025-11-25,WH02,S1,30,240,18352,36704,9.558333333333334,22680,80.92,0,84,0.46,97.27,502,17850,2025,11,November,Tuesday,False,High,False,0.0,False
2025-11-25,WH02,S2,28,224,17120,34240,9.553571428571429,20160,84.92,0,131,0.77,96.77,553,16567,2025,11,November,Tuesday,False,High,False,0.0,False
2025-11-25,WH02,S3,22,176,11752,11752,8.346590909090908,13464,87.28,0,145,1.23,95.05,582,11170,2025,11,November,Tuesday,False,Very High,True,0.0,False
2025-11-25,WH03,S1,20,160,15936,31872,12.45,12600,126.48,3336,172,1.08,87.9,1927,14009,2025,11,November,Tuesday,False,Over Capacity,True,20.93,True
2025-11-25,WH03,S2,19,152,12512,12512,10.289473684210526,11400,109.75,1112,150,1.2,88.13,1485,11027,2025,11,November,Tuesday,False,Over Capacity,True,8.89,True
2025-11-25,WH03,S3,15,120,9312,9312,9.7,7650,121.73,1662,122,1.31,87.14,1197,8115,2025,11,November,Tuesday,False,Over Capacity,True,17.85,True
2025-11-25,WH04,S1,23,184,15888,15888,10.793478260869565,15842,100.29,46,138,0.87,93.72,997,14891,2025,11,November,Tuesday,False,Over Capacity,True,0.29,True
2025-11-25,WH04,S2,22,176,12160,12160,8.636363636363637,14432,84.26,0,110,0.9,95.25,577,11583,2025,11,November,Tuesday,False,High,False,0.0,False
2025-11-25,WH04,S3,17,136,10072,10072,9.257352941176473,9479,106.26,593,118,1.17,87.93,1216,8856,2025,11,November,Tuesday,False,Over Capacity,True,5.89,True
2025-11-25,WH05,S1,18,144,12216,12216,10.604166666666666,10584,115.42,1632,142,1.16,88.01,1465,10751,2025,11,November,Tuesday,False,Over Capacity,True,13.36,True
2025-11-25,WH05,S2,17,136,9776,19552,8.985294117647058,9520,102.69,256,113,1.16,94.21,566,9210,2025,11,November,Tuesday,False,Over Capacity,True,2.62,True
2025-11-25,WH05,S3,14,112,7176,7176,8.008928571428571,6664,107.68,512,68,0.95,88.38,834,6342,2025,11,November,Tuesday,False,Over Capacity,True,7.13,True
2025-11-26,WH01,S1,25,200,16264,16264,10.165,17850,91.11,0,156,0.96,93.99,978,15286,2025,11,November,Wednesday,False,Very High,True,0.0,False
2025-11-26,WH01,S2,24,192,13896,41688,9.046875,16320,85.15,0,172,1.24,97.21,388,13508,2025,11,November,Wednesday,False,Very High,True,0.0,False
2025-11-26,WH01,S3,19,152,11576,23152,9.519736842105264,10982,105.41,594,96,0.83,88.4,1343,10233,2025,11,November,Wednesday,False,Over Capacity,True,5.13,True
2025-11-26,WH02,S1,30,240,20752,20752,10.808333333333334,22680,91.5,0,199,0.96,96.09,812,19940,2025,11,November,Wednesday,False,Very High,True,0.0,False
2025-11-26,WH02,S2,28,224,19328,57984,10.785714285714286,20160,95.87,0,222,1.15,96.34,708,18620,2025,11,November,Wednesday,False,Very High,True,0.0,False
2025-11-26,WH02,S3,22,176,11864,23728,8.426136363636363,13464,88.12,0,144,1.21,97.37,313,11551,2025,11,November,Wednesday,False,Very High,True,0.0,False
2025-11-26,WH03,S1,20,160,12512,12512,9.775,12600,99.3,0,152,1.21,95.22,598,11914,2025,11,November,Wednesday,False,Very High,True,0.0,False
2025-11-26,WH03,S2,19,152,11584,23168,9.526315789473683,11400,101.61,184,132,1.14,96.26,433,11151,2025,11,November,Wednesday,False,Over Capacity,True,1.59,False
2025-11-26,WH03,S3,15,120,7856,15712,8.183333333333334,7650,102.69,206,93,1.18,92.61,580,7276,2025,11,November,Wednesday,False,Over Capacity,True,2.62,True
2025-11-26,WH04,S1,23,184,14488,28976,9.842391304347826,15842,91.45,0,207,1.43,96.13,561,13927,2025,11,November,Wednesday,False,Very High,True,0.0,False
2025-11-26,WH04,S2,22,176,13368,13368,9.494318181818182,14432,92.63,0,97,0.73,97.47,338,13030,2025,11,November,Wednesday,False,Very High,True,0.0,False
2025-11-26,WH04,S3,17,136,9632,9632,8.852941176470589,9479,101.61,153,91,0.94,96.5,337,9295,2025,11,November,Wednesday,False,Over Capacity,True,1.59,False
2025-11-26,WH05,S1,18,144,13664,27328,11.86111111111111,10584,129.1,3080,160,1.17,88.01,1638,12026,2025,11,November,Wednesday,False,Over Capacity,True,22.54,True
2025-11-26,WH05,S2,17,136,10136,10136,9.316176470588236,9520,106.47,616,137,1.35,88.44,1172,8964,2025,11,November,Wednesday,False,Over Capacity,True,6.08,True
2025-11-26,WH05,S3,14,112,6928,6928,7.732142857142857,6664,103.96,264,81,1.17,92.98,486,6442,2025,11,November,Wednesday,False,Over Capacity,True,3.81,True
2025-11-27,WH01,S1,25,200,17776,35552,11.11,17850,99.59,0,225,1.27,96.73,581,17195,2025,11,November,Thursday,False,Very High,True,0.0,False
2025-11-27,WH01,S2,24,192,10720,32160,6.979166666666667,16320,65.69,0,84,0.78,95.49,483,10237,2025,11,November,Thursday,False,Normal,False,0.0,False
2025-11-27,WH01,S3,19,152,11040,11040,9.078947368421051,10982,100.53,58,151,1.37,96.14,427,10613,2025,11,November,Thursday,False,Over Capacity,True,0.53,False
2025-11-27,WH02,S1,30,240,21016,21016,10.945833333333333,22680,92.66,0,199,0.95,96.31,775,20241,2025,11,November,Thursday,False,Very High,True,0.0,False
2025-11-27,WH02,S2,28,224,20168,20168,11.254464285714286,20160,100.04,8,175,0.87,95.96,815,19353,2025,11,November,Thursday,False,Over Capacity,True,0.04,False
2025-11-27,WH02,S3,22,176,12808,25616,9.096590909090908,13464,95.13,0,117,0.91,94.25,737,12071,2025,11,November,Thursday,False,Very High,True,0.0,False
2025-11-27,WH03,S1,20,160,15632,15632,12.2125,12600,124.06,3032,205,1.31,87.63,1934,13698,2025,11,November,Thursday,False,Over Capacity,True,19.4,True
2025-11-27,WH03,S2,19,152,13112,13112,10.782894736842104,11400,115.02,1712,145,1.11,88.67,1486,11626,2025,11,November,Thursday,False,Over Capacity,True,13.06,True
2025-11-27,WH03,S3,15,120,9704,9704,10.108333333333333,7650,126.85,2054,103,1.06,88.61,1105,8599,2025,11,November,Thursday,False,Over Capacity,True,21.17,True
2025-11-27,WH04,S1,23,184,14232,14232,9.668478260869565,15842,89.84,0,167,1.17,95.65,619,13613,2025,11,November,Thursday,False,Very High,True,0.0,False
2025-11-27,WH04,S2,22,176,15392,46176,10.931818181818182,14432,106.65,960,108,0.7,87.89,1863,13529,2025,11,November,Thursday,False,Over Capacity,True,6.24,True
2025-11-27,WH04,S3,17,136,11056,33168,10.161764705882351,9479,116.64,1577,114,1.03,89.75,1133,9923,2025,11,November,Thursday,False,Over Capacity,True,14.26,True
2025-11-27,WH05,S1,18,144,11336,11336,9.84027777777778,10584,107.11,752,116,1.02,88.92,1255,10081,2025,11,November,Thursday,False,Over Capacity,True,6.63,True
2025-11-27,WH05,S2,17,136,13728,13728,12.617647058823527,9520,144.2,4208,165,1.2,89.12,1493,12235,2025,11,November,Thursday,False,Over Capacity,True,30.65,True
2025-11-27,WH05,S3,14,112,7176,21528,8.008928571428571,6664,107.68,512,99,1.38,88.07,856,6320,2025,11,November,Thursday,False,Over Capacity,True,7.13,True
2025-11-28,WH01,S1,25,200,16832,16832,10.52,17850,94.3,0,149,0.89,97.02,501,16331,2025,11,November,Friday,False,Very High,True,0.0,False
2025-11-28,WH01,S2,24,192,15416,30832,10.036458333333334,16320,94.46,0,167,1.08,95.56,684,14732,2025,11,November,Friday,False,Very High,True,0.0,False
2025-11-28,WH01,S3,19,152,11584,11584,9.526315789473683,10982,105.48,602,121,1.04,88.41,1342,10242,2025,11,November,Friday,False,Over Capacity,True,5.2,True
2025-11-28,WH02,S1,30,240,17024,17024,8.866666666666667,22680,75.06,0,127,0.75,96.75,554,16470,2025,11,November,Friday,False,High,False,0.0,False
2025-11-28,WH02,S2,28,224,20224,40448,11.285714285714286,20160,100.32,64,233,1.15,96.54,701,19523,2025,11,November,Friday,False,Over Capacity,True,0.32,False
2025-11-28,WH02,S3,22,176,11840,11840,8.409090909090908,13464,87.94,0,154,1.3,94.76,621,11219,2025,11,November,Friday,False,Very High,True,0.0,False
2025-11-28,WH03,S1,20,160,17432,17432,13.61875,12600,138.35,4832,136,0.78,89.05,1909,15523,2025,11,November,Friday,False,Over Capacity,True,27.72,True
2025-11-28,WH03,S2,19,152,12592,12592,10.355263157894736,11400,110.46,1192,120,0.95,88.05,1504,11088,2025,11,November,Friday,False,Over Capacity,True,9.47,True
2025-11-28,WH03,S3,15,120,9528,9528,9.925,7650,124.55,1878,102,1.07,88.98,1050,8478,2025,11,November,Friday,False,Over Capacity,True,19.71,True
2025-11-28,WH04,S1,23,184,16168,16168,10.983695652173912,15842,102.06,326,232,1.43,92.38,1232,14936,2025,11,November,Friday,False,Over Capacity,True,2.02,True
2025-11-28,WH04,S2,22,176,16592,16592,11.784090909090908,14432,114.97,2160,213,1.28,88.3,1942,14650,2025,11,November,Friday,False,Over Capacity,True,13.02,True
2025-11-28,WH04,S3,17,136,10624,10624,9.764705882352942,9479,112.08,1145,97,0.91,87.72,1305,9319,2025,11,November,Friday,False,Over Capacity,True,10.78,True
2025-11-28,WH05,S1,18,144,10912,10912,9.47222222222222,10584,103.1,328,140,1.28,91.12,969,9943,2025,11,November,Friday,False,Over Capacity,True,3.01,True
2025-11-28,WH05,S2,17,136,12176,12176,11.191176470588236,9520,127.9,2656,157,1.29,89.43,1287,10889,2025,11,November,Friday,False,Over Capacity,True,21.81,True
2025-11-28,WH05,S3,14,112,9792,9792,10.928571428571429,6664,146.94,3128,102,1.04,87.37,1236,8556,2025,11,November,Friday,False,Over Capacity,True,31.94,True
2025-11-29,WH01,S1,25,200,11760,35280,7.35,17850,65.88,0,92,0.78,96.86,370,11390,2025,11,November,Saturday,False,Normal,False,0.0,False
2025-11-29,WH01,S2,24,192,9336,18672,6.078125,16320,57.21,0,72,0.77,94.88,478,8858,2025,11,November,Saturday,False,Low,False,0.0,False
2025-11-29,WH01,S3,19,152,6176,18528,5.078947368421052,10982,56.24,0,51,0.83,94.7,327,5849,2025,11,November,Saturday,False,Low,False,0.0,False
2025-11-29,WH02,S1,30,240,12920,25840,6.729166666666667,22680,56.97,0,121,0.94,96.74,422,12498,2025,11,November,Saturday,False,Low,False,0.0,False
2025-11-29,WH02,S2,28,224,12240,12240,6.830357142857143,20160,60.71,0,115,0.94,97.9,258,11982,2025,11,November,Saturday,False,Normal,False,0.0,False
2025-11-29,WH02,S3,22,176,7536,7536,5.352272727272728,13464,55.97,0,53,0.7,96.24,283,7253,2025,11,November,Saturday,False,Low,False,0.0,False
2025-11-29,WH03,S1,20,160,7768,7768,6.06875,12600,61.65,0,65,0.84,95.78,328,7440,2025,11,November,Saturday,False,Normal,False,0.0,False
2025-11-29,WH03,S2,19,152,7872,15744,6.473684210526316,11400,69.05,0,78,0.99,95.23,376,7496,2025,11,November,Saturday,False,Normal,False,0.0,False
2025-11-29,WH03,S3,15,120,5808,5808,6.05,7650,75.92,0,49,0.84,97.99,117,5691,2025,11,November,Saturday,False,High,False,0.0,False
2025-11-29,WH04,S1,23,184,10624,10624,7.217391304347826,15842,67.06,0,84,0.79,96.67,354,10270,2025,11,November,Saturday,False,Normal,False,0.0,False
2025-11-29,WH04,S2,22,176,9504,9504,6.75,14432,65.85,0,91,0.96,95.87,392,9112,2025,11,November,Saturday,False,Normal,False,0.0,False
2025-11-29,WH04,S3,17,136,6736,6736,6.191176470588236,9479,71.06,0,51,0.76,96.33,247,6489,2025,11,November,Saturday,False,Normal,False,0.0,False
2025-11-29,WH05,S1,18,144,7128,7128,6.1875,10584,67.35,0,49,0.69,97.51,178,6950,2025,11,November,Saturday,False,Normal,False,0.0,False
2025-11-29,WH05,S2,17,136,6424,12848,5.904411764705882,9520,67.48,0,39,0.61,98.48,98,6326,2025,11,November,Saturday,False,Normal,False,0.0,False
2025-11-29,WH05,S3,14,112,5200,10400,5.803571428571429,6664,78.03,0,50,0.96,97.01,155,5045,2025,11,November,Saturday,False,High,False,0.0,False
2025-11-30,WH01,S1,25,200,8496,8496,5.31,17850,47.6,0,60,0.71,94.87,435,8061,2025,11,November,Sunday,True,Low,False,0.0,False
2025-11-30,WH01,S2,24,192,7456,14912,4.854166666666667,16320,45.69,0,59,0.79,96.85,235,7221,2025,11,November,Sunday,True,Low,False,0.0,False
2025-11-30,WH01,S3,19,152,5392,10784,4.434210526315789,10982,49.1,0,44,0.82,95.95,218,5174,2025,11,November,Sunday,True,Low,False,0.0,False
2025-11-30,WH02,S1,30,240,11512,11512,5.995833333333334,22680,50.76,0,94,0.82,96.2,437,11075,2025,11,November,Sunday,True,Low,False,0.0,False
2025-11-30,WH02,S2,28,224,10760,10760,6.004464285714286,20160,53.37,0,80,0.74,95.36,499,10261,2025,11,November,Sunday,True,Low,False,0.0,False
2025-11-30,WH02,S3,22,176,6872,20616,4.880681818181818,13464,51.04,0,46,0.67,99.0,69,6803,2025,11,November,Sunday,True,Low,False,0.0,False
2025-11-30,WH03,S1,20,160,9040,9040,7.0625,12600,71.75,0,74,0.82,93.84,556,8484,2025,11,November,Sunday,True,Normal,False,0.0,False
2025-11-30,WH03,S2,19,152,7096,14192,5.8355263157894735,11400,62.25,0,61,0.86,97.06,208,6888,2025,11,November,Sunday,True,Normal,False,0.0,False
2025-11-30,WH03,S3,15,120,5464,5464,5.691666666666666,7650,71.42,0,34,0.62,95.12,266,5198,2025,11,November,Sunday,True,Normal,False,0.0,False
2025-11-30,WH04,S1,23,184,8360,8360,5.679347826086956,15842,52.77,0,57,0.68,96.56,287,8073,2025,11,November,Sunday,True,Low,False,0.0,False
2025-11-30,WH04,S2,22,176,8072,24216,5.732954545454546,14432,55.93,0,65,0.81,94.42,450,7622,2025,11,November,Sunday,True,Low,False,0.0,False
2025-11-30,WH04,S3,17,136,5712,17136,5.25,9479,60.26,0,48,0.84,96.15,220,5492,2025,11,November,Sunday,True,Normal,False,0.0,False
2025-11-30,WH05,S1,18,144,6440,6440,5.590277777777778,10584,60.85,0,45,0.7,96.56,222,6218,2025,11,November,Sunday,True,Normal,False,0.0,False
2025-11-30,WH05,S2,17,136,5752,11504,5.286764705882353,9520,60.42,0,50,0.87,96.0,230,5522,2025,11,November,Sunday,True,Normal,False,0.0,False
2025-11-30,WH05,S3,14,112,4424,13272,4.9375,6664,66.39,0,33,0.75,96.45,157,4267,2025,11,November,Sunday,True,Normal,False,0.0,False
2025-12-01,WH01,S1,25,200,20416,40832,12.76,17850,114.38,2566,249,1.22,88.27,2394,18022,2025,12,December,Monday,False,Over Capacity,True,12.57,True
2025-12-01,WH01,S2,24,192,18616,18616,12.119791666666666,16320,114.07,2296,197,1.06,88.11,2213,16403,2025,12,December,Monday,False,Over Capacity,True,12.33,True
2025-12-01,WH01,S3,19,152,12720,12720,10.460526315789474,10982,115.83,1738,141,1.11,88.1,1513,11207,2025,12,December,Monday,False,Over Capacity,True,13.66,True
2025-12-01,WH02,S1,30,240,25040,50080,13.041666666666666,22680,110.41,2360,239,0.95,90.09,2481,22559,2025,12,December,Monday,False,Over Capacity,True,9.42,True
2025-12-01,WH02,S2,28,224,18848,18848,10.517857142857142,20160,93.49,0,207,1.1,95.44,860,17988,2025,12,December,Monday,False,Very High,True,0.0,False
2025-12-01,WH02,S3,22,176,16520,16520,11.732954545454543,13464,122.7,3056,160,0.97,88.23,1945,14575,2025,12,December,Monday,False,Over Capacity,True,18.5,True
2025-12-01,WH03,S1,20,160,16512,16512,12.9,12600,131.05,3912,209,1.27,87.04,2140,14372,2025,12,December,Monday,False,Over Capacity,True,23.69,True
2025-12-01,WH03,S2,19,152,16552,49656,13.611842105263158,11400,145.19,5152,179,1.08,88.31,1936,14616,2025,12,December,Monday,False,Over Capacity,True,31.13,True
2025-12-01,WH03,S3,15,120,8392,8392,8.741666666666667,7650,109.7,742,109,1.3,88.41,972,7420,2025,12,December,Monday,False,Over Capacity,True,8.84,True
2025-12-01,WH04,S1,23,184,22304,22304,15.152173913043478,15842,140.79,6462,195,0.87,86.97,2906,19398,2025,12,December,Monday,False,Over Capacity,True,28.97,True
2025-12-01,WH04,S2,22,176,16248,32496,11.539772727272728,14432,112.58,1816,161,0.99,89.62,1687,14561,2025,12,December,Monday,False,Over Capacity,True,11.18,True
2025-12-01,WH04,S3,17,136,12712,12712,11.683823529411764,9479,134.11,3233,122,0.96,88.75,1430,11282,2025,12,December,Monday,False,Over Capacity,True,25.43,True
2025-12-01,WH05,S1,18,144,16216,32432,14.07638888888889,10584,153.21,5632,160,0.99,88.4,1880,14336,2025,12,December,Monday,False,Over Capacity,True,34.73,True
2025-12-01,WH05,S2,17,136,13272,13272,12.198529411764708,9520,139.41,3752,145,1.09,88.03,1588,11684,2025,12,December,Monday,False,Over Capacity,True,28.27,True
2025-12-01,WH05,S3,14,112,8224,8224,9.178571428571429,6664,123.41,1560,104,1.26,88.32,960,7264,2025,12,December,Monday,False,Over Capacity,True,18.97,True
2025-12-02,WH01,S1,25,200,23888,23888,14.93,17850,133.83,6038,279,1.17,86.89,3131,20757,2025,12,December,Tuesday,False,Over Capacity,True,25.28,True
2025-12-02,WH01,S2,24,192,17400,34800,11.328125,16320,106.62,1080,188,1.08,88.65,1975,15425,2025,12,December,Tuesday,False,Over Capacity,True,6.21,True
2025-12-02,WH01,S3,19,152,12024,12024,9.888157894736842,10982,109.49,1042,101,0.84,87.98,1445,10579,2025,12,December,Tuesday,False,Over Capacity,True,8.67,True
2025-12-02,WH02,S1,30,240,24024,48048,12.5125,22680,105.93,1344,321,1.34,89.07,2626,21398,2025,12,December,Tuesday,False,Over Capacity,True,5.59,True
2025-12-02,WH02,S2,28,224,22200,44400,12.388392857142858,20160,110.12,2040,270,1.22,87.17,2849,19351,2025,12,December,Tuesday,False,Over Capacity,True,9.19,True
2025-12-02,WH02,S3,22,176,14048,42144,9.977272727272728,13464,104.34,584,115,0.82,87.3,1785,12263,2025,12,December,Tuesday,False,Over Capacity,True,4.16,True
2025-12-02,WH03,S1,20,160,17816,17816,13.91875,12600,141.4,5216,191,1.07,88.52,2045,15771,2025,12,December,Tuesday,False,Over Capacity,True,29.28,True
2025-12-02,WH03,S2,19,152,11928,35784,9.80921052631579,11400,104.63,528,143,1.2,88.19,1409,10519,2025,12,December,Tuesday,False,Over Capacity,True,4.43,True
2025-12-02,WH03,S3,15,120,10080,10080,10.5,7650,131.76,2430,102,1.01,89.79,1029,9051,2025,12,December,Tuesday,False,Over Capacity,True,24.11,True
2025-12-02,WH04,S1,23,184,20936,20936,14.222826086956522,15842,132.16,5094,208,0.99,88.23,2465,18471,2025,12,December,Tuesday,False,Over Capacity,True,24.33,True
2025-12-02,WH04,S2,22,176,16344,32688,11.607954545454543,14432,113.25,1912,163,1.0,89.49,1718,14626,2025,12,December,Tuesday,False,Over Capacity,True,11.7,True
2025-12-02,WH04,S3,17,136,11592,11592,10.654411764705882,9479,122.29,2113,100,0.86,89.42,1226,10366,2025,12,December,Tuesday,False,Over Capacity,True,18.23,True
2025-12-02,WH05,S1,18,144,13336,13336,11.57638888888889,10584,126.0,2752,154,1.15,89.78,1363,11973,2025,12,December,Tuesday,False,Over Capacity,True,20.64,True
2025-12-02,WH05,S2,17,136,12024,24048,11.051470588235292,9520,126.3,2504,103,0.86,88.18,1421,10603,2025,12,December,Tuesday,False,Over Capacity,True,20.83,True
2025-12-02,WH05,S3,14,112,8608,8608,9.607142857142858,6664,129.17,1944,74,0.86,86.84,1133,7475,2025,12,December,Tuesday,False,Over Capacity,True,22.58,True
2025-12-03,WH01,S1,25,200,17456,34912,10.91,17850,97.79,0,191,1.09,95.51,783,16673,2025,12,December,Wednesday,False,Very High,True,0.0,False
2025-12-03,WH01,S2,24,192,22688,22688,14.770833333333334,16320,139.02,6368,237,1.04,86.32,3105,19583,2025,12,December,Wednesday,False,Over Capacity,True,28.07,True
2025-12-03,WH01,S3,19,152,12664,12664,10.414473684210526,10982,115.32,1682,143,1.13,88.74,1427,11237,2025,12,December,Wednesday,False,Over Capacity,True,13.28,True
2025-12-03,WH02,S1,30,240,25392,50784,13.225,22680,111.96,2712,339,1.34,88.85,2830,22562,2025,12,December,Wednesday,False,Over Capacity,True,10.68,True
2025-12-03,WH02,S2,28,224,23608,47216,13.174107142857142,20160,117.1,3448,284,1.2,87.75,2891,20717,2025,12,December,Wednesday,False,Over Capacity,True,14.61,True
2025-12-03,WH02,S3,22,176,13768,13768,9.778409090909092,13464,102.26,304,152,1.1,92.54,1027,12741,2025,12,December,Wednesday,False,Over Capacity,True,2.21,True
2025-12-03,WH03,S1,20,160,17600,17600,13.75,12600,139.68,5000,185,1.05,88.26,2067,15533,2025,12,December,Wednesday,False,Over Capacity,True,28.41,True
2025-12-03,WH03,S2,19,152,13368,13368,10.99342105263158,11400,117.26,1968,173,1.29,88.1,1591,11777,2025,12,December,Wednesday,False,Over Capacity,True,14.72,True
2025-12-03,WH03,S3,15,120,11944,35832,12.441666666666666,7650,156.13,4294,97,0.81,87.54,1488,10456,2025,12,December,Wednesday,False,Over Capacity,True,35.95,True
2025-12-03,WH04,S1,23,184,19992,19992,13.581521739130435,15842,126.2,4150,122,0.61,88.58,2282,17710,2025,12,December,Wednesday,False,Over Capacity,True,20.76,True
2025-12-03,WH04,S2,22,176,15440,15440,10.965909090909092,14432,106.98,1008,183,1.19,87.66,1905,13535,2025,12,December,Wednesday,False,Over Capacity,True,6.53,True
2025-12-03,WH04,S3,17,136,10712,10712,9.845588235294118,9479,113.01,1233,145,1.35,88.99,1179,9533,2025,12,December,Wednesday,False,Over Capacity,True,11.51,True
2025-12-03,WH05,S1,18,144,13672,41016,11.868055555555555,10584,129.18,3088,154,1.13,88.35,1593,12079,2025,12,December,Wednesday,False,Over Capacity,True,22.59,True
2025-12-03,WH05,S2,17,136,12256,12256,11.264705882352942,9520,128.74,2736,108,0.88,87.6,1520,10736,2025,12,December,Wednesday,False,Over Capacity,True,22.32,True
2025-12-03,WH05,S3,14,112,8784,8784,9.803571428571429,6664,131.81,2120,115,1.31,86.13,1219,7565,2025,12,December,Wednesday,False,Over Capacity,True,24.13,True
2025-12-04,WH01,S1,25,200,22264,22264,13.915,17850,124.73,4414,297,1.33,88.17,2633,19631,2025,12,December,Thursday,False,Over Capacity,True,19.83,True
2025-12-04,WH01,S2,24,192,15512,31024,10.098958333333334,16320,95.05,0,147,0.95,95.79,653,14859,2025,12,December,Thursday,False,Very High,True,0.0,False
2025-12-04,WH01,S3,19,152,13056,13056,10.736842105263158,10982,118.89,2074,90,0.69,88.44,1510,11546,2025,12,December,Thursday,False,Over Capacity,True,15.89,True
2025-12-04,WH02,S1,30,240,28416,56832,14.8,22680,125.29,5736,328,1.15,89.64,2944,25472,2025,12,December,Thursday,False,Over Capacity,True,20.19,True
2025-12-04,WH02,S2,28,224,30160,60320,16.830357142857142,20160,149.6,10000,274,0.91,89.73,3098,27062,2025,12,December,Thursday,False,Over Capacity,True,33.16,True
2025-12-04,WH02,S3,22,176,16384,16384,11.636363636363637,13464,121.69,2920,153,0.93,87.47,2053,14331,2025,12,December,Thursday,False,Over Capacity,True,17.82,True
2025-12-04,WH03,S1,20,160,19744,19744,15.425,12600,156.7,7144,203,1.03,88.03,2364,17380,2025,12,December,Thursday,False,Over Capacity,True,36.18,True
2025-12-04,WH03,S2,19,152,17664,17664,14.526315789473683,11400,154.95,6264,216,1.22,87.9,2138,15526,2025,12,December,Thursday,False,Over Capacity,True,35.46,True
2025-12-04,WH03,S3,15,120,11240,11240,11.708333333333334,7650,146.93,3590,131,1.17,86.73,1491,9749,2025,12,December,Thursday,False,Over Capacity,True,31.94,True
2025-12-04,WH04,S1,23,184,16528,16528,11.228260869565217,15842,104.33,686,175,1.06,88.13,1961,14567,2025,12,December,Thursday,False,Over Capacity,True,4.15,True
2025-12-04,WH04,S2,22,176,14408,14408,10.232954545454543,14432,99.83,0,166,1.15,95.09,708,13700,2025,12,December,Thursday,False,Very High,True,0.0,False
2025-12-04,WH04,S3,17,136,11672,23344,10.727941176470589,9479,123.14,2193,134,1.15,88.35,1360,10312,2025,12,December,Thursday,False,Over Capacity,True,18.79,True
2025-12-04,WH05,S1,18,144,10624,10624,9.22222222222222,10584,100.38,40,133,1.25,96.26,397,10227,2025,12,December,Thursday,False,Over Capacity,True,0.38,False
2025-12-04,WH05,S2,17,136,11856,11856,10.897058823529411,9520,124.54,2336,163,1.37,88.49,1365,10491,2025,12,December,Thursday,False,Over Capacity,True,19.7,True
2025-12-04,WH05,S3,14,112,9104,18208,10.160714285714286,6664,136.61,2440,113,1.24,88.4,1056,8048,2025,12,December,Thursday,False,Over Capacity,True,26.8,True
2025-12-05,WH01,S1,25,200,22080,22080,13.8,17850,123.7,4230,275,1.25,89.42,2337,19743,2025,12,December,Friday,False,Over Capacity,True,19.16,True
2025-12-05,WH01,S2,24,192,18640,18640,12.135416666666666,16320,114.22,2320,184,0.99,88.85,2078,16562,2025,12,December,Friday,False,Over Capacity,True,12.45,True
2025-12-05,WH01,S3,19,152,11200,11200,9.210526315789474,10982,101.99,218,124,1.11,92.77,810,10390,2025,12,December,Friday,False,Over Capacity,True,1.95,True
2025-12-05,WH02,S1,30,240,26360,52720,13.729166666666666,22680,116.23,3680,333,1.26,88.16,3122,23238,2025,12,December,Friday,False,Over Capacity,True,13.96,True
2025-12-05,WH02,S2,28,224,21856,21856,12.196428571428571,20160,108.41,1696,254,1.16,88.37,2543,19313,2025,12,December,Friday,False,Over Capacity,True,7.76,True
2025-12-05,WH02,S3,22,176,13632,13632,9.681818181818182,13464,101.25,168,181,1.33,95.49,614,13018,2025,12,December,Friday,False,Over Capacity,True,1.23,False
2025-12-05,WH03,S1,20,160,21256,21256,16.60625,12600,168.7,8656,240,1.13,87.52,2652,18604,2025,12,December,Friday,False,Over Capacity,True,40.72,True
2025-12-05,WH03,S2,19,152,17192,17192,14.138157894736842,11400,150.81,5792,163,0.95,88.4,1994,15198,2025,12,December,Friday,False,Over Capacity,True,33.69,True
2025-12-05,WH03,S3,15,120,12224,24448,12.733333333333333,7650,159.79,4574,95,0.78,87.16,1570,10654,2025,12,December,Friday,False,Over Capacity,True,37.42,True
2025-12-05,WH04,S1,23,184,18024,18024,12.244565217391305,15842,113.77,2182,198,1.1,87.9,2181,15843,2025,12,December,Friday,False,Over Capacity,True,12.11,True
2025-12-05,WH04,S2,22,176,16856,33712,11.971590909090908,14432,116.8,2424,172,1.02,85.06,2518,14338,2025,12,December,Friday,False,Over Capacity,True,14.38,True
2025-12-05,WH04,S3,17,136,13368,13368,12.286764705882351,9479,141.03,3889,161,1.2,88.71,1509,11859,2025,12,December,Friday,False,Over Capacity,True,29.09,True
2025-12-05,WH05,S1,18,144,16272,16272,14.125,10584,153.74,5688,188,1.16,88.04,1947,14325,2025,12,December,Friday,False,Over Capacity,True,34.96,True
2025-12-05,WH05,S2,17,136,15208,30416,13.977941176470589,9520,159.75,5688,156,1.03,88.23,1790,13418,2025,12,December,Friday,False,Over Capacity,True,37.4,True
2025-12-05,WH05,S3,14,112,10128,10128,11.303571428571429,6664,151.98,3464,115,1.14,88.03,1213,8915,2025,12,December,Friday,False,Over Capacity,True,34.2,True
2025-12-06,WH01,S1,25,200,15984,15984,9.99,17850,89.55,0,174,1.09,95.97,643,15341,2025,12,December,Saturday,False,Very High,True,0.0,False
2025-12-06,WH01,S2,24,192,11368,22736,7.401041666666667,16320,69.66,0,99,0.87,94.66,607,10761,2025,12,December,Saturday,False,Normal,False,0.0,False
2025-12-06,WH01,S3,19,152,6696,20088,5.506578947368421,10982,60.97,0,58,0.87,94.25,385,6311,2025,12,December,Saturday,False,Normal,False,0.0,False
2025-12-06,WH02,S1,30,240,18520,37040,9.645833333333334,22680,81.66,0,152,0.82,97.5,464,18056,2025,12,December,Saturday,False,High,False,0.0,False
2025-12-06,WH02,S2,28,224,15176,15176,8.46875,20160,75.28,0,106,0.7,95.56,674,14502,2025,12,December,Saturday,False,High,False,0.0,False
2025-12-06,WH02,S3,22,176,11840,11840,8.409090909090908,13464,87.94,0,174,1.47,97.25,325,11515,2025,12,December,Saturday,False,Very High,True,0.0,False
2025-12-06,WH03,S1,20,160,9528,9528,7.44375,12600,75.62,0,81,0.85,96.63,321,9207,2025,12,December,Saturday,False,High,False,0.0,False
2025-12-06,WH03,S2,19,152,9768,9768,8.032894736842104,11400,85.68,0,81,0.83,95.54,436,9332,2025,12,December,Saturday,False,Very High,True,0.0,False
2025-12-06,WH03,S3,15,120,6768,13536,7.05,7650,88.47,0,58,0.86,97.4,176,6592,2025,12,December,Saturday,False,Very High,True,0.0,False
2025-12-06,WH04,S1,23,184,12112,24224,8.228260869565217,15842,76.45,0,94,0.78,98.39,195,11917,2025,12,December,Saturday,False,High,False,0.0,False
2025-12-06,WH04,S2,22,176,9808,9808,6.965909090909091,14432,67.96,0,84,0.86,96.42,351,9457,2025,12,December,Saturday,False,Normal,False,0.0,False
2025-12-06,WH04,S3,17,136,6176,12352,5.676470588235294,9479,65.15,0,44,0.71,95.66,268,5908,2025,12,December,Saturday,False,Normal,False,0.0,False
2025-12-06,WH05,S1,18,144,10976,21952,9.52777777777778,10584,103.7,392,133,1.21,91.95,884,10092,2025,12,December,Saturday,False,Over Capacity,True,3.57,True
2025-12-06,WH05,S2,17,136,7232,7232,6.647058823529412,9520,75.97,0,42,0.58,94.54,395,6837,2025,12,December,Saturday,False,High,False,0.0,False
2025-12-06,WH05,S3,14,112,6048,18144,6.75,6664,90.76,0,71,1.17,95.27,286,5762,2025,12,December,Saturday,False,Very High,True,0.0,False
2025-12-07,WH01,S1,25,200,12288,12288,7.68,17850,68.84,0,99,0.81,95.66,533,11755,2025,12,December,Sunday,True,Normal,False,0.0,False
2025-12-07,WH01,S2,24,192,11696,35088,7.614583333333333,16320,71.67,0,116,0.99,94.93,593,11103,2025,12,December,Sunday,True,Normal,False,0.0,False
2025-12-07,WH01,S3,19,152,5792,11584,4.7631578947368425,10982,52.74,0,50,0.86,96.2,220,5572,2025,12,December,Sunday,True,Low,False,0.0,False
2025-12-07,WH02,S1,30,240,14328,14328,7.4625,22680,63.17,0,148,1.03,96.1,559,13769,2025,12,December,Sunday,True,Normal,False,0.0,False
2025-12-07,WH02,S2,28,224,9336,9336,5.209821428571429,20160,46.31,0,81,0.87,95.22,446,8890,2025,12,December,Sunday,True,Low,False,0.0,False
2025-12-07,WH02,S3,22,176,9352,18704,6.642045454545454,13464,69.46,0,61,0.65,97.5,234,9118,2025,12,December,Sunday,True,Normal,False,0.0,False
2025-12-07,WH03,S1,20,160,10744,10744,8.39375,12600,85.27,0,94,0.87,95.55,478,10266,2025,12,December,Sunday,True,Very High,True,0.0,False
2025-12-07,WH03,S2,19,152,7104,7104,5.842105263157895,11400,62.32,0,60,0.84,96.3,263,6841,2025,12,December,Sunday,True,Normal,False,0.0,False
2025-12-07,WH03,S3,15,120,5760,5760,6.0,7650,75.29,0,35,0.61,96.09,225,5535,2025,12,December,Sunday,True,High,False,0.0,False
2025-12-07,WH04,S1,23,184,10016,30048,6.804347826086956,15842,63.22,0,66,0.66,94.25,576,9440,2025,12,December,Sunday,True,Normal,False,0.0,False
2025-12-07,WH04,S2,22,176,8856,8856,6.289772727272728,14432,61.36,0,55,0.62,97.2,248,8608,2025,12,December,Sunday,True,Normal,False,0.0,False
2025-12-07,WH04,S3,17,136,6264,6264,5.757352941176471,9479,66.08,0,52,0.83,96.12,243,6021,2025,12,December,Sunday,True,Normal,False,0.0,False
2025-12-07,WH05,S1,18,144,8672,17344,7.527777777777778,10584,81.93,0,87,1.0,95.49,391,8281,2025,12,December,Sunday,True,High,False,0.0,False
2025-12-07,WH05,S2,17,136,6656,19968,6.117647058823529,9520,69.92,0,61,0.92,96.84,211,6445,2025,12,December,Sunday,True,Normal,False,0.0,False
2025-12-07,WH05,S3,14,112,4768,4768,5.321428571428571,6664,71.55,0,40,0.84,96.62,161,4607,2025,12,December,Sunday,True,Normal,False,0.0,False
2025-12-08,WH01,S1,25,200,23744,23744,14.84,17850,133.02,5894,264,1.11,87.52,2964,20780,2025,12,December,Monday,False,Over Capacity,True,24.82,True
2025-12-08,WH01,S2,24,192,17896,17896,11.651041666666666,16320,109.66,1576,208,1.16,87.77,2188,15708,2025,12,December,Monday,False,Over Capacity,True,8.81,True
2025-12-08,WH01,S3,19,152,13608,13608,11.19078947368421,10982,123.91,2626,126,0.93,89.33,1452,12156,2025,12,December,Monday,False,Over Capacity,True,19.3,True
2025-12-08,WH02,S1,30,240,24808,24808,12.920833333333333,22680,109.38,2128,254,1.02,88.04,2968,21840,2025,12,December,Monday,False,Over Capacity,True,8.58,True
2025-12-08,WH02,S2,28,224,22744,68232,12.691964285714286,20160,112.82,2584,309,1.36,87.9,2752,19992,2025,12,December,Monday,False,Over Capacity,True,11.36,True
2025-12-08,WH02,S3,22,176,17928,17928,12.732954545454543,13464,133.16,4464,159,0.89,88.84,2001,15927,2025,12,December,Monday,False,Over Capacity,True,24.9,True
2025-12-08,WH03,S1,20,160,19528,19528,15.25625,12600,154.98,6928,223,1.14,88.64,2219,17309,2025,12,December,Monday,False,Over Capacity,True,35.48,True
2025-12-08,WH03,S2,19,152,15200,30400,12.5,11400,133.33,3800,222,1.46,89.59,1582,13618,2025,12,December,Monday,False,Over Capacity,True,25.0,True
2025-12-08,WH03,S3,15,120,11808,23616,12.3,7650,154.35,4158,132,1.12,89.23,1272,10536,2025,12,December,Monday,False,Over Capacity,True,35.21,True
2025-12-08,WH04,S1,23,184,21672,43344,14.722826086956522,15842,136.8,5830,234,1.08,88.02,2597,19075,2025,12,December,Monday,False,Over Capacity,True,26.9,True
2025-12-08,WH04,S2,22,176,16248,48744,11.539772727272728,14432,112.58,1816,144,0.89,89.58,1692,14556,2025,12,December,Monday,False,Over Capacity,True,11.18,True
2025-12-08,WH04,S3,17,136,12504,25008,11.492647058823527,9479,131.91,3025,124,0.99,89.09,1364,11140,2025,12,December,Monday,False,Over Capacity,True,24.19,True
2025-12-08,WH05,S1,18,144,13528,27056,11.743055555555555,10584,127.82,2944,135,1.0,90.2,1326,12202,2025,12,December,Monday,False,Over Capacity,True,21.76,True
2025-12-08,WH05,S2,17,136,13360,26720,12.279411764705882,9520,140.34,3840,146,1.09,88.48,1539,11821,2025,12,December,Monday,False,Over Capacity,True,28.74,True
2025-12-08,WH05,S3,14,112,8592,8592,9.589285714285714,6664,128.93,1928,88,1.02,87.62,1063,7529,2025,12,December,Monday,False,Over Capacity,True,22.44,True
2025-12-09,WH01,S1,25,200,19376,38752,12.11,17850,108.55,1526,237,1.22,88.32,2263,17113,2025,12,December,Tuesday,False,Over Capacity,True,7.88,True
2025-12-09,WH01,S2,24,192,19800,19800,12.890625,16320,121.32,3480,188,0.95,86.38,2696,17104,2025,12,December,Tuesday,False,Over Capacity,True,17.58,True
2025-12-09,WH01,S3,19,152,11072,11072,9.105263157894736,10982,100.82,90,117,1.06,96.84,350,10722,2025,12,December,Tuesday,False,Over Capacity,True,0.81,False
2025-12-09,WH02,S1,30,240,25200,50400,13.125,22680,111.11,2520,330,1.31,86.67,3359,21841,2025,12,December,Tuesday,False,Over Capacity,True,10.0,True
2025-12-09,WH02,S2,28,224,23800,23800,13.28125,20160,118.06,3640,249,1.05,88.48,2741,21059,2025,12,December,Tuesday,False,Over Capacity,True,15.29,True
2025-12-09,WH02,S3,22,176,15320,45960,10.880681818181818,13464,113.78,1856,130,0.85,87.9,1854,13466,2025,12,December,Tuesday,False,Over Capacity,True,12.11,True
2025-12-09,WH03,S1,20,160,16928,16928,13.225,12600,134.35,4328,156,0.92,87.21,2164,14764,2025,12,December,Tuesday,False,Over Capacity,True,25.57,True
2025-12-09,WH03,S2,19,152,14960,29920,12.302631578947368,11400,131.23,3560,152,1.02,87.87,1815,13145,2025,12,December,Tuesday,False,Over Capacity,True,23.8,True
2025-12-09,WH03,S3,15,120,12416,12416,12.933333333333334,7650,162.3,4766,181,1.46,87.46,1557,10859,2025,12,December,Tuesday,False,Over Capacity,True,38.39,True
2025-12-09,WH04,S1,23,184,20376,20376,13.842391304347826,15842,128.62,4534,188,0.92,89.38,2165,18211,2025,12,December,Tuesday,False,Over Capacity,True,22.25,True
2025-12-09,WH04,S2,22,176,17504,35008,12.431818181818182,14432,121.29,3072,205,1.17,87.18,2244,15260,2025,12,December,Tuesday,False,Over Capacity,True,17.55,True
2025-12-09,WH04,S3,17,136,14912,29824,13.705882352941176,9479,157.32,5433,120,0.8,87.61,1848,13064,2025,12,December,Tuesday,False,Over Capacity,True,36.43,True
2025-12-09,WH05,S1,18,144,13216,13216,11.47222222222222,10584,124.87,2632,116,0.88,88.25,1553,11663,2025,12,December,Tuesday,False,Over Capacity,True,19.92,True
2025-12-09,WH05,S2,17,136,12336,37008,11.338235294117649,9520,129.58,2816,98,0.79,87.83,1502,10834,2025,12,December,Tuesday,False,Over Capacity,True,22.83,True
2025-12-09,WH05,S3,14,112,9760,9760,10.892857142857142,6664,146.46,3096,122,1.25,88.17,1154,8606,2025,12,December,Tuesday,False,Over Capacity,True,31.72,True
2025-12-10,WH01,S1,25,200,19640,19640,12.275,17850,110.03,1790,231,1.18,88.31,2297,17343,2025,12,December,Wednesday,False,Over Capacity,True,9.11,True
2025-12-10,WH01,S2,24,192,17120,51360,11.145833333333334,16320,104.9,800,193,1.13,86.86,2250,14870,2025,12,December,Wednesday,False,Over Capacity,True,4.67,True
2025-12-10,WH01,S3,19,152,11944,23888,9.822368421052632,10982,108.76,962,136,1.14,90.17,1174,10770,2025,12,December,Wednesday,False,Over Capacity,True,8.05,True
2025-12-10,WH02,S1,30,240,21424,21424,11.158333333333331,22680,94.46,0,255,1.19,95.85,888,20536,2025,12,December,Wednesday,False,Very High,True,0.0,False
2025-12-10,WH02,S2,28,224,22576,45152,12.598214285714286,20160,111.98,2416,247,1.09,88.57,2580,19996,2025,12,December,Wednesday,False,Over Capacity,True,10.7,True
2025-12-10,WH02,S3,22,176,16776,16776,11.914772727272728,13464,124.6,3312,169,1.01,87.97,2019,14757,2025,12,December,Wednesday,False,Over Capacity,True,19.74,True
2025-12-10,WH03,S1,20,160,16304,32608,12.7375,12600,129.4,3704,168,1.03,88.86,1815,14489,2025,12,December,Wednesday,False,Over Capacity,True,22.72,True
2025-12-10,WH03,S2,19,152,13120,26240,10.789473684210526,11400,115.09,1720,141,1.07,88.8,1470,11650,2025,12,December,Wednesday,False,Over Capacity,True,13.11,True
2025-12-10,WH03,S3,15,120,13096,13096,13.641666666666667,7650,171.19,5446,140,1.07,89.94,1317,11779,2025,12,December,Wednesday,False,Over Capacity,True,41.59,True
2025-12-10,WH04,S1,23,184,19472,19472,13.228260869565217,15842,122.91,3630,241,1.24,86.57,2614,16858,2025,12,December,Wednesday,False,Over Capacity,True,18.64,True
2025-12-10,WH04,S2,22,176,14128,14128,10.034090909090908,14432,97.89,0,150,1.06,96.9,438,13690,2025,12,December,Wednesday,False,Very High,True,0.0,False
2025-12-10,WH04,S3,17,136,9776,9776,8.985294117647058,9479,103.13,297,124,1.27,93.06,678,9098,2025,12,December,Wednesday,False,Over Capacity,True,3.04,True
2025-12-10,WH05,S1,18,144,10832,21664,9.40277777777778,10584,102.34,248,101,0.93,93.58,695,10137,2025,12,December,Wednesday,False,Over Capacity,True,2.29,True
2025-12-10,WH05,S2,17,136,13824,13824,12.705882352941176,9520,145.21,4304,183,1.32,88.24,1625,12199,2025,12,December,Wednesday,False,Over Capacity,True,31.13,True
2025-12-10,WH05,S3,14,112,9168,18336,10.232142857142858,6664,137.58,2504,82,0.89,88.25,1078,8090,2025,12,December,Wednesday,False,Over Capacity,True,27.31,True
2025-12-11,WH01,S1,25,200,20568,20568,12.855,17850,115.23,2718,203,0.99,88.46,2374,18194,2025,12,December,Thursday,False,Over Capacity,True,13.21,True
2025-12-11,WH01,S2,24,192,20104,20104,13.088541666666666,16320,123.19,3784,281,1.4,88.84,2243,17861,2025,12,December,Thursday,False,Over Capacity,True,18.82,True
2025-12-11,WH01,S3,19,152,14416,14416,11.855263157894736,10982,131.27,3434,178,1.23,89.58,1503,12913,2025,12,December,Thursday,False,Over Capacity,True,23.82,True
2025-12-11,WH02,S1,30,240,27992,27992,14.579166666666667,22680,123.42,5312,404,1.44,87.82,3410,24582,2025,12,December,Thursday,False,Over Capacity,True,18.98,True
2025-12-11,WH02,S2,28,224,21024,21024,11.732142857142858,20160,104.29,864,273,1.3,86.89,2755,18269,2025,12,December,Thursday,False,Over Capacity,True,4.11,True
2025-12-11,WH02,S3,22,176,15152,15152,10.761363636363637,13464,112.54,1688,206,1.36,88.85,1690,13462,2025,12,December,Thursday,False,Over Capacity,True,11.14,True
2025-12-11,WH03,S1,20,160,15632,46896,12.2125,12600,124.06,3032,196,1.25,88.76,1758,13874,2025,12,December,Thursday,False,Over Capacity,True,19.4,True
2025-12-11,WH03,S2,19,152,15448,46344,12.703947368421051,11400,135.51,4048,148,0.96,88.75,1739,13709,2025,12,December,Thursday,False,Over Capacity,True,26.2,True
2025-12-11,WH03,S3,15,120,9272,9272,9.658333333333331,7650,121.2,1622,97,1.05,87.31,1176,8096,2025,12,December,Thursday,False,Over Capacity,True,17.49,True
2025-12-11,WH04,S1,23,184,15168,30336,10.304347826086955,15842,95.75,0,161,1.06,96.97,460,14708,2025,12,December,Thursday,False,Very High,True,0.0,False
2025-12-11,WH04,S2,22,176,16072,32144,11.414772727272728,14432,111.36,1640,182,1.13,89.42,1701,14371,2025,12,December,Thursday,False,Over Capacity,True,10.2,True
2025-12-11,WH04,S3,17,136,12560,25120,11.544117647058824,9479,132.5,3081,134,1.07,86.4,1708,10852,2025,12,December,Thursday,False,Over Capacity,True,24.53,True
2025-12-11,WH05,S1,18,144,14944,29888,12.97222222222222,10584,141.19,4360,181,1.21,87.57,1857,13087,2025,12,December,Thursday,False,Over Capacity,True,29.18,True
2025-12-11,WH05,S2,17,136,13048,13048,11.992647058823527,9520,137.06,3528,149,1.14,88.14,1548,11500,2025,12,December,Thursday,False,Over Capacity,True,27.04,True
2025-12-11,WH05,S3,14,112,9792,19584,10.928571428571429,6664,146.94,3128,117,1.19,87.53,1221,8571,2025,12,December,Thursday,False,Over Capacity,True,31.94,True
2025-12-12,WH01,S1,25,200,26488,26488,16.555,17850,148.39,8638,224,0.85,88.49,3049,23439,2025,12,December,Friday,False,Over Capacity,True,32.61,True
2025-12-12,WH01,S2,24,192,21112,21112,13.744791666666666,16320,129.36,4792,189,0.9,86.75,2798,18314,2025,12,December,Friday,False,Over Capacity,True,22.7,True
2025-12-12,WH01,S3,19,152,14688,14688,12.078947368421051,10982,133.75,3706,167,1.14,89.26,1578,13110,2025,12,December,Friday,False,Over Capacity,True,25.23,True
2025-12-12,WH02,S1,30,240,29832,59664,15.5375,22680,131.53,7152,333,1.12,88.0,3580,26252,2025,12,December,Friday,False,Over Capacity,True,23.97,True
2025-12-12,WH02,S2,28,224,22336,44672,12.464285714285714,20160,110.79,2176,269,1.2,88.43,2585,19751,2025,12,December,Friday,False,Over Capacity,True,9.74,True
2025-12-12,WH02,S3,22,176,14360,14360,10.198863636363637,13464,106.65,896,188,1.31,89.18,1554,12806,2025,12,December,Friday,False,Over Capacity,True,6.24,True
2025-12-12,WH03,S1,20,160,19456,38912,15.2,12600,154.41,6856,176,0.9,87.84,2365,17091,2025,12,December,Friday,False,Over Capacity,True,35.24,True
2025-12-12,WH03,S2,19,152,14184,28368,11.664473684210526,11400,124.42,2784,150,1.06,88.32,1657,12527,2025,12,December,Friday,False,Over Capacity,True,19.63,True
2025-12-12,WH03,S3,15,120,12016,24032,12.516666666666667,7650,157.07,4366,127,1.06,87.49,1504,10512,2025,12,December,Friday,False,Over Capacity,True,36.33,True
2025-12-12,WH04,S1,23,184,20568,41136,13.972826086956522,15842,129.83,4726,267,1.3,87.73,2523,18045,2025,12,December,Friday,False,Over Capacity,True,22.98,True
2025-12-12,WH04,S2,22,176,18016,54048,12.795454545454543,14432,124.83,3584,153,0.85,86.18,2490,15526,2025,12,December,Friday,False,Over Capacity,True,19.89,True
2025-12-12,WH04,S3,17,136,13664,27328,12.558823529411764,9479,144.15,4185,209,1.53,87.45,1714,11950,2025,12,December,Friday,False,Over Capacity,True,30.63,True
2025-12-12,WH05,S1,18,144,15504,15504,13.458333333333334,10584,146.49,4920,175,1.13,87.7,1907,13597,2025,12,December,Friday,False,Over Capacity,True,31.73,True
2025-12-12,WH05,S2,17,136,16512,16512,15.176470588235292,9520,173.45,6992,198,1.2,88.69,1868,14644,2025,12,December,Friday,False,Over Capacity,True,42.34,True
2025-12-12,WH05,S3,14,112,12392,12392,13.830357142857142,6664,185.95,5728,140,1.13,87.53,1545,10847,2025,12,December,Friday,False,Over Capacity,True,46.22,True
2025-12-13,WH01,S1,25,200,11680,35040,7.3,17850,65.43,0,118,1.01,95.92,476,11204,2025,12,December,Saturday,False,Normal,False,0.0,False
2025-12-13,WH01,S2,24,192,11944,23888,7.776041666666667,16320,73.19,0,100,0.84,96.16,459,11485,2025,12,December,Saturday,False,Normal,False,0.0,False
2025-12-13,WH01,S3,19,152,7712,23136,6.342105263157895,10982,70.22,0,61,0.79,95.52,345,7367,2025,12,December,Saturday,False,Normal,False,0.0,False
2025-12-13,WH02,S1,30,240,15192,45576,7.9125,22680,66.98,0,111,0.73,97.37,400,14792,2025,12,December,Saturday,False,Normal,False,0.0,False
2025-12-13,WH02,S2,28,224,14616,29232,8.15625,20160,72.5,0,142,0.97,96.74,476,14140,2025,12,December,Saturday,False,Normal,False,0.0,False
2025-12-13,WH02,S3,22,176,10872,21744,7.721590909090909,13464,80.75,0,89,0.82,96.56,374,10498,2025,12,December,Saturday,False,High,False,0.0,False
2025-12-13,WH03,S1,20,160,10328,10328,8.06875,12600,81.97,0,89,0.86,96.25,387,9941,2025,12,December,Saturday,False,High,False,0.0,False
2025-12-13,WH03,S2,19,152,10080,20160,8.289473684210526,11400,88.42,0,132,1.31,96.67,336,9744,2025,12,December,Saturday,False,Very High,True,0.0,False
2025-12-13,WH03,S3,15,120,5872,5872,6.116666666666666,7650,76.76,0,53,0.9,96.7,194,5678,2025,12,December,Saturday,False,High,False,0.0,False
2025-12-13,WH04,S1,23,184,11672,11672,7.929347826086956,15842,73.68,0,87,0.75,95.8,490,11182,2025,12,December,Saturday,False,Normal,False,0.0,False
2025-12-13,WH04,S2,22,176,8360,8360,5.9375,14432,57.93,0,81,0.97,96.31,309,8051,2025,12,December,Saturday,False,Low,False,0.0,False
2025-12-13,WH04,S3,17,136,8312,16624,7.639705882352941,9479,87.69,0,87,1.05,96.22,315,7997,2025,12,December,Saturday,False,Very High,True,0.0,False
2025-12-13,WH05,S1,18,144,8664,8664,7.520833333333333,10584,81.86,0,66,0.76,96.91,268,8396,2025,12,December,Saturday,False,High,False,0.0,False
2025-12-13,WH05,S2,17,136,8280,8280,7.610294117647059,9520,86.97,0,93,1.12,96.08,325,7955,2025,12,December,Saturday,False,Very High,True,0.0,False
2025-12-13,WH05,S3,14,112,6376,19128,7.116071428571429,6664,95.68,0,86,1.35,97.02,190,6186,2025,12,December,Saturday,False,Very High,True,0.0,False
2025-12-14,WH01,S1,25,200,11424,11424,7.14,17850,64.0,0,73,0.64,96.33,419,11005,2025,12,December,Sunday,True,Normal,False,0.0,False
2025-12-14,WH01,S2,24,192,9704,19408,6.317708333333333,16320,59.46,0,94,0.97,96.33,356,9348,2025,12,December,Sunday,True,Low,False,0.0,False
2025-12-14,WH01,S3,19,152,6120,18360,5.032894736842105,10982,55.73,0,63,1.03,96.91,189,5931,2025,12,December,Sunday,True,Low,False,0.0,False
2025-12-14,WH02,S1,30,240,12608,12608,6.566666666666666,22680,55.59,0,87,0.69,95.65,548,12060,2025,12,December,Sunday,True,Low,False,0.0,False
2025-12-14,WH02,S2,28,224,11328,11328,6.321428571428571,20160,56.19,0,89,0.79,95.19,544,10784,2025,12,December,Sunday,True,Low,False,0.0,False
2025-12-14,WH02,S3,22,176,7480,7480,5.3125,13464,55.56,0,68,0.91,96.61,253,7227,2025,12,December,Sunday,True,Low,False,0.0,False
2025-12-14,WH03,S1,20,160,7840,15680,6.125,12600,62.22,0,81,1.03,96.29,291,7549,2025,12,December,Sunday,True,Normal,False,0.0,False
2025-12-14,WH03,S2,19,152,7336,7336,6.032894736842105,11400,64.35,0,70,0.95,94.12,432,6904,2025,12,December,Sunday,True,Normal,False,0.0,False
2025-12-14,WH03,S3,15,120,6144,12288,6.4,7650,80.31,0,52,0.85,95.4,282,5862,2025,12,December,Sunday,True,High,False,0.0,False
2025-12-14,WH04,S1,23,184,11264,11264,7.6521739130434785,15842,71.1,0,110,0.98,94.69,599,10665,2025,12,December,Sunday,True,Normal,False,0.0,False
2025-12-14,WH04,S2,22,176,8832,8832,6.2727272727272725,14432,61.2,0,73,0.83,95.75,375,8457,2025,12,December,Sunday,True,Normal,False,0.0,False
2025-12-14,WH04,S3,17,136,6216,6216,5.713235294117647,9479,65.58,0,61,0.98,95.41,285,5931,2025,12,December,Sunday,True,Normal,False,0.0,False
2025-12-14,WH05,S1,18,144,6632,6632,5.756944444444445,10584,62.66,0,63,0.95,96.35,242,6390,2025,12,December,Sunday,True,Normal,False,0.0,False
2025-12-14,WH05,S2,17,136,7840,7840,7.205882352941177,9520,82.35,0,79,1.01,95.51,352,7488,2025,12,December,Sunday,True,High,False,0.0,False
2025-12-14,WH05,S3,14,112,3648,3648,4.071428571428571,6664,54.74,0,28,0.77,96.89,113,3535,2025,12,December,Sunday,True,Low,False,0.0,False
2025-12-15,WH01,S1,25,200,16168,32336,10.105,17850,90.58,0,148,0.92,96.44,575,15593,2025,12,December,Monday,False,Very High,True,0.0,False
2025-12-15,WH01,S2,24,192,18352,18352,11.947916666666666,16320,112.45,2032,211,1.15,88.31,2146,16206,2025,12,December,Monday,False,Over Capacity,True,11.07,True
2025-12-15,WH01,S3,19,152,15688,15688,12.901315789473683,10982,142.85,4706,173,1.1,86.44,2127,13561,2025,12,December,Monday,False,Over Capacity,True,30.0,True
2025-12-15,WH02,S1,30,240,23704,23704,12.345833333333331,22680,104.51,1024,229,0.97,87.14,3048,20656,2025,12,December,Monday,False,Over Capacity,True,4.32,True
2025-12-15,WH02,S2,28,224,22992,68976,12.830357142857142,20160,114.05,2832,234,1.02,87.43,2890,20102,2025,12,December,Monday,False,Over Capacity,True,12.32,True
2025-12-15,WH02,S3,22,176,14208,14208,10.090909090909092,13464,105.53,744,156,1.1,89.44,1501,12707,2025,12,December,Monday,False,Over Capacity,True,5.24,True
2025-12-15,WH03,S1,20,160,15120,45360,11.8125,12600,120.0,2520,153,1.01,87.36,1912,13208,2025,12,December,Monday,False,Over Capacity,True,16.67,True
2025-12-15,WH03,S2,19,152,15032,15032,12.361842105263158,11400,131.86,3632,189,1.26,88.18,1777,13255,2025,12,December,Monday,False,Over Capacity,True,24.16,True
2025-12-15,WH03,S3,15,120,10728,10728,11.175,7650,140.24,3078,145,1.35,87.02,1392,9336,2025,12,December,Monday,False,Over Capacity,True,28.69,True
2025-12-15,WH04,S1,23,184,20104,60312,13.657608695652174,15842,126.9,4262,240,1.19,87.62,2489,17615,2025,12,December,Monday,False,Over Capacity,True,21.2,True
2025-12-15,WH04,S2,22,176,18776,18776,13.335227272727272,14432,130.1,4344,222,1.18,87.94,2264,16512,2025,12,December,Monday,False,Over Capacity,True,23.14,True
2025-12-15,WH04,S3,17,136,13512,27024,12.419117647058824,9479,142.55,4033,118,0.87,87.51,1688,11824,2025,12,December,Monday,False,Over Capacity,True,29.85,True
2025-12-15,WH05,S1,18,144,13632,27264,11.833333333333334,10584,128.8,3048,174,1.28,87.87,1654,11978,2025,12,December,Monday,False,Over Capacity,True,22.36,True
2025-12-15,WH05,S2,17,136,11608,23216,10.669117647058824,9520,121.93,2088,156,1.34,89.94,1168,10440,2025,12,December,Monday,False,Over Capacity,True,17.99,True
2025-12-15,WH05,S3,14,112,9240,9240,10.3125,6664,138.66,2576,106,1.15,89.19,999,8241,2025,12,December,Monday,False,Over Capacity,True,27.88,True
2025-12-16,WH01,S1,25,200,20272,40544,12.67,17850,113.57,2422,199,0.98,89.35,2159,18113,2025,12,December,Tuesday,False,Over Capacity,True,11.95,True
2025-12-16,WH01,S2,24,192,17456,17456,11.364583333333334,16320,106.96,1136,180,1.03,87.22,2231,15225,2025,12,December,Tuesday,False,Over Capacity,True,6.51,True
2025-12-16,WH01,S3,19,152,15392,15392,12.657894736842104,10982,140.16,4410,164,1.07,86.47,2082,13310,2025,12,December,Tuesday,False,Over Capacity,True,28.65,True
2025-12-16,WH02,S1,30,240,22912,22912,11.933333333333334,22680,101.02,232,244,1.06,93.09,1582,21330,2025,12,December,Tuesday,False,Over Capacity,True,1.01,True
2025-12-16,WH02,S2,28,224,22392,22392,12.495535714285714,20160,111.07,2232,268,1.2,87.34,2834,19558,2025,12,December,Tuesday,False,Over Capacity,True,9.97,True
2025-12-16,WH02,S3,22,176,14360,28720,10.198863636363637,13464,106.65,896,130,0.91,87.66,1772,12588,2025,12,December,Tuesday,False,Over Capacity,True,6.24,True
2025-12-16,WH03,S1,20,160,18960,18960,14.8125,12600,150.48,6360,203,1.07,87.99,2276,16684,2025,12,December,Tuesday,False,Over Capacity,True,33.54,True
2025-12-16,WH03,S2,19,152,16560,16560,13.61842105263158,11400,145.26,5160,172,1.04,88.67,1876,14684,2025,12,December,Tuesday,False,Over Capacity,True,31.16,True
2025-12-16,WH03,S3,15,120,10672,10672,11.116666666666667,7650,139.5,3022,140,1.31,88.63,1213,9459,2025,12,December,Tuesday,False,Over Capacity,True,28.32,True
2025-12-16,WH04,S1,23,184,16344,32688,11.103260869565217,15842,103.17,502,150,0.92,87.93,1973,14371,2025,12,December,Tuesday,False,Over Capacity,True,3.07,True
2025-12-16,WH04,S2,22,176,14944,29888,10.613636363636363,14432,103.55,512,177,1.18,87.24,1907,13037,2025,12,December,Tuesday,False,Over Capacity,True,3.43,True
2025-12-16,WH04,S3,17,136,11784,11784,10.830882352941176,9479,124.32,2305,133,1.13,89.13,1281,10503,2025,12,December,Tuesday,False,Over Capacity,True,19.56,True
2025-12-16,WH05,S1,18,144,12312,12312,10.6875,10584,116.33,1728,118,0.96,88.74,1387,10925,2025,12,December,Tuesday,False,Over Capacity,True,14.04,True
2025-12-16,WH05,S2,17,136,12872,12872,11.830882352941176,9520,135.21,3352,175,1.36,88.49,1481,11391,2025,12,December,Tuesday,False,Over Capacity,True,26.04,True
2025-12-16,WH05,S3,14,112,10768,21536,12.017857142857142,6664,161.58,4104,139,1.29,88.58,1230,9538,2025,12,December,Tuesday,False,Over Capacity,True,38.11,True
2025-12-17,WH01,S1,25,200,19352,19352,12.095,17850,108.41,1502,214,1.11,87.75,2371,16981,2025,12,December,Wednesday,False,Over Capacity,True,7.76,True
2025-12-17,WH01,S2,24,192,15472,15472,10.072916666666666,16320,94.8,0,174,1.12,97.99,312,15160,2025,12,December,Wednesday,False,Very High,True,0.0,False
2025-12-17,WH01,S3,19,152,14272,28544,11.736842105263158,10982,129.96,3290,135,0.95,88.58,1630,12642,2025,12,December,Wednesday,False,Over Capacity,True,23.05,True
2025-12-17,WH02,S1,30,240,23632,47264,12.308333333333334,22680,104.2,952,182,0.77,88.96,2610,21022,2025,12,December,Wednesday,False,Over Capacity,True,4.03,True
2025-12-17,WH02,S2,28,224,16120,32240,8.995535714285714,20160,79.96,0,129,0.8,96.44,575,15545,2025,12,December,Wednesday,False,High,False,0.0,False
2025-12-17,WH02,S3,22,176,14984,44952,10.642045454545457,13464,111.29,1520,194,1.29,88.95,1655,13329,2025,12,December,Wednesday,False,Over Capacity,True,10.14,True
2025-12-17,WH03,S1,20,160,16864,16864,13.175,12600,133.84,4264,222,1.32,87.25,2151,14713,2025,12,December,Wednesday,False,Over Capacity,True,25.28,True
2025-12-17,WH03,S2,19,152,12976,12976,10.671052631578949,11400,113.82,1576,131,1.01,90.97,1172,11804,2025,12,December,Wednesday,False,Over Capacity,True,12.15,True
2025-12-17,WH03,S3,15,120,9872,29616,10.283333333333331,7650,129.05,2222,91,0.92,89.53,1034,8838,2025,12,December,Wednesday,False,Over Capacity,True,22.51,True
2025-12-17,WH04,S1,23,184,20888,20888,14.190217391304348,15842,131.85,5046,225,1.08,88.08,2490,18398,2025,12,December,Wednesday,False,Over Capacity,True,24.16,True
2025-12-17,WH04,S2,22,176,16816,33632,11.943181818181818,14432,116.52,2384,140,0.83,87.33,2131,14685,2025,12,December,Wednesday,False,Over Capacity,True,14.18,True
2025-12-17,WH04,S3,17,136,11824,11824,10.867647058823527,9479,124.74,2345,107,0.9,88.92,1311,10513,2025,12,December,Wednesday,False,Over Capacity,True,19.83,True
2025-12-17,WH05,S1,18,144,11528,23056,10.006944444444445,10584,108.92,944,88,0.76,87.6,1429,10099,2025,12,December,Wednesday,False,Over Capacity,True,8.19,True
2025-12-17,WH05,S2,17,136,14232,14232,13.080882352941176,9520,149.5,4712,150,1.05,86.42,1933,12299,2025,12,December,Wednesday,False,Over Capacity,True,33.11,True
2025-12-17,WH05,S3,14,112,10608,31824,11.839285714285714,6664,159.18,3944,133,1.25,87.14,1364,9244,2025,12,December,Wednesday,False,Over Capacity,True,37.18,True
2025-12-18,WH01,S1,25,200,19736,39472,12.335,17850,110.57,1886,183,0.93,88.06,2357,17379,2025,12,December,Thursday,False,Over Capacity,True,9.56,True
2025-12-18,WH01,S2,24,192,16032,16032,10.4375,16320,98.24,0,171,1.07,95.17,775,15257,2025,12,December,Thursday,False,Very High,True,0.0,False
2025-12-18,WH01,S3,19,152,12864,12864,10.578947368421051,10982,117.14,1882,128,1.0,88.89,1429,11435,2025,12,December,Thursday,False,Over Capacity,True,14.63,True
2025-12-18,WH02,S1,30,240,21768,21768,11.3375,22680,95.98,0,252,1.16,97.21,607,21161,2025,12,December,Thursday,False,Very High,True,0.0,False
2025-12-18,WH02,S2,28,224,22536,22536,12.575892857142858,20160,111.79,2376,249,1.1,87.57,2801,19735,2025,12,December,Thursday,False,Over Capacity,True,10.54,True
2025-12-18,WH02,S3,22,176,18432,18432,13.090909090909092,13464,136.9,4968,243,1.32,88.78,2067,16365,2025,12,December,Thursday,False,Over Capacity,True,26.95,True
2025-12-18,WH03,S1,20,160,16288,32576,12.725,12600,129.27,3688,200,1.23,88.09,1940,14348,2025,12,December,Thursday,False,Over Capacity,True,22.64,True
2025-12-18,WH03,S2,19,152,11984,11984,9.855263157894736,11400,105.12,584,139,1.16,88.35,1396,10588,2025,12,December,Thursday,False,Over Capacity,True,4.87,True
2025-12-18,WH03,S3,15,120,12408,37224,12.925,7650,162.2,4758,166,1.34,89.27,1331,11077,2025,12,December,Thursday,False,Over Capacity,True,38.35,True
2025-12-18,WH04,S1,23,184,19240,19240,13.070652173913045,15842,121.45,3398,264,1.37,87.72,2363,16877,2025,12,December,Thursday,False,Over Capacity,True,17.66,True
2025-12-18,WH04,S2,22,176,17952,53856,12.75,14432,124.39,3520,213,1.19,87.16,2304,15648,2025,12,December,Thursday,False,Over Capacity,True,19.61,True
2025-12-18,WH04,S3,17,136,11040,33120,10.147058823529411,9479,116.47,1561,136,1.23,87.78,1350,9690,2025,12,December,Thursday,False,Over Capacity,True,14.14,True
2025-12-18,WH05,S1,18,144,14256,14256,12.375,10584,134.69,3672,150,1.05,87.73,1749,12507,2025,12,December,Thursday,False,Over Capacity,True,25.76,True
2025-12-18,WH05,S2,17,136,12392,37176,11.389705882352942,9520,130.17,2872,120,0.97,87.54,1544,10848,2025,12,December,Thursday,False,Over Capacity,True,23.18,True
2025-12-18,WH05,S3,14,112,8840,17680,9.866071428571429,6664,132.65,2176,86,0.97,89.53,926,7914,2025,12,December,Thursday,False,Over Capacity,True,24.62,True
2025-12-19,WH01,S1,25,200,17184,51552,10.74,17850,96.27,0,185,1.08,96.49,603,16581,2025,12,December,Friday,False,Very High,True,0.0,False
2025-12-19,WH01,S2,24,192,19184,38368,12.489583333333334,16320,117.55,2864,231,1.2,89.29,2054,17130,2025,12,December,Friday,False,Over Capacity,True,14.93,True
2025-12-19,WH01,S3,19,152,12128,12128,9.973684210526317,10982,110.44,1146,163,1.34,86.92,1586,10542,2025,12,December,Friday,False,Over Capacity,True,9.45,True
2025-12-19,WH02,S1,30,240,26288,26288,13.691666666666666,22680,115.91,3608,268,1.02,89.09,2867,23421,2025,12,December,Friday,False,Over Capacity,True,13.72,True
2025-12-19,WH02,S2,28,224,23328,46656,13.017857142857142,20160,115.71,3168,308,1.32,87.39,2942,20386,2025,12,December,Friday,False,Over Capacity,True,13.58,True
2025-12-19,WH02,S3,22,176,13768,13768,9.778409090909092,13464,102.26,304,182,1.32,92.42,1044,12724,2025,12,December,Friday,False,Over Capacity,True,2.21,True
2025-12-19,WH03,S1,20,160,19576,39152,15.29375,12600,155.37,6976,209,1.07,88.8,2192,17384,2025,12,December,Friday,False,Over Capacity,True,35.64,True
2025-12-19,WH03,S2,19,152,17480,17480,14.375,11400,153.33,6080,205,1.17,87.62,2165,15315,2025,12,December,Friday,False,Over Capacity,True,34.78,True
2025-12-19,WH03,S3,15,120,12088,24176,12.591666666666669,7650,158.01,4438,136,1.13,89.21,1304,10784,2025,12,December,Friday,False,Over Capacity,True,36.71,True
2025-12-19,WH04,S1,23,184,18760,18760,12.744565217391305,15842,118.42,2918,215,1.15,87.67,2312,16448,2025,12,December,Friday,False,Over Capacity,True,15.55,True
2025-12-19,WH04,S2,22,176,15824,31648,11.238636363636363,14432,109.65,1392,178,1.12,87.68,1950,13874,2025,12,December,Friday,False,Over Capacity,True,8.8,True
2025-12-19,WH04,S3,17,136,12264,12264,11.272058823529411,9479,129.38,2785,132,1.08,89.11,1336,10928,2025,12,December,Friday,False,Over Capacity,True,22.71,True
2025-12-19,WH05,S1,18,144,17280,34560,15.0,10584,163.27,6696,187,1.08,88.0,2073,15207,2025,12,December,Friday,False,Over Capacity,True,38.75,True
2025-12-19,WH05,S2,17,136,12408,12408,11.404411764705882,9520,130.34,2888,123,0.99,89.15,1346,11062,2025,12,December,Friday,False,Over Capacity,True,23.28,True
2025-12-19,WH05,S3,14,112,9736,19472,10.866071428571429,6664,146.1,3072,98,1.01,89.1,1061,8675,2025,12,December,Friday,False,Over Capacity,True,31.55,True
2025-12-20,WH01,S1,25,200,10752,10752,6.72,17850,60.24,0,77,0.72,95.5,483,10269,2025,12,December,Saturday,False,Normal,False,0.0,False
2025-12-20,WH01,S2,24,192,10648,21296,6.932291666666667,16320,65.25,0,88,0.83,95.86,441,10207,2025,12,December,Saturday,False,Normal,False,0.0,False
2025-12-20,WH01,S3,19,152,8816,8816,7.25,10982,80.28,0,75,0.85,94.98,443,8373,2025,12,December,Saturday,False,High,False,0.0,False
2025-12-20,WH02,S1,30,240,17344,17344,9.033333333333331,22680,76.47,0,150,0.86,95.28,818,16526,2025,12,December,Saturday,False,High,False,0.0,False
2025-12-20,WH02,S2,28,224,9184,18368,5.125,20160,45.56,0,70,0.76,96.08,360,8824,2025,12,December,Saturday,False,Low,False,0.0,False
2025-12-20,WH02,S3,22,176,9176,27528,6.517045454545454,13464,68.15,0,77,0.84,96.6,312,8864,2025,12,December,Saturday,False,Normal,False,0.0,False
2025-12-20,WH03,S1,20,160,9576,9576,7.48125,12600,76.0,0,62,0.65,97.59,230,9346,2025,12,December,Saturday,False,High,False,0.0,False
2025-12-20,WH03,S2,19,152,9768,9768,8.032894736842104,11400,85.68,0,128,1.31,97.18,275,9493,2025,12,December,Saturday,False,Very High,True,0.0,False
2025-12-20,WH03,S3,15,120,7736,15472,8.058333333333334,7650,101.12,86,73,0.94,97.6,186,7550,2025,12,December,Saturday,False,Over Capacity,True,1.11,False
2025-12-20,WH04,S1,23,184,11096,11096,7.538043478260869,15842,70.04,0,62,0.56,96.19,422,10674,2025,12,December,Saturday,False,Normal,False,0.0,False
2025-12-20,WH04,S2,22,176,8992,26976,6.386363636363637,14432,62.31,0,89,0.99,98.08,173,8819,2025,12,December,Saturday,False,Normal,False,0.0,False
2025-12-20,WH04,S3,17,136,7824,7824,7.191176470588236,9479,82.54,0,74,0.95,97.18,220,7604,2025,12,December,Saturday,False,High,False,0.0,False
2025-12-20,WH05,S1,18,144,8952,8952,7.770833333333333,10584,84.58,0,79,0.88,95.88,369,8583,2025,12,December,Saturday,False,High,False,0.0,False
2025-12-20,WH05,S2,17,136,8552,17104,7.860294117647059,9520,89.83,0,109,1.27,96.57,293,8259,2025,12,December,Saturday,False,Very High,True,0.0,False
2025-12-20,WH05,S3,14,112,6536,13072,7.294642857142857,6664,98.08,0,70,1.07,96.33,240,6296,2025,12,December,Saturday,False,Very High,True,0.0,False
2025-12-21,WH01,S1,25,200,11848,11848,7.405,17850,66.38,0,77,0.65,95.93,483,11365,2025,12,December,Sunday,True,Normal,False,0.0,False
2025-12-21,WH01,S2,24,192,10456,10456,6.807291666666667,16320,64.07,0,101,0.97,95.57,463,9993,2025,12,December,Sunday,True,Normal,False,0.0,False
2025-12-21,WH01,S3,19,152,7416,7416,6.098684210526316,10982,67.53,0,49,0.66,95.15,360,7056,2025,12,December,Sunday,True,Normal,False,0.0,False
2025-12-21,WH02,S1,30,240,15872,15872,8.266666666666667,22680,69.98,0,129,0.81,96.63,535,15337,2025,12,December,Sunday,True,Normal,False,0.0,False
2025-12-21,WH02,S2,28,224,12280,24560,6.852678571428571,20160,60.91,0,101,0.82,96.61,416,11864,2025,12,December,Sunday,True,Normal,False,0.0,False
2025-12-21,WH02,S3,22,176,8632,8632,6.130681818181818,13464,64.11,0,60,0.7,94.82,447,8185,2025,12,December,Sunday,True,Normal,False,0.0,False
2025-12-21,WH03,S1,20,160,9576,9576,7.48125,12600,76.0,0,72,0.75,95.67,414,9162,2025,12,December,Sunday,True,High,False,0.0,False
2025-12-21,WH03,S2,19,152,9440,9440,7.763157894736842,11400,82.81,0,81,0.86,96.7,311,9129,2025,12,December,Sunday,True,High,False,0.0,False
2025-12-21,WH03,S3,15,120,5912,11824,6.158333333333333,7650,77.28,0,61,1.03,96.13,229,5683,2025,12,December,Sunday,True,High,False,0.0,False
2025-12-21,WH04,S1,23,184,9576,19152,6.505434782608695,15842,60.45,0,83,0.87,95.79,403,9173,2025,12,December,Sunday,True,Normal,False,0.0,False
2025-12-21,WH04,S2,22,176,8952,8952,6.357954545454546,14432,62.03,0,66,0.74,95.92,365,8587,2025,12,December,Sunday,True,Normal,False,0.0,False
2025-12-21,WH04,S3,17,136,5576,5576,5.125,9479,58.82,0,24,0.43,96.96,170,5406,2025,12,December,Sunday,True,Low,False,0.0,False
2025-12-21,WH05,S1,18,144,9424,9424,8.180555555555555,10584,89.04,0,90,0.96,97.48,237,9187,2025,12,December,Sunday,True,Very High,True,0.0,False
2025-12-21,WH05,S2,17,136,6672,13344,6.132352941176471,9520,70.08,0,50,0.75,96.57,229,6443,2025,12,December,Sunday,True,Normal,False,0.0,False
2025-12-21,WH05,S3,14,112,4784,4784,5.339285714285714,6664,71.79,0,38,0.79,95.41,220,4564,2025,12,December,Sunday,True,Normal,False,0.0,False
2025-12-22,WH01,S1,25,200,24528,49056,15.33,17850,137.41,6678,365,1.49,88.0,2943,21585,2025,12,December,Monday,False,Over Capacity,True,27.23,True
2025-12-22,WH01,S2,24,192,20008,20008,13.026041666666666,16320,122.6,3688,177,0.88,86.48,2706,17302,2025,12,December,Monday,False,Over Capacity,True,18.43,True
2025-12-22,WH01,S3,19,152,14056,14056,11.55921052631579,10982,127.99,3074,167,1.19,89.04,1541,12515,2025,12,December,Monday,False,Over Capacity,True,21.87,True
2025-12-22,WH02,S1,30,240,25424,25424,13.241666666666667,22680,112.1,2744,364,1.43,88.04,3042,22382,2025,12,December,Monday,False,Over Capacity,True,10.79,True
2025-12-22,WH02,S2,28,224,20176,20176,11.258928571428571,20160,100.08,16,172,0.85,97.49,507,19669,2025,12,December,Monday,False,Over Capacity,True,0.08,False
2025-12-22,WH02,S3,22,176,11176,33528,7.9375,13464,83.01,0,107,0.96,94.56,608,10568,2025,12,December,Monday,False,High,False,0.0,False
2025-12-22,WH03,S1,20,160,16984,16984,13.26875,12600,134.79,4384,246,1.45,88.91,1884,15100,2025,12,December,Monday,False,Over Capacity,True,25.81,True
2025-12-22,WH03,S2,19,152,15968,15968,13.13157894736842,11400,140.07,4568,189,1.18,88.21,1882,14086,2025,12,December,Monday,False,Over Capacity,True,28.61,True
2025-12-22,WH03,S3,15,120,11872,23744,12.366666666666667,7650,155.19,4222,132,1.11,88.0,1424,10448,2025,12,December,Monday,False,Over Capacity,True,35.56,True
2025-12-22,WH04,S1,23,184,17736,35472,12.048913043478262,15842,111.96,1894,201,1.13,87.04,2298,15438,2025,12,December,Monday,False,Over Capacity,True,10.68,True
2025-12-22,WH04,S2,22,176,18328,36656,13.017045454545457,14432,127.0,3896,239,1.3,88.25,2154,16174,2025,12,December,Monday,False,Over Capacity,True,21.26,True
2025-12-22,WH04,S3,17,136,9264,18528,8.514705882352942,9479,97.73,0,86,0.93,94.86,476,8788,2025,12,December,Monday,False,Very High,True,0.0,False
2025-12-22,WH05,S1,18,144,16144,32288,14.01388888888889,10584,152.53,5560,173,1.07,87.37,2039,14105,2025,12,December,Monday,False,Over Capacity,True,34.44,True
2025-12-22,WH05,S2,17,136,11336,11336,10.419117647058824,9520,119.08,1816,128,1.13,86.38,1544,9792,2025,12,December,Monday,False,Over Capacity,True,16.02,True
2025-12-22,WH05,S3,14,112,8704,26112,9.714285714285714,6664,130.61,2040,110,1.26,88.24,1023,7681,2025,12,December,Monday,False,Over Capacity,True,23.44,True
2025-12-23,WH01,S1,25,200,21128,42256,13.205,17850,118.36,3278,273,1.29,88.64,2400,18728,2025,12,December,Tuesday,False,Over Capacity,True,15.51,True
2025-12-23,WH01,S2,24,192,18872,18872,12.286458333333334,16320,115.64,2552,263,1.39,89.29,2022,16850,2025,12,December,Tuesday,False,Over Capacity,True,13.52,True
2025-12-23,WH01,S3,19,152,12416,12416,10.210526315789474,10982,113.06,1434,149,1.2,87.58,1542,10874,2025,12,December,Tuesday,False,Over Capacity,True,11.55,True
2025-12-23,WH02,S1,30,240,23800,23800,12.395833333333334,22680,104.94,1120,354,1.49,89.76,2437,21363,2025,12,December,Tuesday,False,Over Capacity,True,4.71,True
2025-12-23,WH02,S2,28,224,19904,19904,11.107142857142858,20160,98.73,0,238,1.2,96.15,766,19138,2025,12,December,Tuesday,False,Very High,True,0.0,False
2025-12-23,WH02,S3,22,176,14200,28400,10.085227272727272,13464,105.47,736,154,1.08,88.87,1580,12620,2025,12,December,Tuesday,False,Over Capacity,True,5.18,True
2025-12-23,WH03,S1,20,160,14936,14936,11.66875,12600,118.54,2336,201,1.35,88.78,1676,13260,2025,12,December,Tuesday,False,Over Capacity,True,15.64,True
2025-12-23,WH03,S2,19,152,17064,17064,14.032894736842104,11400,149.68,5664,175,1.03,89.54,1786,15278,2025,12,December,Tuesday,False,Over Capacity,True,33.19,True
2025-12-23,WH03,S3,15,120,9248,9248,9.633333333333333,7650,120.89,1598,119,1.29,88.72,1043,8205,2025,12,December,Tuesday,False,Over Capacity,True,17.28,True
2025-12-23,WH04,S1,23,184,19992,19992,13.581521739130435,15842,126.2,4150,271,1.36,88.84,2231,17761,2025,12,December,Tuesday,False,Over Capacity,True,20.76,True
2025-12-23,WH04,S2,22,176,18064,18064,12.829545454545457,14432,125.17,3632,251,1.39,89.54,1889,16175,2025,12,December,Tuesday,False,Over Capacity,True,20.11,True
2025-12-23,WH04,S3,17,136,12360,37080,11.360294117647058,9479,130.39,2881,159,1.29,90.48,1177,11183,2025,12,December,Tuesday,False,Over Capacity,True,23.31,True
2025-12-23,WH05,S1,18,144,9808,9808,8.51388888888889,10584,92.67,0,105,1.07,96.31,362,9446,2025,12,December,Tuesday,False,Very High,True,0.0,False
2025-12-23,WH05,S2,17,136,14280,14280,13.125,9520,150.0,4760,171,1.2,88.17,1689,12591,2025,12,December,Tuesday,False,Over Capacity,True,33.33,True
2025-12-23,WH05,S3,14,112,8160,16320,9.107142857142858,6664,122.45,1496,93,1.14,85.86,1154,7006,2025,12,December,Tuesday,False,Over Capacity,True,18.33,True
2025-12-24,WH01,S1,25,200,21392,21392,13.37,17850,119.84,3542,260,1.22,86.73,2839,18553,2025,12,December,Wednesday,False,Over Capacity,True,16.56,True
2025-12-24,WH01,S2,24,192,18928,56784,12.322916666666666,16320,115.98,2608,154,0.81,89.62,1964,16964,2025,12,December,Wednesday,False,Over Capacity,True,13.78,True
2025-12-24,WH01,S3,19,152,12256,24512,10.078947368421051,10982,111.6,1274,141,1.15,88.72,1383,10873,2025,12,December,Wednesday,False,Over Capacity,True,10.39,True
2025-12-24,WH02,S1,30,240,21952,21952,11.433333333333334,22680,96.79,0,207,0.94,95.41,1008,20944,2025,12,December,Wednesday,False,Very High,True,0.0,False
2025-12-24,WH02,S2,28,224,17960,17960,10.022321428571429,20160,89.09,0,173,0.96,96.37,652,17308,2025,12,December,Wednesday,False,Very High,True,0.0,False
2025-12-24,WH02,S3,22,176,16632,49896,11.8125,13464,123.53,3168,116,0.7,88.99,1831,14801,2025,12,December,Wednesday,False,Over Capacity,True,19.05,True
2025-12-24,WH03,S1,20,160,16328,16328,12.75625,12600,129.59,3728,214,1.31,87.03,2118,14210,2025,12,December,Wednesday,False,Over Capacity,True,22.83,True
2025-12-24,WH03,S2,19,152,16312,16312,13.414473684210526,11400,143.09,4912,193,1.18,88.41,1891,14421,2025,12,December,Wednesday,False,Over Capacity,True,30.11,True
2025-12-24,WH03,S3,15,120,11240,22480,11.708333333333334,7650,146.93,3590,105,0.93,89.48,1183,10057,2025,12,December,Wednesday,False,Over Capacity,True,31.94,True
2025-12-24,WH04,S1,23,184,18096,18096,12.293478260869565,15842,114.23,2254,218,1.2,88.21,2134,15962,2025,12,December,Wednesday,False,Over Capacity,True,12.46,True
2025-12-24,WH04,S2,22,176,16136,32272,11.460227272727272,14432,111.81,1704,161,1.0,87.66,1992,14144,2025,12,December,Wednesday,False,Over Capacity,True,10.56,True
2025-12-24,WH04,S3,17,136,10040,20080,9.227941176470589,9479,105.92,561,120,1.2,86.66,1340,8700,2025,12,December,Wednesday,False,Over Capacity,True,5.59,True
2025-12-24,WH05,S1,18,144,16368,16368,14.208333333333334,10584,154.65,5784,127,0.78,88.83,1829,14539,2025,12,December,Wednesday,False,Over Capacity,True,35.34,True
2025-12-24,WH05,S2,17,136,12344,37032,11.345588235294118,9520,129.66,2824,164,1.33,90.29,1198,11146,2025,12,December,Wednesday,False,Over Capacity,True,22.88,True
2025-12-24,WH05,S3,14,112,8312,24936,9.276785714285714,6664,124.73,1648,115,1.38,88.08,991,7321,2025,12,December,Wednesday,False,Over Capacity,True,19.83,True
2025-12-25,WH01,S1,25,200,19232,38464,12.02,17850,107.74,1382,202,1.05,87.98,2312,16920,2025,12,December,Thursday,False,Over Capacity,True,7.19,True
2025-12-25,WH01,S2,24,192,20512,20512,13.354166666666666,16320,125.69,4192,146,0.71,89.68,2117,18395,2025,12,December,Thursday,False,Over Capacity,True,20.44,True
2025-12-25,WH01,S3,19,152,14032,14032,11.539473684210526,10982,127.77,3050,165,1.18,89.75,1438,12594,2025,12,December,Thursday,False,Over Capacity,True,21.74,True
2025-12-25,WH02,S1,30,240,23984,47968,12.491666666666667,22680,105.75,1304,246,1.03,87.37,3029,20955,2025,12,December,Thursday,False,Over Capacity,True,5.44,True
2025-12-25,WH02,S2,28,224,23624,23624,13.183035714285714,20160,117.18,3464,194,0.82,88.27,2772,20852,2025,12,December,Thursday,False,Over Capacity,True,14.66,True
2025-12-25,WH02,S3,22,176,15920,15920,11.306818181818182,13464,118.24,2456,139,0.87,88.04,1905,14015,2025,12,December,Thursday,False,Over Capacity,True,15.43,True
2025-12-25,WH03,S1,20,160,15232,15232,11.9,12600,120.89,2632,198,1.3,88.76,1713,13519,2025,12,December,Thursday,False,Over Capacity,True,17.28,True
2025-12-25,WH03,S2,19,152,15632,31264,12.855263157894736,11400,137.12,4232,177,1.13,87.84,1901,13731,2025,12,December,Thursday,False,Over Capacity,True,27.07,True
2025-12-25,WH03,S3,15,120,13576,13576,14.141666666666667,7650,177.46,5926,145,1.07,88.12,1612,11964,2025,12,December,Thursday,False,Over Capacity,True,43.65,True
2025-12-25,WH04,S1,23,184,22096,22096,15.01086956521739,15842,139.48,6254,231,1.05,89.72,2271,19825,2025,12,December,Thursday,False,Over Capacity,True,28.3,True
2025-12-25,WH04,S2,22,176,13528,27056,9.607954545454543,14432,93.74,0,106,0.78,95.28,638,12890,2025,12,December,Thursday,False,Very High,True,0.0,False
2025-12-25,WH04,S3,17,136,12880,38640,11.838235294117649,9479,135.88,3401,155,1.2,88.77,1446,11434,2025,12,December,Thursday,False,Over Capacity,True,26.41,True
2025-12-25,WH05,S1,18,144,14736,14736,12.791666666666666,10584,139.23,4152,196,1.33,87.95,1776,12960,2025,12,December,Thursday,False,Over Capacity,True,28.18,True
2025-12-25,WH05,S2,17,136,12936,25872,11.889705882352942,9520,135.88,3416,101,0.78,88.48,1490,11446,2025,12,December,Thursday,False,Over Capacity,True,26.41,True
2025-12-25,WH05,S3,14,112,9392,9392,10.482142857142858,6664,140.94,2728,163,1.74,88.24,1104,8288,2025,12,December,Thursday,False,Over Capacity,True,29.05,True
2025-12-26,WH01,S1,25,200,21752,21752,13.595,17850,121.86,3902,287,1.32,87.8,2655,19097,2025,12,December,Friday,False,Over Capacity,True,17.94,True
2025-12-26,WH01,S2,24,192,21288,42576,13.859375,16320,130.44,4968,210,0.99,87.11,2744,18544,2025,12,December,Friday,False,Over Capacity,True,23.34,True
2025-12-26,WH01,S3,19,152,13880,13880,11.414473684210526,10982,126.39,2898,132,0.95,89.21,1498,12382,2025,12,December,Friday,False,Over Capacity,True,20.88,True
2025-12-26,WH02,S1,30,240,28848,28848,15.025,22680,127.2,6168,326,1.13,88.31,3374,25474,2025,12,December,Friday,False,Over Capacity,True,21.38,True
2025-12-26,WH02,S2,28,224,20064,20064,11.196428571428571,20160,99.52,0,202,1.01,95.04,996,19068,2025,12,December,Friday,False,Very High,True,0.0,False
2025-12-26,WH02,S3,22,176,16872,16872,11.982954545454543,13464,125.31,3408,196,1.16,88.8,1889,14983,2025,12,December,Friday,False,Over Capacity,True,20.2,True
2025-12-26,WH03,S1,20,160,19128,19128,14.94375,12600,151.81,6528,194,1.01,87.68,2357,16771,2025,12,December,Friday,False,Over Capacity,True,34.13,True
2025-12-26,WH03,S2,19,152,16624,33248,13.671052631578949,11400,145.82,5224,197,1.19,87.72,2042,14582,2025,12,December,Friday,False,Over Capacity,True,31.42,True
2025-12-26,WH03,S3,15,120,12872,38616,13.408333333333331,7650,168.26,5222,156,1.21,87.37,1625,11247,2025,12,December,Friday,False,Over Capacity,True,40.57,True
2025-12-26,WH04,S1,23,184,18856,18856,12.809782608695652,15842,119.03,3014,224,1.19,88.27,2213,16643,2025,12,December,Friday,False,Over Capacity,True,15.98,True
2025-12-26,WH04,S2,22,176,16600,49800,11.789772727272728,14432,115.02,2168,202,1.22,89.15,1800,14800,2025,12,December,Friday,False,Over Capacity,True,13.06,True
2025-12-26,WH04,S3,17,136,12384,12384,11.382352941176473,9479,130.65,2905,124,1.0,88.23,1457,10927,2025,12,December,Friday,False,Over Capacity,True,23.46,True
2025-12-26,WH05,S1,18,144,17024,51072,14.77777777777778,10584,160.85,6440,158,0.93,89.56,1778,15246,2025,12,December,Friday,False,Over Capacity,True,37.83,True
2025-12-26,WH05,S2,17,136,12936,12936,11.889705882352942,9520,135.88,3416,142,1.1,85.52,1874,11062,2025,12,December,Friday,False,Over Capacity,True,26.41,True
2025-12-26,WH05,S3,14,112,9168,9168,10.232142857142858,6664,137.58,2504,102,1.11,89.81,934,8234,2025,12,December,Friday,False,Over Capacity,True,27.31,True
2025-12-27,WH01,S1,25,200,13088,13088,8.18,17850,73.32,0,61,0.47,96.27,488,12600,2025,12,December,Saturday,False,Normal,False,0.0,False
2025-12-27,WH01,S2,24,192,11992,23984,7.807291666666667,16320,73.48,0,93,0.78,96.9,372,11620,2025,12,December,Saturday,False,Normal,False,0.0,False
2025-12-27,WH01,S3,19,152,9472,9472,7.7894736842105265,10982,86.25,0,90,0.95,96.13,367,9105,2025,12,December,Saturday,False,Very High,True,0.0,False
2025-12-27,WH02,S1,30,240,18256,18256,9.508333333333333,22680,80.49,0,120,0.66,97.04,540,17716,2025,12,December,Saturday,False,High,False,0.0,False
2025-12-27,WH02,S2,28,224,15248,45744,8.508928571428571,20160,75.63,0,133,0.87,95.91,623,14625,2025,12,December,Saturday,False,High,False,0.0,False
2025-12-27,WH02,S3,22,176,8880,8880,6.306818181818182,13464,65.95,0,83,0.93,97.28,242,8638,2025,12,December,Saturday,False,Normal,False,0.0,False
2025-12-27,WH03,S1,20,160,10640,21280,8.3125,12600,84.44,0,69,0.65,96.3,393,10247,2025,12,December,Saturday,False,High,False,0.0,False
2025-12-27,WH03,S2,19,152,8936,17872,7.348684210526316,11400,78.39,0,75,0.84,97.13,256,8680,2025,12,December,Saturday,False,High,False,0.0,False
2025-12-27,WH03,S3,15,120,6512,6512,6.783333333333333,7650,85.12,0,41,0.63,96.27,243,6269,2025,12,December,Saturday,False,Very High,True,0.0,False
2025-12-27,WH04,S1,23,184,12408,24816,8.429347826086957,15842,78.32,0,105,0.85,94.94,627,11781,2025,12,December,Saturday,False,High,False,0.0,False
2025-12-27,WH04,S2,22,176,10168,20336,7.221590909090909,14432,70.45,0,75,0.74,96.41,365,9803,2025,12,December,Saturday,False,Normal,False,0.0,False
2025-12-27,WH04,S3,17,136,7376,7376,6.779411764705882,9479,77.81,0,66,0.89,95.83,307,7069,2025,12,December,Saturday,False,High,False,0.0,False
2025-12-27,WH05,S1,18,144,9944,29832,8.631944444444445,10584,93.95,0,115,1.16,95.29,468,9476,2025,12,December,Saturday,False,Very High,True,0.0,False
2025-12-27,WH05,S2,17,136,7744,15488,7.117647058823529,9520,81.34,0,74,0.96,96.34,284,7460,2025,12,December,Saturday,False,High,False,0.0,False
2025-12-27,WH05,S3,14,112,5496,10992,6.133928571428571,6664,82.47,0,43,0.78,94.76,288,5208,2025,12,December,Saturday,False,High,False,0.0,False
2025-12-28,WH01,S1,25,200,10768,32304,6.73,17850,60.32,0,111,1.03,94.35,608,10160,2025,12,December,Sunday,True,Normal,False,0.0,False
2025-12-28,WH01,S2,24,192,12384,37152,8.0625,16320,75.88,0,85,0.69,97.13,355,12029,2025,12,December,Sunday,True,High,False,0.0,False
2025-12-28,WH01,S3,19,152,7000,7000,5.756578947368421,10982,63.74,0,37,0.53,94.28,400,6600,2025,12,December,Sunday,True,Normal,False,0.0,False
2025-12-28,WH02,S1,30,240,10992,32976,5.725,22680,48.47,0,87,0.79,96.44,391,10601,2025,12,December,Sunday,True,Low,False,0.0,False
2025-12-28,WH02,S2,28,224,11904,11904,6.642857142857143,20160,59.05,0,89,0.75,95.51,535,11369,2025,12,December,Sunday,True,Low,False,0.0,False
2025-12-28,WH02,S3,22,176,8352,8352,5.931818181818182,13464,62.03,0,73,0.87,96.57,286,8066,2025,12,December,Sunday,True,Normal,False,0.0,False
2025-12-28,WH03,S1,20,160,10168,10168,7.94375,12600,80.7,0,71,0.7,96.97,308,9860,2025,12,December,Sunday,True,High,False,0.0,False
2025-12-28,WH03,S2,19,152,7968,7968,6.552631578947368,11400,69.89,0,56,0.7,96.49,279,7689,2025,12,December,Sunday,True,Normal,False,0.0,False
2025-12-28,WH03,S3,15,120,5232,10464,5.45,7650,68.39,0,37,0.71,94.47,289,4943,2025,12,December,Sunday,True,Normal,False,0.0,False
2025-12-28,WH04,S1,23,184,9224,9224,6.266304347826087,15842,58.22,0,75,0.81,96.78,297,8927,2025,12,December,Sunday,True,Low,False,0.0,False
2025-12-28,WH04,S2,22,176,7656,22968,5.4375,14432,53.05,0,63,0.82,94.87,392,7264,2025,12,December,Sunday,True,Low,False,0.0,False
2025-12-28,WH04,S3,17,136,6608,6608,6.073529411764706,9479,69.71,0,60,0.91,96.16,254,6354,2025,12,December,Sunday,True,Normal,False,0.0,False
2025-12-28,WH05,S1,18,144,6936,6936,6.020833333333333,10584,65.53,0,44,0.63,94.4,388,6548,2025,12,December,Sunday,True,Normal,False,0.0,False
2025-12-28,WH05,S2,17,136,6736,6736,6.191176470588236,9520,70.76,0,55,0.82,96.78,217,6519,2025,12,December,Sunday,True,Normal,False,0.0,False
2025-12-28,WH05,S3,14,112,5400,5400,6.026785714285714,6664,81.03,0,36,0.67,95.49,243,5157,2025,12,December,Sunday,True,High,False,0.0,False
2025-12-29,WH01,S1,25,200,18704,18704,11.69,17850,104.78,854,239,1.28,87.32,2371,16333,2025,12,December,Monday,False,Over Capacity,True,4.57,True
2025-12-29,WH01,S2,24,192,16600,33200,10.807291666666666,16320,101.72,280,154,0.93,92.48,1249,15351,2025,12,December,Monday,False,Over Capacity,True,1.69,True
2025-12-29,WH01,S3,19,152,12192,36576,10.026315789473683,10982,111.02,1210,130,1.07,88.16,1443,10749,2025,12,December,Monday,False,Over Capacity,True,9.92,True
2025-12-29,WH02,S1,30,240,26896,80688,14.008333333333333,22680,118.59,4216,251,0.93,88.19,3176,23720,2025,12,December,Monday,False,Over Capacity,True,15.68,True
2025-12-29,WH02,S2,28,224,22168,22168,12.370535714285714,20160,109.96,2008,250,1.13,87.73,2719,19449,2025,12,December,Monday,False,Over Capacity,True,9.06,True
2025-12-29,WH02,S3,22,176,15880,15880,11.278409090909092,13464,117.94,2416,135,0.85,90.32,1536,14344,2025,12,December,Monday,False,Over Capacity,True,15.21,True
2025-12-29,WH03,S1,20,160,19456,19456,15.2,12600,154.41,6856,202,1.04,87.83,2368,17088,2025,12,December,Monday,False,Over Capacity,True,35.24,True
2025-12-29,WH03,S2,19,152,15440,46320,12.697368421052632,11400,135.44,4040,133,0.86,89.23,1663,13777,2025,12,December,Monday,False,Over Capacity,True,26.17,True
2025-12-29,WH03,S3,15,120,9952,19904,10.366666666666667,7650,130.09,2302,106,1.07,86.66,1327,8625,2025,12,December,Monday,False,Over Capacity,True,23.13,True
2025-12-29,WH04,S1,23,184,19232,19232,13.065217391304348,15842,121.4,3390,211,1.1,87.86,2334,16898,2025,12,December,Monday,False,Over Capacity,True,17.63,True
2025-12-29,WH04,S2,22,176,15808,47424,11.227272727272728,14432,109.53,1376,220,1.39,88.45,1826,13982,2025,12,December,Monday,False,Over Capacity,True,8.7,True
2025-12-29,WH04,S3,17,136,13120,13120,12.058823529411764,9479,138.41,3641,112,0.85,86.9,1719,11401,2025,12,December,Monday,False,Over Capacity,True,27.75,True
2025-12-29,WH05,S1,18,144,12216,12216,10.604166666666666,10584,115.42,1632,134,1.1,89.8,1246,10970,2025,12,December,Monday,False,Over Capacity,True,13.36,True
2025-12-29,WH05,S2,17,136,13408,40224,12.323529411764708,9520,140.84,3888,176,1.31,88.32,1566,11842,2025,12,December,Monday,False,Over Capacity,True,29.0,True
2025-12-29,WH05,S3,14,112,10416,20832,11.625,6664,156.3,3752,95,0.91,88.45,1203,9213,2025,12,December,Monday,False,Over Capacity,True,36.02,True
2025-12-30,WH01,S1,25,200,18136,18136,11.335,17850,101.6,286,185,1.02,92.32,1393,16743,2025,12,December,Tuesday,False,Over Capacity,True,1.58,True
2025-12-30,WH01,S2,24,192,14640,29280,9.53125,16320,89.71,0,155,1.06,96.79,469,14171,2025,12,December,Tuesday,False,Very High,True,0.0,False
2025-12-30,WH01,S3,19,152,13984,13984,11.5,10982,127.34,3002,143,1.02,87.14,1798,12186,2025,12,December,Tuesday,False,Over Capacity,True,21.47,True
2025-12-30,WH02,S1,30,240,25960,51920,13.520833333333334,22680,114.46,3280,299,1.15,87.2,3322,22638,2025,12,December,Tuesday,False,Over Capacity,True,12.63,True
2025-12-30,WH02,S2,28,224,21976,21976,12.263392857142858,20160,109.01,1816,238,1.08,88.97,2425,19551,2025,12,December,Tuesday,False,Over Capacity,True,8.26,True
2025-12-30,WH02,S3,22,176,16040,16040,11.392045454545457,13464,119.13,2576,187,1.17,88.28,1880,14160,2025,12,December,Tuesday,False,Over Capacity,True,16.06,True
2025-12-30,WH03,S1,20,160,16256,16256,12.7,12600,129.02,3656,164,1.01,89.54,1700,14556,2025,12,December,Tuesday,False,Over Capacity,True,22.49,True
2025-12-30,WH03,S2,19,152,13528,40584,11.125,11400,118.67,2128,152,1.12,87.95,1630,11898,2025,12,December,Tuesday,False,Over Capacity,True,15.73,True
2025-12-30,WH03,S3,15,120,10584,10584,11.025,7650,138.35,2934,135,1.28,88.58,1209,9375,2025,12,December,Tuesday,False,Over Capacity,True,27.72,True
2025-12-30,WH04,S1,23,184,18856,18856,12.809782608695652,15842,119.03,3014,262,1.39,87.77,2306,16550,2025,12,December,Tuesday,False,Over Capacity,True,15.98,True
2025-12-30,WH04,S2,22,176,14272,28544,10.136363636363637,14432,98.89,0,196,1.37,96.91,441,13831,2025,12,December,Tuesday,False,Very High,True,0.0,False
2025-12-30,WH04,S3,17,136,9864,19728,9.066176470588236,9479,104.06,385,113,1.15,93.84,608,9256,2025,12,December,Tuesday,False,Over Capacity,True,3.9,True
2025-12-30,WH05,S1,18,144,13584,40752,11.791666666666666,10584,128.34,3000,160,1.18,87.95,1637,11947,2025,12,December,Tuesday,False,Over Capacity,True,22.08,True
2025-12-30,WH05,S2,17,136,13392,13392,12.308823529411764,9520,140.67,3872,150,1.12,88.45,1547,11845,2025,12,December,Tuesday,False,Over Capacity,True,28.91,True
2025-12-30,WH05,S3,14,112,11544,23088,12.883928571428571,6664,173.23,4880,134,1.16,88.43,1335,10209,2025,12,December,Tuesday,False,Over Capacity,True,42.27,True
2025-12-31,WH01,S1,25,200,17376,17376,10.86,17850,97.34,0,166,0.96,96.83,551,16825,2025,12,December,Wednesday,False,Very High,True,0.0,False
2025-12-31,WH01,S2,24,192,20184,60552,13.140625,16320,123.68,3864,225,1.11,88.6,2301,17883,2025,12,December,Wednesday,False,Over Capacity,True,19.14,True
2025-12-31,WH01,S3,19,152,15688,15688,12.901315789473683,10982,142.85,4706,174,1.11,87.53,1956,13732,2025,12,December,Wednesday,False,Over Capacity,True,30.0,True
2025-12-31,WH02,S1,30,240,28040,56080,14.604166666666666,22680,123.63,5360,322,1.15,87.26,3574,24466,2025,12,December,Wednesday,False,Over Capacity,True,19.12,True
2025-12-31,WH02,S2,28,224,20928,20928,11.678571428571429,20160,103.81,768,217,1.04,89.17,2267,18661,2025,12,December,Wednesday,False,Over Capacity,True,3.67,True
2025-12-31,WH02,S3,22,176,18680,18680,13.267045454545457,13464,138.74,5216,178,0.95,89.13,2031,16649,2025,12,December,Wednesday,False,Over Capacity,True,27.92,True
2025-12-31,WH03,S1,20,160,17712,17712,13.8375,12600,140.57,5112,214,1.21,88.81,1983,15729,2025,12,December,Wednesday,False,Over Capacity,True,28.86,True
2025-12-31,WH03,S2,19,152,14552,29104,11.967105263157896,11400,127.65,3152,157,1.08,88.22,1714,12838,2025,12,December,Wednesday,False,Over Capacity,True,21.66,True
2025-12-31,WH03,S3,15,120,11808,11808,12.3,7650,154.35,4158,155,1.31,88.79,1323,10485,2025,12,December,Wednesday,False,Over Capacity,True,35.21,True
2025-12-31,WH04,S1,23,184,14104,28208,9.581521739130435,15842,89.03,0,163,1.16,95.83,588,13516,2025,12,December,Wednesday,False,Very High,True,0.0,False
2025-12-31,WH04,S2,22,176,12520,12520,8.892045454545455,14432,86.75,0,152,1.21,95.44,571,11949,2025,12,December,Wednesday,False,Very High,True,0.0,False
2025-12-31,WH04,S3,17,136,11768,11768,10.816176470588236,9479,124.15,2289,177,1.5,89.63,1220,10548,2025,12,December,Wednesday,False,Over Capacity,True,19.45,True
2025-12-31,WH05,S1,18,144,14128,28256,12.26388888888889,10584,133.48,3544,124,0.88,88.76,1589,12539,2025,12,December,Wednesday,False,Over Capacity,True,25.08,True
2025-12-31,WH05,S2,17,136,14272,14272,13.117647058823527,9520,149.92,4752,187,1.31,89.23,1537,12735,2025,12,December,Wednesday,False,Over Capacity,True,33.3,True
2025-12-31,WH05,S3,14,112,8656,8656,9.660714285714286,6664,129.89,1992,85,0.98,86.61,1159,7497,2025,12,December,Wednesday,False,Over Capacity,True,23.01,True
