date,warehouse_id,shift_id
2025-01-01,WH01,S1
2025-01-01,WH01,S2
2025-01-01,WH01,S3
2025-01-01,WH02,S1
2025-01-01,WH02,S2
2025-01-01,WH02,S3
2025-01-01,WH03,S1
2025-01-01,WH03,S2
2025-01-01,WH03,S3
2025-01-01,WH04,S1
2025-01-01,WH04,S2
2025-01-01,WH04,S3
2025-01-01,WH05,S1
2025-01-01,WH05,S2
2025-01-01,WH05,S3
2025-01-02,WH01,S1
2025-01-02,WH01,S2
2025-01-02,WH01,S3
2025-01-02,WH02,S1
2025-01-02,WH02,S2
2025-01-02,WH02,S3
2025-01-02,WH03,S1
2025-01-02,WH03,S2
2025-01-02,WH03,S3
2025-01-02,WH04,S1
2025-01-02,WH04,S2
2025-01-02,WH04,S3
2025-01-02,WH05,S1
2025-01-02,WH05,S2
2025-01-02,WH05,S3
2025-01-03,WH01,S1
2025-01-03,WH01,S2
2025-01-03,WH01,S3
2025-01-03,WH02,S1
2025-01-03,WH02,S2
2025-01-03,WH02,S3
2025-01-03,WH03,S1
2025-01-03,WH03,S2
2025-01-03,WH03,S3
2025-01-03,WH04,S1
2025-01-03,WH04,S2
2025-01-03,WH04,S3
2025-01-03,WH05,S1
2025-01-03,WH05,S2
2025-01-03,WH05,S3
2025-01-04,WH01,S1
2025-01-04,WH01,S2
2025-01-04,WH01,S3
2025-01-04,WH02,S1
2025-01-04,WH02,S2
2025-01-04,WH02,S3
2025-01-04,WH03,S1
2025-01-04,WH03,S2
2025-01-04,WH03,S3
2025-01-04,WH04,S1
2025-01-04,WH04,S2
2025-01-04,WH04,S3
2025-01-04,WH05,S1
2025-01-04,WH05,S2
2025-01-04,WH05,S3
2025-01-05,WH01,S1
2025-01-05,WH01,S2
2025-01-05,WH01,S3
2025-01-05,WH02,S1
2025-01-05,WH02,S2
2025-01-05,WH02,S3
2025-01-05,WH03,S1
2025-01-05,WH03,S2
2025-01-05,WH03,S3
2025-01-05,WH04,S1
2025-01-05,WH04,S2
2025-01-05,WH04,S3
2025-01-05,WH05,S1
2025-01-05,WH05,S2
2025-01-05,WH05,S3
2025-01-06,WH01,S1
2025-01-06,WH01,S2
2025-01-06,WH01,S3
2025-01-06,WH02,S1
2025-01-06,WH02,S2
2025-01-06,WH02,S3
2025-01-06,WH03,S1
2025-01-06,WH03,S2
2025-01-06,WH03,S3
2025-01-06,WH04,S1
2025-01-06,WH04,S2
2025-01-06,WH04,S3
2025-01-06,WH05,S1
2025-01-06,WH05,S2
2025-01-06,WH05,S3
2025-01-07,WH01,S1
2025-01-07,WH01,S2
2025-01-07,WH01,S3
2025-01-07,WH02,S1
2025-01-07,WH02,S2
2025-01-07,WH02,S3
2025-01-07,WH03,S1
2025-01-07,WH03,S2
2025-01-07,WH03,S3
2025-01-07,WH04,S1
2025-01-07,WH04,S2
2025-01-07,WH04,S3
2025-01-07,WH05,S1
2025-01-07,WH05,S2
2025-01-07,WH05,S3
2025-01-08,WH01,S1
2025-01-08,WH01,S2
2025-01-08,WH01,S3
2025-01-08,WH02,S1
2025-01-08,WH02,S2
2025-01-08,WH02,S3
2025-01-08,WH03,S1
2025-01-08,WH03,S2
2025-01-08,WH03,S3
2025-01-08,WH04,S1
2025-01-08,WH04,S2
2025-01-08,WH04,S3
2025-01-08,WH05,S1
2025-01-08,WH05,S2
2025-01-08,WH05,S3
2025-01-09,WH01,S1
2025-01-09,WH01,S2
2025-01-09,WH01,S3
2025-01-09,WH02,S1
2025-01-09,WH02,S2
2025-01-09,WH02,S3
2025-01-09,WH03,S1
2025-01-09,WH03,S2
2025-01-09,WH03,S3
2025-01-09,WH04,S1
2025-01-09,WH04,S2
2025-01-09,WH04,S3
2025-01-09,WH05,S1
2025-01-09,WH05,S2
2025-01-09,WH05,S3
2025-01-10,WH01,S1
2025-01-10,WH01,S2
2025-01-10,WH01,S3
2025-01-10,WH02,S1
2025-01-10,WH02,S2
2025-01-10,WH02,S3
2025-01-10,WH03,S1
2025-01-10,WH03,S2
2025-01-10,WH03,S3
2025-01-10,WH04,S1
2025-01-10,WH04,S2
2025-01-10,WH04,S3
2025-01-10,WH05,S1
2025-01-10,WH05,S2
2025-01-10,WH05,S3
2025-01-11,WH01,S1
2025-01-11,WH01,S2
2025-01-11,WH01,S3
2025-01-11,WH02,S1
2025-01-11,WH02,S2
2025-01-11,WH02,S3
2025-01-11,WH03,S1
2025-01-11,WH03,S2
2025-01-11,WH03,S3
2025-01-11,WH04,S1
2025-01-11,WH04,S2
2025-01-11,WH04,S3
2025-01-11,WH05,S1
2025-01-11,WH05,S2
2025-01-11,WH05,S3
2025-01-12,WH01,S1
2025-01-12,WH01,S2
2025-01-12,WH01,S3
2025-01-12,WH02,S1
2025-01-12,WH02,S2
2025-01-12,WH02,S3
2025-01-12,WH03,S1
2025-01-12,WH03,S2
2025-01-12,WH03,S3
2025-01-12,WH04,S1
2025-01-12,WH04,S2
2025-01-12,WH04,S3
2025-01-12,WH05,S1
2025-01-12,WH05,S2
2025-01-12,WH05,S3
2025-01-13,WH01,S1
2025-01-13,WH01,S2
2025-01-13,WH01,S3
2025-01-13,WH02,S1
2025-01-13,WH02,S2
2025-01-13,WH02,S3
2025-01-13,WH03,S1
2025-01-13,WH03,S2
2025-01-13,WH03,S3
2025-01-13,WH04,S1
2025-01-13,WH04,S2
2025-01-13,WH04,S3
2025-01-13,WH05,S1
2025-01-13,WH05,S2
2025-01-13,WH05,S3
2025-01-14,WH01,S1
2025-01-14,WH01,S2
2025-01-14,WH01,S3
2025-01-14,WH02,S1
2025-01-14,WH02,S2
2025-01-14,WH02,S3
2025-01-14,WH03,S1
2025-01-14,WH03,S2
2025-01-14,WH03,S3
2025-01-14,WH04,S1
2025-01-14,WH04,S2
2025-01-14,WH04,S3
2025-01-14,WH05,S1
2025-01-14,WH05,S2
2025-01-14,WH05,S3
2025-01-15,WH01,S1
2025-01-15,WH01,S2
2025-01-15,WH01,S3
2025-01-15,WH02,S1
2025-01-15,WH02,S2
2025-01-15,WH02,S3
2025-01-15,WH03,S1
2025-01-15,WH03,S2
2025-01-15,WH03,S3
2025-01-15,WH04,S1
2025-01-15,WH04,S2
2025-01-15,WH04,S3
2025-01-15,WH05,S1
2025-01-15,WH05,S2
2025-01-15,WH05,S3
2025-01-16,WH01,S1
2025-01-16,WH01,S2
2025-01-16,WH01,S3
2025-01-16,WH02,S1
2025-01-16,WH02,S2
2025-01-16,WH02,S3
2025-01-16,WH03,S1
2025-01-16,WH03,S2
2025-01-16,WH03,S3
2025-01-16,WH04,S1
2025-01-16,WH04,S2
2025-01-16,WH04,S3
2025-01-16,WH05,S1
2025-01-16,WH05,S2
2025-01-16,WH05,S3
2025-01-17,WH01,S1
2025-01-17,WH01,S2
2025-01-17,WH01,S3
2025-01-17,WH02,S1
2025-01-17,WH02,S2
2025-01-17,WH02,S3
2025-01-17,WH03,S1
2025-01-17,WH03,S2
2025-01-17,WH03,S3
2025-01-17,WH04,S1
2025-01-17,WH04,S2
2025-01-17,WH04,S3
2025-01-17,WH05,S1
2025-01-17,WH05,S2
2025-01-17,WH05,S3
2025-01-18,WH01,S1
2025-01-18,WH01,S2
2025-01-18,WH01,S3
2025-01-18,WH02,S1
2025-01-18,WH02,S2
2025-01-18,WH02,S3
2025-01-18,WH03,S1
2025-01-18,WH03,S2
2025-01-18,WH03,S3
2025-01-18,WH04,S1
2025-01-18,WH04,S2
2025-01-18,WH04,S3
2025-01-18,WH05,S1
2025-01-18,WH05,S2
2025-01-18,WH05,S3
2025-01-19,WH01,S1
2025-01-19,WH01,S2
2025-01-19,WH01,S3
2025-01-19,WH02,S1
2025-01-19,WH02,S2
2025-01-19,WH02,S3
2025-01-19,WH03,S1
2025-01-19,WH03,S2
2025-01-19,WH03,S3
2025-01-19,WH04,S1
2025-01-19,WH04,S2
2025-01-19,WH04,S3
2025-01-19,WH05,S1
2025-01-19,WH05,S2
2025-01-19,WH05,S3
2025-01-20,WH01,S1
2025-01-20,WH01,S2
2025-01-20,WH01,S3
2025-01-20,WH02,S1
2025-01-20,WH02,S2
2025-01-20,WH02,S3
2025-01-20,WH03,S1
2025-01-20,WH03,S2
2025-01-20,WH03,S3
2025-01-20,WH04,S1
2025-01-20,WH04,S2
2025-01-20,WH04,S3
2025-01-20,WH05,S1
2025-01-20,WH05,S2
2025-01-20,WH05,S3
2025-01-21,WH01,S1
2025-01-21,WH01,S2
2025-01-21,WH01,S3
2025-01-21,WH02,S1
2025-01-21,WH02,S2
2025-01-21,WH02,S3
2025-01-21,WH03,S1
2025-01-21,WH03,S2
2025-01-21,WH03,S3
2025-01-21,WH04,S1
2025-01-21,WH04,S2
2025-01-21,WH04,S3
2025-01-21,WH05,S1
2025-01-21,WH05,S2
2025-01-21,WH05,S3
2025-01-22,WH01,S1
2025-01-22,WH01,S2
2025-01-22,WH01,S3
2025-01-22,WH02,S1
2025-01-22,WH02,S2
2025-01-22,WH02,S3
2025-01-22,WH03,S1
2025-01-22,WH03,S2
2025-01-22,WH03,S3
2025-01-22,WH04,S1
2025-01-22,WH04,S2
2025-01-22,WH04,S3
2025-01-22,WH05,S1
2025-01-22,WH05,S2
2025-01-22,WH05,S3
2025-01-23,WH01,S1
2025-01-23,WH01,S2
2025-01-23,WH01,S3
2025-01-23,WH02,S1
2025-01-23,WH02,S2
2025-01-23,WH02,S3
2025-01-23,WH03,S1
2025-01-23,WH03,S2
2025-01-23,WH03,S3
2025-01-23,WH04,S1
2025-01-23,WH04,S2
2025-01-23,WH04,S3
2025-01-23,WH05,S1
2025-01-23,WH05,S2
2025-01-23,WH05,S3
2025-01-24,WH01,S1
2025-01-24,WH01,S2
2025-01-24,WH01,S3
2025-01-24,WH02,S1
2025-01-24,WH02,S2
2025-01-24,WH02,S3
2025-01-24,WH03,S1
2025-01-24,WH03,S2
2025-01-24,WH03,S3
2025-01-24,WH04,S1
2025-01-24,WH04,S2
2025-01-24,WH04,S3
2025-01-24,WH05,S1
2025-01-24,WH05,S2
2025-01-24,WH05,S3
2025-01-25,WH01,S1
2025-01-25,WH01,S2
2025-01-25,WH01,S3
2025-01-25,WH02,S1
2025-01-25,WH02,S2
2025-01-25,WH02,S3
2025-01-25,WH03,S1
2025-01-25,WH03,S2
2025-01-25,WH03,S3
2025-01-25,WH04,S1
2025-01-25,WH04,S2
2025-01-25,WH04,S3
2025-01-25,WH05,S1
2025-01-25,WH05,S2
2025-01-25,WH05,S3
2025-01-26,WH01,S1
2025-01-26,WH01,S2
2025-01-26,WH01,S3
2025-01-26,WH02,S1
2025-01-26,WH02,S2
2025-01-26,WH02,S3
2025-01-26,WH03,S1
2025-01-26,WH03,S2
2025-01-26,WH03,S3
2025-01-26,WH04,S1
2025-01-26,WH04,S2
2025-01-26,WH04,S3
2025-01-26,WH05,S1
2025-01-26,WH05,S2
2025-01-26,WH05,S3
2025-01-27,WH01,S1
2025-01-27,WH01,S2
2025-01-27,WH01,S3
2025-01-27,WH02,S1
2025-01-27,WH02,S2
2025-01-27,WH02,S3
2025-01-27,WH03,S1
2025-01-27,WH03,S2
2025-01-27,WH03,S3
2025-01-27,WH04,S1
2025-01-27,WH04,S2
2025-01-27,WH04,S3
2025-01-27,WH05,S1
2025-01-27,WH05,S2
2025-01-27,WH05,S3
2025-01-28,WH01,S1
2025-01-28,WH01,S2
2025-01-28,WH01,S3
2025-01-28,WH02,S1
2025-01-28,WH02,S2
2025-01-28,WH02,S3
2025-01-28,WH03,S1
2025-01-28,WH03,S2
2025-01-28,WH03,S3
2025-01-28,WH04,S1
2025-01-28,WH04,S2
2025-01-28,WH04,S3
2025-01-28,WH05,S1
2025-01-28,WH05,S2
2025-01-28,WH05,S3
2025-01-29,WH01,S1
2025-01-29,WH01,S2
2025-01-29,WH01,S3
2025-01-29,WH02,S1
2025-01-29,WH02,S2
2025-01-29,WH02,S3
2025-01-29,WH03,S1
2025-01-29,WH03,S2
2025-01-29,WH03,S3
2025-01-29,WH04,S1
2025-01-29,WH04,S2
2025-01-29,WH04,S3
2025-01-29,WH05,S1
2025-01-29,WH05,S2
2025-01-29,WH05,S3
2025-01-30,WH01,S1
2025-01-30,WH01,S2
2025-01-30,WH01,S3
2025-01-30,WH02,S1
2025-01-30,WH02,S2
2025-01-30,WH02,S3
2025-01-30,WH03,S1
2025-01-30,WH03,S2
2025-01-30,WH03,S3
2025-01-30,WH04,S1
2025-01-30,WH04,S2
2025-01-30,WH04,S3
2025-01-30,WH05,S1
2025-01-30,WH05,S2
2025-01-30,WH05,S3
2025-01-31,WH01,S1
2025-01-31,WH01,S2
2025-01-31,WH01,S3
2025-01-31,WH02,S1
2025-01-31,WH02,S2
2025-01-31,WH02,S3
2025-01-31,WH03,S1
2025-01-31,WH03,S2
2025-01-31,WH03,S3
2025-01-31,WH04,S1
2025-01-31,WH04,S2
2025-01-31,WH04,S3
2025-01-31,WH05,S1
2025-01-31,WH05,S2
2025-01-31,WH05,S3
2025-02-01,WH01,S1
2025-02-01,WH01,S2
2025-02-01,WH01,S3
2025-02-01,WH02,S1
2025-02-01,WH02,S2
2025-02-01,WH02,S3
2025-02-01,WH03,S1
2025-02-01,WH03,S2
2025-02-01,WH03,S3
2025-02-01,WH04,S1
2025-02-01,WH04,S2
2025-02-01,WH04,S3
2025-02-01,WH05,S1
2025-02-01,WH05,S2
2025-02-01,WH05,S3
2025-02-02,WH01,S1
2025-02-02,WH01,S2
2025-02-02,WH01,S3
2025-02-02,WH02,S1
2025-02-02,WH02,S2
2025-02-02,WH02,S3
2025-02-02,WH03,S1
2025-02-02,WH03,S2
2025-02-02,WH03,S3
2025-02-02,WH04,S1
2025-02-02,WH04,S2
2025-02-02,WH04,S3
2025-02-02,WH05,S1
2025-02-02,WH05,S2
2025-02-02,WH05,S3
2025-02-03,WH01,S1
2025-02-03,WH01,S2
2025-02-03,WH01,S3
2025-02-03,WH02,S1
2025-02-03,WH02,S2
2025-02-03,WH02,S3
2025-02-03,WH03,S1
2025-02-03,WH03,S2
2025-02-03,WH03,S3
2025-02-03,WH04,S1
2025-02-03,WH04,S2
2025-02-03,WH04,S3
2025-02-03,WH05,S1
2025-02-03,WH05,S2
2025-02-03,WH05,S3
2025-02-04,WH01,S1
2025-02-04,WH01,S2
2025-02-04,WH01,S3
2025-02-04,WH02,S1
2025-02-04,WH02,S2
2025-02-04,WH02,S3
2025-02-04,WH03,S1
2025-02-04,WH03,S2
2025-02-04,WH03,S3
2025-02-04,WH04,S1
2025-02-04,WH04,S2
2025-02-04,WH04,S3
2025-02-04,WH05,S1
2025-02-04,WH05,S2
2025-02-04,WH05,S3
2025-02-05,WH01,S1
2025-02-05,WH01,S2
2025-02-05,WH01,S3
2025-02-05,WH02,S1
2025-02-05,WH02,S2
2025-02-05,WH02,S3
2025-02-05,WH03,S1
2025-02-05,WH03,S2
2025-02-05,WH03,S3
2025-02-05,WH04,S1
2025-02-05,WH04,S2
2025-02-05,WH04,S3
2025-02-05,WH05,S1
2025-02-05,WH05,S2
2025-02-05,WH05,S3
2025-02-06,WH01,S1
2025-02-06,WH01,S2
2025-02-06,WH01,S3
2025-02-06,WH02,S1
2025-02-06,WH02,S2
2025-02-06,WH02,S3
2025-02-06,WH03,S1
2025-02-06,WH03,S2
2025-02-06,WH03,S3
2025-02-06,WH04,S1
2025-02-06,WH04,S2
2025-02-06,WH04,S3
2025-02-06,WH05,S1
2025-02-06,WH05,S2
2025-02-06,WH05,S3
2025-02-07,WH01,S1
2025-02-07,WH01,S2
2025-02-07,WH01,S3
2025-02-07,WH02,S1
2025-02-07,WH02,S2
2025-02-07,WH02,S3
2025-02-07,WH03,S1
2025-02-07,WH03,S2
2025-02-07,WH03,S3
2025-02-07,WH04,S1
2025-02-07,WH04,S2
2025-02-07,WH04,S3
2025-02-07,WH05,S1
2025-02-07,WH05,S2
2025-02-07,WH05,S3
2025-02-08,WH01,S1
2025-02-08,WH01,S2
2025-02-08,WH01,S3
2025-02-08,WH02,S1
2025-02-08,WH02,S2
2025-02-08,WH02,S3
2025-02-08,WH03,S1
2025-02-08,WH03,S2
2025-02-08,WH03,S3
2025-02-08,WH04,S1
2025-02-08,WH04,S2
2025-02-08,WH04,S3
2025-02-08,WH05,S1
2025-02-08,WH05,S2
2025-02-08,WH05,S3
2025-02-09,WH01,S1
2025-02-09,WH01,S2
2025-02-09,WH01,S3
2025-02-09,WH02,S1
2025-02-09,WH02,S2
2025-02-09,WH02,S3
2025-02-09,WH03,S1
2025-02-09,WH03,S2
2025-02-09,WH03,S3
2025-02-09,WH04,S1
2025-02-09,WH04,S2
2025-02-09,WH04,S3
2025-02-09,WH05,S1
2025-02-09,WH05,S2
2025-02-09,WH05,S3
2025-02-10,WH01,S1
2025-02-10,WH01,S2
2025-02-10,WH01,S3
2025-02-10,WH02,S1
2025-02-10,WH02,S2
2025-02-10,WH02,S3
2025-02-10,WH03,S1
2025-02-10,WH03,S2
2025-02-10,WH03,S3
2025-02-10,WH04,S1
2025-02-10,WH04,S2
2025-02-10,WH04,S3
2025-02-10,WH05,S1
2025-02-10,WH05,S2
2025-02-10,WH05,S3
2025-02-11,WH01,S1
2025-02-11,WH01,S2
2025-02-11,WH01,S3
2025-02-11,WH02,S1
2025-02-11,WH02,S2
2025-02-11,WH02,S3
2025-02-11,WH03,S1
2025-02-11,WH03,S2
2025-02-11,WH03,S3
2025-02-11,WH04,S1
2025-02-11,WH04,S2
2025-02-11,WH04,S3
2025-02-11,WH05,S1
2025-02-11,WH05,S2
2025-02-11,WH05,S3
2025-02-12,WH01,S1
2025-02-12,WH01,S2
2025-02-12,WH01,S3
2025-02-12,WH02,S1
2025-02-12,WH02,S2
2025-02-12,WH02,S3
2025-02-12,WH03,S1
2025-02-12,WH03,S2
2025-02-12,WH03,S3
2025-02-12,WH04,S1
2025-02-12,WH04,S2
2025-02-12,WH04,S3
2025-02-12,WH05,S1
2025-02-12,WH05,S2
2025-02-12,WH05,S3
2025-02-13,WH01,S1
2025-02-13,WH01,S2
2025-02-13,WH01,S3
2025-02-13,WH02,S1
2025-02-13,WH02,S2
2025-02-13,WH02,S3
2025-02-13,WH03,S1
2025-02-13,WH03,S2
2025-02-13,WH03,S3
2025-02-13,WH04,S1
2025-02-13,WH04,S2
2025-02-13,WH04,S3
2025-02-13,WH05,S1
2025-02-13,WH05,S2
2025-02-13,WH05,S3
2025-02-14,WH01,S1
2025-02-14,WH01,S2
2025-02-14,WH01,S3
2025-02-14,WH02,S1
2025-02-14,WH02,S2
2025-02-14,WH02,S3
2025-02-14,WH03,S1
2025-02-14,WH03,S2
2025-02-14,WH03,S3
2025-02-14,WH04,S1
2025-02-14,WH04,S2
2025-02-14,WH04,S3
2025-02-14,WH05,S1
2025-02-14,WH05,S2
2025-02-14,WH05,S3
2025-02-15,WH01,S1
2025-02-15,WH01,S2
2025-02-15,WH01,S3
2025-02-15,WH02,S1
2025-02-15,WH02,S2
2025-02-15,WH02,S3
2025-02-15,WH03,S1
2025-02-15,WH03,S2
2025-02-15,WH03,S3
2025-02-15,WH04,S1
2025-02-15,WH04,S2
2025-02-15,WH04,S3
2025-02-15,WH05,S1
2025-02-15,WH05,S2
2025-02-15,WH05,S3
2025-02-16,WH01,S1
2025-02-16,WH01,S2
2025-02-16,WH01,S3
2025-02-16,WH02,S1
2025-02-16,WH02,S2
2025-02-16,WH02,S3
2025-02-16,WH03,S1
2025-02-16,WH03,S2
2025-02-16,WH03,S3
2025-02-16,WH04,S1
2025-02-16,WH04,S2
2025-02-16,WH04,S3
2025-02-16,WH05,S1
2025-02-16,WH05,S2
2025-02-16,WH05,S3
2025-02-17,WH01,S1
2025-02-17,WH01,S2
2025-02-17,WH01,S3
2025-02-17,WH02,S1
2025-02-17,WH02,S2
2025-02-17,WH02,S3
2025-02-17,WH03,S1
2025-02-17,WH03,S2
2025-02-17,WH03,S3
2025-02-17,WH04,S1
2025-02-17,WH04,S2
2025-02-17,WH04,S3
2025-02-17,WH05,S1
2025-02-17,WH05,S2
2025-02-17,WH05,S3
2025-02-18,WH01,S1
2025-02-18,WH01,S2
2025-02-18,WH01,S3
2025-02-18,WH02,S1
2025-02-18,WH02,S2
2025-02-18,WH02,S3
2025-02-18,WH03,S1
2025-02-18,WH03,S2
2025-02-18,WH03,S3
2025-02-18,WH04,S1
2025-02-18,WH04,S2
2025-02-18,WH04,S3
2025-02-18,WH05,S1
2025-02-18,WH05,S2
2025-02-18,WH05,S3
2025-02-19,WH01,S1
2025-02-19,WH01,S2
2025-02-19,WH01,S3
2025-02-19,WH02,S1
2025-02-19,WH02,S2
2025-02-19,WH02,S3
2025-02-19,WH03,S1
2025-02-19,WH03,S2
2025-02-19,WH03,S3
2025-02-19,WH04,S1
2025-02-19,WH04,S2
2025-02-19,WH04,S3
2025-02-19,WH05,S1
2025-02-19,WH05,S2
2025-02-19,WH05,S3
2025-02-20,WH01,S1
2025-02-20,WH01,S2
2025-02-20,WH01,S3
2025-02-20,WH02,S1
2025-02-20,WH02,S2
2025-02-20,WH02,S3
2025-02-20,WH03,S1
2025-02-20,WH03,S2
2025-02-20,WH03,S3
2025-02-20,WH04,S1
2025-02-20,WH04,S2
2025-02-20,WH04,S3
2025-02-20,WH05,S1
2025-02-20,WH05,S2
2025-02-20,WH05,S3
2025-02-21,WH01,S1
2025-02-21,WH01,S2
2025-02-21,WH01,S3
2025-02-21,WH02,S1
2025-02-21,WH02,S2
2025-02-21,WH02,S3
2025-02-21,WH03,S1
2025-02-21,WH03,S2
2025-02-21,WH03,S3
2025-02-21,WH04,S1
2025-02-21,WH04,S2
2025-02-21,WH04,S3
2025-02-21,WH05,S1
2025-02-21,WH05,S2
2025-02-21,WH05,S3
2025-02-22,WH01,S1
2025-02-22,WH01,S2
2025-02-22,WH01,S3
2025-02-22,WH02,S1
2025-02-22,WH02,S2
2025-02-22,WH02,S3
2025-02-22,WH03,S1
2025-02-22,WH03,S2
2025-02-22,WH03,S3
2025-02-22,WH04,S1
2025-02-22,WH04,S2
2025-02-22,WH04,S3
2025-02-22,WH05,S1
2025-02-22,WH05,S2
2025-02-22,WH05,S3
2025-02-23,WH01,S1
2025-02-23,WH01,S2
2025-02-23,WH01,S3
2025-02-23,WH02,S1
2025-02-23,WH02,S2
2025-02-23,WH02,S3
2025-02-23,WH03,S1
2025-02-23,WH03,S2
2025-02-23,WH03,S3
2025-02-23,WH04,S1
2025-02-23,WH04,S2
2025-02-23,WH04,S3
2025-02-23,WH05,S1
2025-02-23,WH05,S2
2025-02-23,WH05,S3
2025-02-24,WH01,S1
2025-02-24,WH01,S2
2025-02-24,WH01,S3
2025-02-24,WH02,S1
2025-02-24,WH02,S2
2025-02-24,WH02,S3
2025-02-24,WH03,S1
2025-02-24,WH03,S2
2025-02-24,WH03,S3
2025-02-24,WH04,S1
2025-02-24,WH04,S2
2025-02-24,WH04,S3
2025-02-24,WH05,S1
2025-02-24,WH05,S2
2025-02-24,WH05,S3
2025-02-25,WH01,S1
2025-02-25,WH01,S2
2025-02-25,WH01,S3
2025-02-25,WH02,S1
2025-02-25,WH02,S2
2025-02-25,WH02,S3
2025-02-25,WH03,S1
2025-02-25,WH03,S2
2025-02-25,WH03,S3
2025-02-25,WH04,S1
2025-02-25,WH04,S2
2025-02-25,WH04,S3
2025-02-25,WH05,S1
2025-02-25,WH05,S2
2025-02-25,WH05,S3
2025-02-26,WH01,S1
2025-02-26,WH01,S2
2025-02-26,WH01,S3
2025-02-26,WH02,S1
2025-02-26,WH02,S2
2025-02-26,WH02,S3
2025-02-26,WH03,S1
2025-02-26,WH03,S2
2025-02-26,WH03,S3
2025-02-26,WH04,S1
2025-02-26,WH04,S2
2025-02-26,WH04,S3
2025-02-26,WH05,S1
2025-02-26,WH05,S2
2025-02-26,WH05,S3
2025-02-27,WH01,S1
2025-02-27,WH01,S2
2025-02-27,WH01,S3
2025-02-27,WH02,S1
2025-02-27,WH02,S2
2025-02-27,WH02,S3
2025-02-27,WH03,S1
2025-02-27,WH03,S2
2025-02-27,WH03,S3
2025-02-27,WH04,S1
2025-02-27,WH04,S2
2025-02-27,WH04,S3
2025-02-27,WH05,S1
2025-02-27,WH05,S2
2025-02-27,WH05,S3
2025-02-28,WH01,S1
2025-02-28,WH01,S2
2025-02-28,WH01,S3
2025-02-28,WH02,S1
2025-02-28,WH02,S2
2025-02-28,WH02,S3
2025-02-28,WH03,S1
2025-02-28,WH03,S2
2025-02-28,WH03,S3
2025-02-28,WH04,S1
2025-02-28,WH04,S2
2025-02-28,WH04,S3
2025-02-28,WH05,S1
2025-02-28,WH05,S2
2025-02-28,WH05,S3
2025-03-01,WH01,S1
2025-03-01,WH01,S2
2025-03-01,WH01,S3
2025-03-01,WH02,S1
2025-03-01,WH02,S2
2025-03-01,WH02,S3
2025-03-01,WH03,S1
2025-03-01,WH03,S2
2025-03-01,WH03,S3
2025-03-01,WH04,S1
2025-03-01,WH04,S2
2025-03-01,WH04,S3
2025-03-01,WH05,S1
2025-03-01,WH05,S2
2025-03-01,WH05,S3
2025-03-02,WH01,S1
2025-03-02,WH01,S2
2025-03-02,WH01,S3
2025-03-02,WH02,S1
2025-03-02,WH02,S2
2025-03-02,WH02,S3
2025-03-02,WH03,S1
2025-03-02,WH03,S2
2025-03-02,WH03,S3
2025-03-02,WH04,S1
2025-03-02,WH04,S2
2025-03-02,WH04,S3
2025-03-02,WH05,S1
2025-03-02,WH05,S2
2025-03-02,WH05,S3
2025-03-03,WH01,S1
2025-03-03,WH01,S2
2025-03-03,WH01,S3
2025-03-03,WH02,S1
2025-03-03,WH02,S2
2025-03-03,WH02,S3
2025-03-03,WH03,S1
2025-03-03,WH03,S2
2025-03-03,WH03,S3
2025-03-03,WH04,S1
2025-03-03,WH04,S2
2025-03-03,WH04,S3
2025-03-03,WH05,S1
2025-03-03,WH05,S2
2025-03-03,WH05,S3
2025-03-04,WH01,S1
2025-03-04,WH01,S2
2025-03-04,WH01,S3
2025-03-04,WH02,S1
2025-03-04,WH02,S2
2025-03-04,WH02,S3
2025-03-04,WH03,S1
2025-03-04,WH03,S2
2025-03-04,WH03,S3
2025-03-04,WH04,S1
2025-03-04,WH04,S2
2025-03-04,WH04,S3
2025-03-04,WH05,S1
2025-03-04,WH05,S2
2025-03-04,WH05,S3
2025-03-05,WH01,S1
2025-03-05,WH01,S2
2025-03-05,WH01,S3
2025-03-05,WH02,S1
2025-03-05,WH02,S2
2025-03-05,WH02,S3
2025-03-05,WH03,S1
2025-03-05,WH03,S2
2025-03-05,WH03,S3
2025-03-05,WH04,S1
2025-03-05,WH04,S2
2025-03-05,WH04,S3
2025-03-05,WH05,S1
2025-03-05,WH05,S2
2025-03-05,WH05,S3
2025-03-06,WH01,S1
2025-03-06,WH01,S2
2025-03-06,WH01,S3
2025-03-06,WH02,S1
2025-03-06,WH02,S2
2025-03-06,WH02,S3
2025-03-06,WH03,S1
2025-03-06,WH03,S2
2025-03-06,WH03,S3
2025-03-06,WH04,S1
2025-03-06,WH04,S2
2025-03-06,WH04,S3
2025-03-06,WH05,S1
2025-03-06,WH05,S2
2025-03-06,WH05,S3
2025-03-07,WH01,S1
2025-03-07,WH01,S2
2025-03-07,WH01,S3
2025-03-07,WH02,S1
2025-03-07,WH02,S2
2025-03-07,WH02,S3
2025-03-07,WH03,S1
2025-03-07,WH03,S2
2025-03-07,WH03,S3
2025-03-07,WH04,S1
2025-03-07,WH04,S2
2025-03-07,WH04,S3
2025-03-07,WH05,S1
2025-03-07,WH05,S2
2025-03-07,WH05,S3
2025-03-08,WH01,S1
2025-03-08,WH01,S2
2025-03-08,WH01,S3
2025-03-08,WH02,S1
2025-03-08,WH02,S2
2025-03-08,WH02,S3
2025-03-08,WH03,S1
2025-03-08,WH03,S2
2025-03-08,WH03,S3
2025-03-08,WH04,S1
2025-03-08,WH04,S2
2025-03-08,WH04,S3
2025-03-08,WH05,S1
2025-03-08,WH05,S2
2025-03-08,WH05,S3
2025-03-09,WH01,S1
2025-03-09,WH01,S2
2025-03-09,WH01,S3
2025-03-09,WH02,S1
2025-03-09,WH02,S2
2025-03-09,WH02,S3
2025-03-09,WH03,S1
2025-03-09,WH03,S2
2025-03-09,WH03,S3
2025-03-09,WH04,S1
2025-03-09,WH04,S2
2025-03-09,WH04,S3
2025-03-09,WH05,S1
2025-03-09,WH05,S2
2025-03-09,WH05,S3
2025-03-10,WH01,S1
2025-03-10,WH01,S2
2025-03-10,WH01,S3
2025-03-10,WH02,S1
2025-03-10,WH02,S2
2025-03-10,WH02,S3
2025-03-10,WH03,S1
2025-03-10,WH03,S2
2025-03-10,WH03,S3
2025-03-10,WH04,S1
2025-03-10,WH04,S2
2025-03-10,WH04,S3
2025-03-10,WH05,S1
2025-03-10,WH05,S2
2025-03-10,WH05,S3
2025-03-11,WH01,S1
2025-03-11,WH01,S2
2025-03-11,WH01,S3
2025-03-11,WH02,S1
2025-03-11,WH02,S2
2025-03-11,WH02,S3
2025-03-11,WH03,S1
2025-03-11,WH03,S2
2025-03-11,WH03,S3
2025-03-11,WH04,S1
2025-03-11,WH04,S2
2025-03-11,WH04,S3
2025-03-11,WH05,S1
2025-03-11,WH05,S2
2025-03-11,WH05,S3
2025-03-12,WH01,S1
2025-03-12,WH01,S2
2025-03-12,WH01,S3
2025-03-12,WH02,S1
2025-03-12,WH02,S2
2025-03-12,WH02,S3
2025-03-12,WH03,S1
2025-03-12,WH03,S2
2025-03-12,WH03,S3
2025-03-12,WH04,S1
2025-03-12,WH04,S2
2025-03-12,WH04,S3
2025-03-12,WH05,S1
2025-03-12,WH05,S2
2025-03-12,WH05,S3
2025-03-13,WH01,S1
2025-03-13,WH01,S2
2025-03-13,WH01,S3
2025-03-13,WH02,S1
2025-03-13,WH02,S2
2025-03-13,WH02,S3
2025-03-13,WH03,S1
2025-03-13,WH03,S2
2025-03-13,WH03,S3
2025-03-13,WH04,S1
2025-03-13,WH04,S2
2025-03-13,WH04,S3
2025-03-13,WH05,S1
2025-03-13,WH05,S2
2025-03-13,WH05,S3
2025-03-14,WH01,S1
2025-03-14,WH01,S2
2025-03-14,WH01,S3
2025-03-14,WH02,S1
2025-03-14,WH02,S2
2025-03-14,WH02,S3
2025-03-14,WH03,S1
2025-03-14,WH03,S2
2025-03-14,WH03,S3
2025-03-14,WH04,S1
2025-03-14,WH04,S2
2025-03-14,WH04,S3
2025-03-14,WH05,S1
2025-03-14,WH05,S2
2025-03-14,WH05,S3
2025-03-15,WH01,S1
2025-03-15,WH01,S2
2025-03-15,WH01,S3
2025-03-15,WH02,S1
2025-03-15,WH02,S2
2025-03-15,WH02,S3
2025-03-15,WH03,S1
2025-03-15,WH03,S2
2025-03-15,WH03,S3
2025-03-15,WH04,S1
2025-03-15,WH04,S2
2025-03-15,WH04,S3
2025-03-15,WH05,S1
2025-03-15,WH05,S2
2025-03-15,WH05,S3
2025-03-16,WH01,S1
2025-03-16,WH01,S2
2025-03-16,WH01,S3
2025-03-16,WH02,S1
2025-03-16,WH02,S2
2025-03-16,WH02,S3
2025-03-16,WH03,S1
2025-03-16,WH03,S2
2025-03-16,WH03,S3
2025-03-16,WH04,S1
2025-03-16,WH04,S2
2025-03-16,WH04,S3
2025-03-16,WH05,S1
2025-03-16,WH05,S2
2025-03-16,WH05,S3
2025-03-17,WH01,S1
2025-03-17,WH01,S2
2025-03-17,WH01,S3
2025-03-17,WH02,S1
2025-03-17,WH02,S2
2025-03-17,WH02,S3
2025-03-17,WH03,S1
2025-03-17,WH03,S2
2025-03-17,WH03,S3
2025-03-17,WH04,S1
2025-03-17,WH04,S2
2025-03-17,WH04,S3
2025-03-17,WH05,S1
2025-03-17,WH05,S2
2025-03-17,WH05,S3
2025-03-18,WH01,S1
2025-03-18,WH01,S2
2025-03-18,WH01,S3
2025-03-18,WH02,S1
2025-03-18,WH02,S2
2025-03-18,WH02,S3
2025-03-18,WH03,S1
2025-03-18,WH03,S2
2025-03-18,WH03,S3
2025-03-18,WH04,S1
2025-03-18,WH04,S2
2025-03-18,WH04,S3
2025-03-18,WH05,S1
2025-03-18,WH05,S2
2025-03-18,WH05,S3
2025-03-19,WH01,S1
2025-03-19,WH01,S2
2025-03-19,WH01,S3
2025-03-19,WH02,S1
2025-03-19,WH02,S2
2025-03-19,WH02,S3
2025-03-19,WH03,S1
2025-03-19,WH03,S2
2025-03-19,WH03,S3
2025-03-19,WH04,S1
2025-03-19,WH04,S2
2025-03-19,WH04,S3
2025-03-19,WH05,S1
2025-03-19,WH05,S2
2025-03-19,WH05,S3
2025-03-20,WH01,S1
2025-03-20,WH01,S2
2025-03-20,WH01,S3
2025-03-20,WH02,S1
2025-03-20,WH02,S2
2025-03-20,WH02,S3
2025-03-20,WH03,S1
2025-03-20,WH03,S2
2025-03-20,WH03,S3
2025-03-20,WH04,S1
2025-03-20,WH04,S2
2025-03-20,WH04,S3
2025-03-20,WH05,S1
2025-03-20,WH05,S2
2025-03-20,WH05,S3
2025-03-21,WH01,S1
2025-03-21,WH01,S2
2025-03-21,WH01,S3
2025-03-21,WH02,S1
2025-03-21,WH02,S2
2025-03-21,WH02,S3
2025-03-21,WH03,S1
2025-03-21,WH03,S2
2025-03-21,WH03,S3
2025-03-21,WH04,S1
2025-03-21,WH04,S2
2025-03-21,WH04,S3
2025-03-21,WH05,S1
2025-03-21,WH05,S2
2025-03-21,WH05,S3
2025-03-22,WH01,S1
2025-03-22,WH01,S2
2025-03-22,WH01,S3
2025-03-22,WH02,S1
2025-03-22,WH02,S2
2025-03-22,WH02,S3
2025-03-22,WH03,S1
2025-03-22,WH03,S2
2025-03-22,WH03,S3
2025-03-22,WH04,S1
2025-03-22,WH04,S2
2025-03-22,WH04,S3
2025-03-22,WH05,S1
2025-03-22,WH05,S2
2025-03-22,WH05,S3
2025-03-23,WH01,S1
2025-03-23,WH01,S2
2025-03-23,WH01,S3
2025-03-23,WH02,S1
2025-03-23,WH02,S2
2025-03-23,WH02,S3
2025-03-23,WH03,S1
2025-03-23,WH03,S2
2025-03-23,WH03,S3
2025-03-23,WH04,S1
2025-03-23,WH04,S2
2025-03-23,WH04,S3
2025-03-23,WH05,S1
2025-03-23,WH05,S2
2025-03-23,WH05,S3
2025-03-24,WH01,S1
2025-03-24,WH01,S2
2025-03-24,WH01,S3
2025-03-24,WH02,S1
2025-03-24,WH02,S2
2025-03-24,WH02,S3
2025-03-24,WH03,S1
2025-03-24,WH03,S2
2025-03-24,WH03,S3
2025-03-24,WH04,S1
2025-03-24,WH04,S2
2025-03-24,WH04,S3
2025-03-24,WH05,S1
2025-03-24,WH05,S2
2025-03-24,WH05,S3
2025-03-25,WH01,S1
2025-03-25,WH01,S2
2025-03-25,WH01,S3
2025-03-25,WH02,S1
2025-03-25,WH02,S2
2025-03-25,WH02,S3
2025-03-25,WH03,S1
2025-03-25,WH03,S2
2025-03-25,WH03,S3
2025-03-25,WH04,S1
2025-03-25,WH04,S2
2025-03-25,WH04,S3
2025-03-25,WH05,S1
2025-03-25,WH05,S2
2025-03-25,WH05,S3
2025-03-26,WH01,S1
2025-03-26,WH01,S2
2025-03-26,WH01,S3
2025-03-26,WH02,S1
2025-03-26,WH02,S2
2025-03-26,WH02,S3
2025-03-26,WH03,S1
2025-03-26,WH03,S2
2025-03-26,WH03,S3
2025-03-26,WH04,S1
2025-03-26,WH04,S2
2025-03-26,WH04,S3
2025-03-26,WH05,S1
2025-03-26,WH05,S2
2025-03-26,WH05,S3
2025-03-27,WH01,S1
2025-03-27,WH01,S2
2025-03-27,WH01,S3
2025-03-27,WH02,S1
2025-03-27,WH02,S2
2025-03-27,WH02,S3
2025-03-27,WH03,S1
2025-03-27,WH03,S2
2025-03-27,WH03,S3
2025-03-27,WH04,S1
2025-03-27,WH04,S2
2025-03-27,WH04,S3
2025-03-27,WH05,S1
2025-03-27,WH05,S2
2025-03-27,WH05,S3
2025-03-28,WH01,S1
2025-03-28,WH01,S2
2025-03-28,WH01,S3
2025-03-28,WH02,S1
2025-03-28,WH02,S2
2025-03-28,WH02,S3
2025-03-28,WH03,S1
2025-03-28,WH03,S2
2025-03-28,WH03,S3
2025-03-28,WH04,S1
2025-03-28,WH04,S2
2025-03-28,WH04,S3
2025-03-28,WH05,S1
2025-03-28,WH05,S2
2025-03-28,WH05,S3
2025-03-29,WH01,S1
2025-03-29,WH01,S2
2025-03-29,WH01,S3
2025-03-29,WH02,S1
2025-03-29,WH02,S2
2025-03-29,WH02,S3
2025-03-29,WH03,S1
2025-03-29,WH03,S2
2025-03-29,WH03,S3
2025-03-29,WH04,S1
2025-03-29,WH04,S2
2025-03-29,WH04,S3
2025-03-29,WH05,S1
2025-03-29,WH05,S2
2025-03-29,WH05,S3
2025-03-30,WH01,S1
2025-03-30,WH01,S2
2025-03-30,WH01,S3
2025-03-30,WH02,S1
2025-03-30,WH02,S2
2025-03-30,WH02,S3
2025-03-30,WH03,S1
2025-03-30,WH03,S2
2025-03-30,WH03,S3
2025-03-30,WH04,S1
2025-03-30,WH04,S2
2025-03-30,WH04,S3
2025-03-30,WH05,S1
2025-03-30,WH05,S2
2025-03-30,WH05,S3
2025-03-31,WH01,S1
2025-03-31,WH01,S2
2025-03-31,WH01,S3
2025-03-31,WH02,S1
2025-03-31,WH02,S2
2025-03-31,WH02,S3
2025-03-31,WH03,S1
2025-03-31,WH03,S2
2025-03-31,WH03,S3
2025-03-31,WH04,S1
2025-03-31,WH04,S2
2025-03-31,WH04,S3
2025-03-31,WH05,S1
2025-03-31,WH05,S2
2025-03-31,WH05,S3
2025-04-01,WH01,S1
2025-04-01,WH01,S2
2025-04-01,WH01,S3
2025-04-01,WH02,S1
2025-04-01,WH02,S2
2025-04-01,WH02,S3
2025-04-01,WH03,S1
2025-04-01,WH03,S2
2025-04-01,WH03,S3
2025-04-01,WH04,S1
2025-04-01,WH04,S2
2025-04-01,WH04,S3
2025-04-01,WH05,S1
2025-04-01,WH05,S2
2025-04-01,WH05,S3
2025-04-02,WH01,S1
2025-04-02,WH01,S2
2025-04-02,WH01,S3
2025-04-02,WH02,S1
2025-04-02,WH02,S2
2025-04-02,WH02,S3
2025-04-02,WH03,S1
2025-04-02,WH03,S2
2025-04-02,WH03,S3
2025-04-02,WH04,S1
2025-04-02,WH04,S2
2025-04-02,WH04,S3
2025-04-02,WH05,S1
2025-04-02,WH05,S2
2025-04-02,WH05,S3
2025-04-03,WH01,S1
2025-04-03,WH01,S2
2025-04-03,WH01,S3
2025-04-03,WH02,S1
2025-04-03,WH02,S2
2025-04-03,WH02,S3
2025-04-03,WH03,S1
2025-04-03,WH03,S2
2025-04-03,WH03,S3
2025-04-03,WH04,S1
2025-04-03,WH04,S2
2025-04-03,WH04,S3
2025-04-03,WH05,S1
2025-04-03,WH05,S2
2025-04-03,WH05,S3
2025-04-04,WH01,S1
2025-04-04,WH01,S2
2025-04-04,WH01,S3
2025-04-04,WH02,S1
2025-04-04,WH02,S2
2025-04-04,WH02,S3
2025-04-04,WH03,S1
2025-04-04,WH03,S2
2025-04-04,WH03,S3
2025-04-04,WH04,S1
2025-04-04,WH04,S2
2025-04-04,WH04,S3
2025-04-04,WH05,S1
2025-04-04,WH05,S2
2025-04-04,WH05,S3
2025-04-05,WH01,S1
2025-04-05,WH01,S2
2025-04-05,WH01,S3
2025-04-05,WH02,S1
2025-04-05,WH02,S2
2025-04-05,WH02,S3
2025-04-05,WH03,S1
2025-04-05,WH03,S2
2025-04-05,WH03,S3
2025-04-05,WH04,S1
2025-04-05,WH04,S2
2025-04-05,WH04,S3
2025-04-05,WH05,S1
2025-04-05,WH05,S2
2025-04-05,WH05,S3
2025-04-06,WH01,S1
2025-04-06,WH01,S2
2025-04-06,WH01,S3
2025-04-06,WH02,S1
2025-04-06,WH02,S2
2025-04-06,WH02,S3
2025-04-06,WH03,S1
2025-04-06,WH03,S2
2025-04-06,WH03,S3
2025-04-06,WH04,S1
2025-04-06,WH04,S2
2025-04-06,WH04,S3
2025-04-06,WH05,S1
2025-04-06,WH05,S2
2025-04-06,WH05,S3
2025-04-07,WH01,S1
2025-04-07,WH01,S2
2025-04-07,WH01,S3
2025-04-07,WH02,S1
2025-04-07,WH02,S2
2025-04-07,WH02,S3
2025-04-07,WH03,S1
2025-04-07,WH03,S2
2025-04-07,WH03,S3
2025-04-07,WH04,S1
2025-04-07,WH04,S2
2025-04-07,WH04,S3
2025-04-07,WH05,S1
2025-04-07,WH05,S2
2025-04-07,WH05,S3
2025-04-08,WH01,S1
2025-04-08,WH01,S2
2025-04-08,WH01,S3
2025-04-08,WH02,S1
2025-04-08,WH02,S2
2025-04-08,WH02,S3
2025-04-08,WH03,S1
2025-04-08,WH03,S2
2025-04-08,WH03,S3
2025-04-08,WH04,S1
2025-04-08,WH04,S2
2025-04-08,WH04,S3
2025-04-08,WH05,S1
2025-04-08,WH05,S2
2025-04-08,WH05,S3
2025-04-09,WH01,S1
2025-04-09,WH01,S2
2025-04-09,WH01,S3
2025-04-09,WH02,S1
2025-04-09,WH02,S2
2025-04-09,WH02,S3
2025-04-09,WH03,S1
2025-04-09,WH03,S2
2025-04-09,WH03,S3
2025-04-09,WH04,S1
2025-04-09,WH04,S2
2025-04-09,WH04,S3
2025-04-09,WH05,S1
2025-04-09,WH05,S2
2025-04-09,WH05,S3
2025-04-10,WH01,S1
2025-04-10,WH01,S2
2025-04-10,WH01,S3
2025-04-10,WH02,S1
2025-04-10,WH02,S2
2025-04-10,WH02,S3
2025-04-10,WH03,S1
2025-04-10,WH03,S2
2025-04-10,WH03,S3
2025-04-10,WH04,S1
2025-04-10,WH04,S2
2025-04-10,WH04,S3
2025-04-10,WH05,S1
2025-04-10,WH05,S2
2025-04-10,WH05,S3
2025-04-11,WH01,S1
2025-04-11,WH01,S2
2025-04-11,WH01,S3
2025-04-11,WH02,S1
2025-04-11,WH02,S2
2025-04-11,WH02,S3
2025-04-11,WH03,S1
2025-04-11,WH03,S2
2025-04-11,WH03,S3
2025-04-11,WH04,S1
2025-04-11,WH04,S2
2025-04-11,WH04,S3
2025-04-11,WH05,S1
2025-04-11,WH05,S2
2025-04-11,WH05,S3
2025-04-12,WH01,S1
2025-04-12,WH01,S2
2025-04-12,WH01,S3
2025-04-12,WH02,S1
2025-04-12,WH02,S2
2025-04-12,WH02,S3
2025-04-12,WH03,S1
2025-04-12,WH03,S2
2025-04-12,WH03,S3
2025-04-12,WH04,S1
2025-04-12,WH04,S2
2025-04-12,WH04,S3
2025-04-12,WH05,S1
2025-04-12,WH05,S2
2025-04-12,WH05,S3
2025-04-13,WH01,S1
2025-04-13,WH01,S2
2025-04-13,WH01,S3
2025-04-13,WH02,S1
2025-04-13,WH02,S2
2025-04-13,WH02,S3
2025-04-13,WH03,S1
2025-04-13,WH03,S2
2025-04-13,WH03,S3
2025-04-13,WH04,S1
2025-04-13,WH04,S2
2025-04-13,WH04,S3
2025-04-13,WH05,S1
2025-04-13,WH05,S2
2025-04-13,WH05,S3
2025-04-14,WH01,S1
2025-04-14,WH01,S2
2025-04-14,WH01,S3
2025-04-14,WH02,S1
2025-04-14,WH02,S2
2025-04-14,WH02,S3
2025-04-14,WH03,S1
2025-04-14,WH03,S2
2025-04-14,WH03,S3
2025-04-14,WH04,S1
2025-04-14,WH04,S2
2025-04-14,WH04,S3
2025-04-14,WH05,S1
2025-04-14,WH05,S2
2025-04-14,WH05,S3
2025-04-15,WH01,S1
2025-04-15,WH01,S2
2025-04-15,WH01,S3
2025-04-15,WH02,S1
2025-04-15,WH02,S2
2025-04-15,WH02,S3
2025-04-15,WH03,S1
2025-04-15,WH03,S2
2025-04-15,WH03,S3
2025-04-15,WH04,S1
2025-04-15,WH04,S2
2025-04-15,WH04,S3
2025-04-15,WH05,S1
2025-04-15,WH05,S2
2025-04-15,WH05,S3
2025-04-16,WH01,S1
2025-04-16,WH01,S2
2025-04-16,WH01,S3
2025-04-16,WH02,S1
2025-04-16,WH02,S2
2025-04-16,WH02,S3
2025-04-16,WH03,S1
2025-04-16,WH03,S2
2025-04-16,WH03,S3
2025-04-16,WH04,S1
2025-04-16,WH04,S2
2025-04-16,WH04,S3
2025-04-16,WH05,S1
2025-04-16,WH05,S2
2025-04-16,WH05,S3
2025-04-17,WH01,S1
2025-04-17,WH01,S2
2025-04-17,WH01,S3
2025-04-17,WH02,S1
2025-04-17,WH02,S2
2025-04-17,WH02,S3
2025-04-17,WH03,S1
2025-04-17,WH03,S2
2025-04-17,WH03,S3
2025-04-17,WH04,S1
2025-04-17,WH04,S2
2025-04-17,WH04,S3
2025-04-17,WH05,S1
2025-04-17,WH05,S2
2025-04-17,WH05,S3
2025-04-18,WH01,S1
2025-04-18,WH01,S2
2025-04-18,WH01,S3
2025-04-18,WH02,S1
2025-04-18,WH02,S2
2025-04-18,WH02,S3
2025-04-18,WH03,S1
2025-04-18,WH03,S2
2025-04-18,WH03,S3
2025-04-18,WH04,S1
2025-04-18,WH04,S2
2025-04-18,WH04,S3
2025-04-18,WH05,S1
2025-04-18,WH05,S2
2025-04-18,WH05,S3
2025-04-19,WH01,S1
2025-04-19,WH01,S2
2025-04-19,WH01,S3
2025-04-19,WH02,S1
2025-04-19,WH02,S2
2025-04-19,WH02,S3
2025-04-19,WH03,S1
2025-04-19,WH03,S2
2025-04-19,WH03,S3
2025-04-19,WH04,S1
2025-04-19,WH04,S2
2025-04-19,WH04,S3
2025-04-19,WH05,S1
2025-04-19,WH05,S2
2025-04-19,WH05,S3
2025-04-20,WH01,S1
2025-04-20,WH01,S2
2025-04-20,WH01,S3
2025-04-20,WH02,S1
2025-04-20,WH02,S2
2025-04-20,WH02,S3
2025-04-20,WH03,S1
2025-04-20,WH03,S2
2025-04-20,WH03,S3
2025-04-20,WH04,S1
2025-04-20,WH04,S2
2025-04-20,WH04,S3
2025-04-20,WH05,S1
2025-04-20,WH05,S2
2025-04-20,WH05,S3
2025-04-21,WH01,S1
2025-04-21,WH01,S2
2025-04-21,WH01,S3
2025-04-21,WH02,S1
2025-04-21,WH02,S2
2025-04-21,WH02,S3
2025-04-21,WH03,S1
2025-04-21,WH03,S2
2025-04-21,WH03,S3
2025-04-21,WH04,S1
2025-04-21,WH04,S2
2025-04-21,WH04,S3
2025-04-21,WH05,S1
2025-04-21,WH05,S2
2025-04-21,WH05,S3
2025-04-22,WH01,S1
2025-04-22,WH01,S2
2025-04-22,WH01,S3
2025-04-22,WH02,S1
2025-04-22,WH02,S2
2025-04-22,WH02,S3
2025-04-22,WH03,S1
2025-04-22,WH03,S2
2025-04-22,WH03,S3
2025-04-22,WH04,S1
2025-04-22,WH04,S2
2025-04-22,WH04,S3
2025-04-22,WH05,S1
2025-04-22,WH05,S2
2025-04-22,WH05,S3
2025-04-23,WH01,S1
2025-04-23,WH01,S2
2025-04-23,WH01,S3
2025-04-23,WH02,S1
2025-04-23,WH02,S2
2025-04-23,WH02,S3
2025-04-23,WH03,S1
2025-04-23,WH03,S2
2025-04-23,WH03,S3
2025-04-23,WH04,S1
2025-04-23,WH04,S2
2025-04-23,WH04,S3
2025-04-23,WH05,S1
2025-04-23,WH05,S2
2025-04-23,WH05,S3
2025-04-24,WH01,S1
2025-04-24,WH01,S2
2025-04-24,WH01,S3
2025-04-24,WH02,S1
2025-04-24,WH02,S2
2025-04-24,WH02,S3
2025-04-24,WH03,S1
2025-04-24,WH03,S2
2025-04-24,WH03,S3
2025-04-24,WH04,S1
2025-04-24,WH04,S2
2025-04-24,WH04,S3
2025-04-24,WH05,S1
2025-04-24,WH05,S2
2025-04-24,WH05,S3
2025-04-25,WH01,S1
2025-04-25,WH01,S2
2025-04-25,WH01,S3
2025-04-25,WH02,S1
2025-04-25,WH02,S2
2025-04-25,WH02,S3
2025-04-25,WH03,S1
2025-04-25,WH03,S2
2025-04-25,WH03,S3
2025-04-25,WH04,S1
2025-04-25,WH04,S2
2025-04-25,WH04,S3
2025-04-25,WH05,S1
2025-04-25,WH05,S2
2025-04-25,WH05,S3
2025-04-26,WH01,S1
2025-04-26,WH01,S2
2025-04-26,WH01,S3
2025-04-26,WH02,S1
2025-04-26,WH02,S2
2025-04-26,WH02,S3
2025-04-26,WH03,S1
2025-04-26,WH03,S2
2025-04-26,WH03,S3
2025-04-26,WH04,S1
2025-04-26,WH04,S2
2025-04-26,WH04,S3
2025-04-26,WH05,S1
2025-04-26,WH05,S2
2025-04-26,WH05,S3
2025-04-27,WH01,S1
2025-04-27,WH01,S2
2025-04-27,WH01,S3
2025-04-27,WH02,S1
2025-04-27,WH02,S2
2025-04-27,WH02,S3
2025-04-27,WH03,S1
2025-04-27,WH03,S2
2025-04-27,WH03,S3
2025-04-27,WH04,S1
2025-04-27,WH04,S2
2025-04-27,WH04,S3
2025-04-27,WH05,S1
2025-04-27,WH05,S2
2025-04-27,WH05,S3
2025-04-28,WH01,S1
2025-04-28,WH01,S2
2025-04-28,WH01,S3
2025-04-28,WH02,S1
2025-04-28,WH02,S2
2025-04-28,WH02,S3
2025-04-28,WH03,S1
2025-04-28,WH03,S2
2025-04-28,WH03,S3
2025-04-28,WH04,S1
2025-04-28,WH04,S2
2025-04-28,WH04,S3
2025-04-28,WH05,S1
2025-04-28,WH05,S2
2025-04-28,WH05,S3
2025-04-29,WH01,S1
2025-04-29,WH01,S2
2025-04-29,WH01,S3
2025-04-29,WH02,S1
2025-04-29,WH02,S2
2025-04-29,WH02,S3
2025-04-29,WH03,S1
2025-04-29,WH03,S2
2025-04-29,WH03,S3
2025-04-29,WH04,S1
2025-04-29,WH04,S2
2025-04-29,WH04,S3
2025-04-29,WH05,S1
2025-04-29,WH05,S2
2025-04-29,WH05,S3
2025-04-30,WH01,S1
2025-04-30,WH01,S2
2025-04-30,WH01,S3
2025-04-30,WH02,S1
2025-04-30,WH02,S2
2025-04-30,WH02,S3
2025-04-30,WH03,S1
2025-04-30,WH03,S2
2025-04-30,WH03,S3
2025-04-30,WH04,S1
2025-04-30,WH04,S2
2025-04-30,WH04,S3
2025-04-30,WH05,S1
2025-04-30,WH05,S2
2025-04-30,WH05,S3
2025-05-01,WH01,S1
2025-05-01,WH01,S2
2025-05-01,WH01,S3
2025-05-01,WH02,S1
2025-05-01,WH02,S2
2025-05-01,WH02,S3
2025-05-01,WH03,S1
2025-05-01,WH03,S2
2025-05-01,WH03,S3
2025-05-01,WH04,S1
2025-05-01,WH04,S2
2025-05-01,WH04,S3
2025-05-01,WH05,S1
2025-05-01,WH05,S2
2025-05-01,WH05,S3
2025-05-02,WH01,S1
2025-05-02,WH01,S2
2025-05-02,WH01,S3
2025-05-02,WH02,S1
2025-05-02,WH02,S2
2025-05-02,WH02,S3
2025-05-02,WH03,S1
2025-05-02,WH03,S2
2025-05-02,WH03,S3
2025-05-02,WH04,S1
2025-05-02,WH04,S2
2025-05-02,WH04,S3
2025-05-02,WH05,S1
2025-05-02,WH05,S2
2025-05-02,WH05,S3
2025-05-03,WH01,S1
2025-05-03,WH01,S2
2025-05-03,WH01,S3
2025-05-03,WH02,S1
2025-05-03,WH02,S2
2025-05-03,WH02,S3
2025-05-03,WH03,S1
2025-05-03,WH03,S2
2025-05-03,WH03,S3
2025-05-03,WH04,S1
2025-05-03,WH04,S2
2025-05-03,WH04,S3
2025-05-03,WH05,S1
2025-05-03,WH05,S2
2025-05-03,WH05,S3
2025-05-04,WH01,S1
2025-05-04,WH01,S2
2025-05-04,WH01,S3
2025-05-04,WH02,S1
2025-05-04,WH02,S2
2025-05-04,WH02,S3
2025-05-04,WH03,S1
2025-05-04,WH03,S2
2025-05-04,WH03,S3
2025-05-04,WH04,S1
2025-05-04,WH04,S2
2025-05-04,WH04,S3
2025-05-04,WH05,S1
2025-05-04,WH05,S2
2025-05-04,WH05,S3
2025-05-05,WH01,S1
2025-05-05,WH01,S2
2025-05-05,WH01,S3
2025-05-05,WH02,S1
2025-05-05,WH02,S2
2025-05-05,WH02,S3
2025-05-05,WH03,S1
2025-05-05,WH03,S2
2025-05-05,WH03,S3
2025-05-05,WH04,S1
2025-05-05,WH04,S2
2025-05-05,WH04,S3
2025-05-05,WH05,S1
2025-05-05,WH05,S2
2025-05-05,WH05,S3
2025-05-06,WH01,S1
2025-05-06,WH01,S2
2025-05-06,WH01,S3
2025-05-06,WH02,S1
2025-05-06,WH02,S2
2025-05-06,WH02,S3
2025-05-06,WH03,S1
2025-05-06,WH03,S2
2025-05-06,WH03,S3
2025-05-06,WH04,S1
2025-05-06,WH04,S2
2025-05-06,WH04,S3
2025-05-06,WH05,S1
2025-05-06,WH05,S2
2025-05-06,WH05,S3
2025-05-07,WH01,S1
2025-05-07,WH01,S2
2025-05-07,WH01,S3
2025-05-07,WH02,S1
2025-05-07,WH02,S2
2025-05-07,WH02,S3
2025-05-07,WH03,S1
2025-05-07,WH03,S2
2025-05-07,WH03,S3
2025-05-07,WH04,S1
2025-05-07,WH04,S2
2025-05-07,WH04,S3
2025-05-07,WH05,S1
2025-05-07,WH05,S2
2025-05-07,WH05,S3
2025-05-08,WH01,S1
2025-05-08,WH01,S2
2025-05-08,WH01,S3
2025-05-08,WH02,S1
2025-05-08,WH02,S2
2025-05-08,WH02,S3
2025-05-08,WH03,S1
2025-05-08,WH03,S2
2025-05-08,WH03,S3
2025-05-08,WH04,S1
2025-05-08,WH04,S2
2025-05-08,WH04,S3
2025-05-08,WH05,S1
2025-05-08,WH05,S2
2025-05-08,WH05,S3
2025-05-09,WH01,S1
2025-05-09,WH01,S2
2025-05-09,WH01,S3
2025-05-09,WH02,S1
2025-05-09,WH02,S2
2025-05-09,WH02,S3
2025-05-09,WH03,S1
2025-05-09,WH03,S2
2025-05-09,WH03,S3
2025-05-09,WH04,S1
2025-05-09,WH04,S2
2025-05-09,WH04,S3
2025-05-09,WH05,S1
2025-05-09,WH05,S2
2025-05-09,WH05,S3
2025-05-10,WH01,S1
2025-05-10,WH01,S2
2025-05-10,WH01,S3
2025-05-10,WH02,S1
2025-05-10,WH02,S2
2025-05-10,WH02,S3
2025-05-10,WH03,S1
2025-05-10,WH03,S2
2025-05-10,WH03,S3
2025-05-10,WH04,S1
2025-05-10,WH04,S2
2025-05-10,WH04,S3
2025-05-10,WH05,S1
2025-05-10,WH05,S2
2025-05-10,WH05,S3
2025-05-11,WH01,S1
2025-05-11,WH01,S2
2025-05-11,WH01,S3
2025-05-11,WH02,S1
2025-05-11,WH02,S2
2025-05-11,WH02,S3
2025-05-11,WH03,S1
2025-05-11,WH03,S2
2025-05-11,WH03,S3
2025-05-11,WH04,S1
2025-05-11,WH04,S2
2025-05-11,WH04,S3
2025-05-11,WH05,S1
2025-05-11,WH05,S2
2025-05-11,WH05,S3
2025-05-12,WH01,S1
2025-05-12,WH01,S2
2025-05-12,WH01,S3
2025-05-12,WH02,S1
2025-05-12,WH02,S2
2025-05-12,WH02,S3
2025-05-12,WH03,S1
2025-05-12,WH03,S2
2025-05-12,WH03,S3
2025-05-12,WH04,S1
2025-05-12,WH04,S2
2025-05-12,WH04,S3
2025-05-12,WH05,S1
2025-05-12,WH05,S2
2025-05-12,WH05,S3
2025-05-13,WH01,S1
2025-05-13,WH01,S2
2025-05-13,WH01,S3
2025-05-13,WH02,S1
2025-05-13,WH02,S2
2025-05-13,WH02,S3
2025-05-13,WH03,S1
2025-05-13,WH03,S2
2025-05-13,WH03,S3
2025-05-13,WH04,S1
2025-05-13,WH04,S2
2025-05-13,WH04,S3
2025-05-13,WH05,S1
2025-05-13,WH05,S2
2025-05-13,WH05,S3
2025-05-14,WH01,S1
2025-05-14,WH01,S2
2025-05-14,WH01,S3
2025-05-14,WH02,S1
2025-05-14,WH02,S2
2025-05-14,WH02,S3
2025-05-14,WH03,S1
2025-05-14,WH03,S2
2025-05-14,WH03,S3
2025-05-14,WH04,S1
2025-05-14,WH04,S2
2025-05-14,WH04,S3
2025-05-14,WH05,S1
2025-05-14,WH05,S2
2025-05-14,WH05,S3
2025-05-15,WH01,S1
2025-05-15,WH01,S2
2025-05-15,WH01,S3
2025-05-15,WH02,S1
2025-05-15,WH02,S2
2025-05-15,WH02,S3
2025-05-15,WH03,S1
2025-05-15,WH03,S2
2025-05-15,WH03,S3
2025-05-15,WH04,S1
2025-05-15,WH04,S2
2025-05-15,WH04,S3
2025-05-15,WH05,S1
2025-05-15,WH05,S2
2025-05-15,WH05,S3
2025-05-16,WH01,S1
2025-05-16,WH01,S2
2025-05-16,WH01,S3
2025-05-16,WH02,S1
2025-05-16,WH02,S2
2025-05-16,WH02,S3
2025-05-16,WH03,S1
2025-05-16,WH03,S2
2025-05-16,WH03,S3
2025-05-16,WH04,S1
2025-05-16,WH04,S2
2025-05-16,WH04,S3
2025-05-16,WH05,S1
2025-05-16,WH05,S2
2025-05-16,WH05,S3
2025-05-17,WH01,S1
2025-05-17,WH01,S2
2025-05-17,WH01,S3
2025-05-17,WH02,S1
2025-05-17,WH02,S2
2025-05-17,WH02,S3
2025-05-17,WH03,S1
2025-05-17,WH03,S2
2025-05-17,WH03,S3
2025-05-17,WH04,S1
2025-05-17,WH04,S2
2025-05-17,WH04,S3
2025-05-17,WH05,S1
2025-05-17,WH05,S2
2025-05-17,WH05,S3
2025-05-18,WH01,S1
2025-05-18,WH01,S2
2025-05-18,WH01,S3
2025-05-18,WH02,S1
2025-05-18,WH02,S2
2025-05-18,WH02,S3
2025-05-18,WH03,S1
2025-05-18,WH03,S2
2025-05-18,WH03,S3
2025-05-18,WH04,S1
2025-05-18,WH04,S2
2025-05-18,WH04,S3
2025-05-18,WH05,S1
2025-05-18,WH05,S2
2025-05-18,WH05,S3
2025-05-19,WH01,S1
2025-05-19,WH01,S2
2025-05-19,WH01,S3
2025-05-19,WH02,S1
2025-05-19,WH02,S2
2025-05-19,WH02,S3
2025-05-19,WH03,S1
2025-05-19,WH03,S2
2025-05-19,WH03,S3
2025-05-19,WH04,S1
2025-05-19,WH04,S2
2025-05-19,WH04,S3
2025-05-19,WH05,S1
2025-05-19,WH05,S2
2025-05-19,WH05,S3
2025-05-20,WH01,S1
2025-05-20,WH01,S2
2025-05-20,WH01,S3
2025-05-20,WH02,S1
2025-05-20,WH02,S2
2025-05-20,WH02,S3
2025-05-20,WH03,S1
2025-05-20,WH03,S2
2025-05-20,WH03,S3
2025-05-20,WH04,S1
2025-05-20,WH04,S2
2025-05-20,WH04,S3
2025-05-20,WH05,S1
2025-05-20,WH05,S2
2025-05-20,WH05,S3
2025-05-21,WH01,S1
2025-05-21,WH01,S2
2025-05-21,WH01,S3
2025-05-21,WH02,S1
2025-05-21,WH02,S2
2025-05-21,WH02,S3
2025-05-21,WH03,S1
2025-05-21,WH03,S2
2025-05-21,WH03,S3
2025-05-21,WH04,S1
2025-05-21,WH04,S2
2025-05-21,WH04,S3
2025-05-21,WH05,S1
2025-05-21,WH05,S2
2025-05-21,WH05,S3
2025-05-22,WH01,S1
2025-05-22,WH01,S2
2025-05-22,WH01,S3
2025-05-22,WH02,S1
2025-05-22,WH02,S2
2025-05-22,WH02,S3
2025-05-22,WH03,S1
2025-05-22,WH03,S2
2025-05-22,WH03,S3
2025-05-22,WH04,S1
2025-05-22,WH04,S2
2025-05-22,WH04,S3
2025-05-22,WH05,S1
2025-05-22,WH05,S2
2025-05-22,WH05,S3
2025-05-23,WH01,S1
2025-05-23,WH01,S2
2025-05-23,WH01,S3
2025-05-23,WH02,S1
2025-05-23,WH02,S2
2025-05-23,WH02,S3
2025-05-23,WH03,S1
2025-05-23,WH03,S2
2025-05-23,WH03,S3
2025-05-23,WH04,S1
2025-05-23,WH04,S2
2025-05-23,WH04,S3
2025-05-23,WH05,S1
2025-05-23,WH05,S2
2025-05-23,WH05,S3
2025-05-24,WH01,S1
2025-05-24,WH01,S2
2025-05-24,WH01,S3
2025-05-24,WH02,S1
2025-05-24,WH02,S2
2025-05-24,WH02,S3
2025-05-24,WH03,S1
2025-05-24,WH03,S2
2025-05-24,WH03,S3
2025-05-24,WH04,S1
2025-05-24,WH04,S2
2025-05-24,WH04,S3
2025-05-24,WH05,S1
2025-05-24,WH05,S2
2025-05-24,WH05,S3
2025-05-25,WH01,S1
2025-05-25,WH01,S2
2025-05-25,WH01,S3
2025-05-25,WH02,S1
2025-05-25,WH02,S2
2025-05-25,WH02,S3
2025-05-25,WH03,S1
2025-05-25,WH03,S2
2025-05-25,WH03,S3
2025-05-25,WH04,S1
2025-05-25,WH04,S2
2025-05-25,WH04,S3
2025-05-25,WH05,S1
2025-05-25,WH05,S2
2025-05-25,WH05,S3
2025-05-26,WH01,S1
2025-05-26,WH01,S2
2025-05-26,WH01,S3
2025-05-26,WH02,S1
2025-05-26,WH02,S2
2025-05-26,WH02,S3
2025-05-26,WH03,S1
2025-05-26,WH03,S2
2025-05-26,WH03,S3
2025-05-26,WH04,S1
2025-05-26,WH04,S2
2025-05-26,WH04,S3
2025-05-26,WH05,S1
2025-05-26,WH05,S2
2025-05-26,WH05,S3
2025-05-27,WH01,S1
2025-05-27,WH01,S2
2025-05-27,WH01,S3
2025-05-27,WH02,S1
2025-05-27,WH02,S2
2025-05-27,WH02,S3
2025-05-27,WH03,S1
2025-05-27,WH03,S2
2025-05-27,WH03,S3
2025-05-27,WH04,S1
2025-05-27,WH04,S2
2025-05-27,WH04,S3
2025-05-27,WH05,S1
2025-05-27,WH05,S2
2025-05-27,WH05,S3
2025-05-28,WH01,S1
2025-05-28,WH01,S2
2025-05-28,WH01,S3
2025-05-28,WH02,S1
2025-05-28,WH02,S2
2025-05-28,WH02,S3
2025-05-28,WH03,S1
2025-05-28,WH03,S2
2025-05-28,WH03,S3
2025-05-28,WH04,S1
2025-05-28,WH04,S2
2025-05-28,WH04,S3
2025-05-28,WH05,S1
2025-05-28,WH05,S2
2025-05-28,WH05,S3
2025-05-29,WH01,S1
2025-05-29,WH01,S2
2025-05-29,WH01,S3
2025-05-29,WH02,S1
2025-05-29,WH02,S2
2025-05-29,WH02,S3
2025-05-29,WH03,S1
2025-05-29,WH03,S2
2025-05-29,WH03,S3
2025-05-29,WH04,S1
2025-05-29,WH04,S2
2025-05-29,WH04,S3
2025-05-29,WH05,S1
2025-05-29,WH05,S2
2025-05-29,WH05,S3
2025-05-30,WH01,S1
2025-05-30,WH01,S2
2025-05-30,WH01,S3
2025-05-30,WH02,S1
2025-05-30,WH02,S2
2025-05-30,WH02,S3
2025-05-30,WH03,S1
2025-05-30,WH03,S2
2025-05-30,WH03,S3
2025-05-30,WH04,S1
2025-05-30,WH04,S2
2025-05-30,WH04,S3
2025-05-30,WH05,S1
2025-05-30,WH05,S2
2025-05-30,WH05,S3
2025-05-31,WH01,S1
2025-05-31,WH01,S2
2025-05-31,WH01,S3
2025-05-31,WH02,S1
2025-05-31,WH02,S2
2025-05-31,WH02,S3
2025-05-31,WH03,S1
2025-05-31,WH03,S2
2025-05-31,WH03,S3
2025-05-31,WH04,S1
2025-05-31,WH04,S2
2025-05-31,WH04,S3
2025-05-31,WH05,S1
2025-05-31,WH05,S2
2025-05-31,WH05,S3
2025-06-01,WH01,S1
2025-06-01,WH01,S2
2025-06-01,WH01,S3
2025-06-01,WH02,S1
2025-06-01,WH02,S2
2025-06-01,WH02,S3
2025-06-01,WH03,S1
2025-06-01,WH03,S2
2025-06-01,WH03,S3
2025-06-01,WH04,S1
2025-06-01,WH04,S2
2025-06-01,WH04,S3
2025-06-01,WH05,S1
2025-06-01,WH05,S2
2025-06-01,WH05,S3
2025-06-02,WH01,S1
2025-06-02,WH01,S2
2025-06-02,WH01,S3
2025-06-02,WH02,S1
2025-06-02,WH02,S2
2025-06-02,WH02,S3
2025-06-02,WH03,S1
2025-06-02,WH03,S2
2025-06-02,WH03,S3
2025-06-02,WH04,S1
2025-06-02,WH04,S2
2025-06-02,WH04,S3
2025-06-02,WH05,S1
2025-06-02,WH05,S2
2025-06-02,WH05,S3
2025-06-03,WH01,S1
2025-06-03,WH01,S2
2025-06-03,WH01,S3
2025-06-03,WH02,S1
2025-06-03,WH02,S2
2025-06-03,WH02,S3
2025-06-03,WH03,S1
2025-06-03,WH03,S2
2025-06-03,WH03,S3
2025-06-03,WH04,S1
2025-06-03,WH04,S2
2025-06-03,WH04,S3
2025-06-03,WH05,S1
2025-06-03,WH05,S2
2025-06-03,WH05,S3
2025-06-04,WH01,S1
2025-06-04,WH01,S2
2025-06-04,WH01,S3
2025-06-04,WH02,S1
2025-06-04,WH02,S2
2025-06-04,WH02,S3
2025-06-04,WH03,S1
2025-06-04,WH03,S2
2025-06-04,WH03,S3
2025-06-04,WH04,S1
2025-06-04,WH04,S2
2025-06-04,WH04,S3
2025-06-04,WH05,S1
2025-06-04,WH05,S2
2025-06-04,WH05,S3
2025-06-05,WH01,S1
2025-06-05,WH01,S2
2025-06-05,WH01,S3
2025-06-05,WH02,S1
2025-06-05,WH02,S2
2025-06-05,WH02,S3
2025-06-05,WH03,S1
2025-06-05,WH03,S2
2025-06-05,WH03,S3
2025-06-05,WH04,S1
2025-06-05,WH04,S2
2025-06-05,WH04,S3
2025-06-05,WH05,S1
2025-06-05,WH05,S2
2025-06-05,WH05,S3
2025-06-06,WH01,S1
2025-06-06,WH01,S2
2025-06-06,WH01,S3
2025-06-06,WH02,S1
2025-06-06,WH02,S2
2025-06-06,WH02,S3
2025-06-06,WH03,S1
2025-06-06,WH03,S2
2025-06-06,WH03,S3
2025-06-06,WH04,S1
2025-06-06,WH04,S2
2025-06-06,WH04,S3
2025-06-06,WH05,S1
2025-06-06,WH05,S2
2025-06-06,WH05,S3
2025-06-07,WH01,S1
2025-06-07,WH01,S2
2025-06-07,WH01,S3
2025-06-07,WH02,S1
2025-06-07,WH02,S2
2025-06-07,WH02,S3
2025-06-07,WH03,S1
2025-06-07,WH03,S2
2025-06-07,WH03,S3
2025-06-07,WH04,S1
2025-06-07,WH04,S2
2025-06-07,WH04,S3
2025-06-07,WH05,S1
2025-06-07,WH05,S2
2025-06-07,WH05,S3
2025-06-08,WH01,S1
2025-06-08,WH01,S2
2025-06-08,WH01,S3
2025-06-08,WH02,S1
2025-06-08,WH02,S2
2025-06-08,WH02,S3
2025-06-08,WH03,S1
2025-06-08,WH03,S2
2025-06-08,WH03,S3
2025-06-08,WH04,S1
2025-06-08,WH04,S2
2025-06-08,WH04,S3
2025-06-08,WH05,S1
2025-06-08,WH05,S2
2025-06-08,WH05,S3
2025-06-09,WH01,S1
2025-06-09,WH01,S2
2025-06-09,WH01,S3
2025-06-09,WH02,S1
2025-06-09,WH02,S2
2025-06-09,WH02,S3
2025-06-09,WH03,S1
2025-06-09,WH03,S2
2025-06-09,WH03,S3
2025-06-09,WH04,S1
2025-06-09,WH04,S2
2025-06-09,WH04,S3
2025-06-09,WH05,S1
2025-06-09,WH05,S2
2025-06-09,WH05,S3
2025-06-10,WH01,S1
2025-06-10,WH01,S2
2025-06-10,WH01,S3
2025-06-10,WH02,S1
2025-06-10,WH02,S2
2025-06-10,WH02,S3
2025-06-10,WH03,S1
2025-06-10,WH03,S2
2025-06-10,WH03,S3
2025-06-10,WH04,S1
2025-06-10,WH04,S2
2025-06-10,WH04,S3
2025-06-10,WH05,S1
2025-06-10,WH05,S2
2025-06-10,WH05,S3
2025-06-11,WH01,S1
2025-06-11,WH01,S2
2025-06-11,WH01,S3
2025-06-11,WH02,S1
2025-06-11,WH02,S2
2025-06-11,WH02,S3
2025-06-11,WH03,S1
2025-06-11,WH03,S2
2025-06-11,WH03,S3
2025-06-11,WH04,S1
2025-06-11,WH04,S2
2025-06-11,WH04,S3
2025-06-11,WH05,S1
2025-06-11,WH05,S2
2025-06-11,WH05,S3
2025-06-12,WH01,S1
2025-06-12,WH01,S2
2025-06-12,WH01,S3
2025-06-12,WH02,S1
2025-06-12,WH02,S2
2025-06-12,WH02,S3
2025-06-12,WH03,S1
2025-06-12,WH03,S2
2025-06-12,WH03,S3
2025-06-12,WH04,S1
2025-06-12,WH04,S2
2025-06-12,WH04,S3
2025-06-12,WH05,S1
2025-06-12,WH05,S2
2025-06-12,WH05,S3
2025-06-13,WH01,S1
2025-06-13,WH01,S2
2025-06-13,WH01,S3
2025-06-13,WH02,S1
2025-06-13,WH02,S2
2025-06-13,WH02,S3
2025-06-13,WH03,S1
2025-06-13,WH03,S2
2025-06-13,WH03,S3
2025-06-13,WH04,S1
2025-06-13,WH04,S2
2025-06-13,WH04,S3
2025-06-13,WH05,S1
2025-06-13,WH05,S2
2025-06-13,WH05,S3
2025-06-14,WH01,S1
2025-06-14,WH01,S2
2025-06-14,WH01,S3
2025-06-14,WH02,S1
2025-06-14,WH02,S2
2025-06-14,WH02,S3
2025-06-14,WH03,S1
2025-06-14,WH03,S2
2025-06-14,WH03,S3
2025-06-14,WH04,S1
2025-06-14,WH04,S2
2025-06-14,WH04,S3
2025-06-14,WH05,S1
2025-06-14,WH05,S2
2025-06-14,WH05,S3
2025-06-15,WH01,S1
2025-06-15,WH01,S2
2025-06-15,WH01,S3
2025-06-15,WH02,S1
2025-06-15,WH02,S2
2025-06-15,WH02,S3
2025-06-15,WH03,S1
2025-06-15,WH03,S2
2025-06-15,WH03,S3
2025-06-15,WH04,S1
2025-06-15,WH04,S2
2025-06-15,WH04,S3
2025-06-15,WH05,S1
2025-06-15,WH05,S2
2025-06-15,WH05,S3
2025-06-16,WH01,S1
2025-06-16,WH01,S2
2025-06-16,WH01,S3
2025-06-16,WH02,S1
2025-06-16,WH02,S2
2025-06-16,WH02,S3
2025-06-16,WH03,S1
2025-06-16,WH03,S2
2025-06-16,WH03,S3
2025-06-16,WH04,S1
2025-06-16,WH04,S2
2025-06-16,WH04,S3
2025-06-16,WH05,S1
2025-06-16,WH05,S2
2025-06-16,WH05,S3
2025-06-17,WH01,S1
2025-06-17,WH01,S2
2025-06-17,WH01,S3
2025-06-17,WH02,S1
2025-06-17,WH02,S2
2025-06-17,WH02,S3
2025-06-17,WH03,S1
2025-06-17,WH03,S2
2025-06-17,WH03,S3
2025-06-17,WH04,S1
2025-06-17,WH04,S2
2025-06-17,WH04,S3
2025-06-17,WH05,S1
2025-06-17,WH05,S2
2025-06-17,WH05,S3
2025-06-18,WH01,S1
2025-06-18,WH01,S2
2025-06-18,WH01,S3
2025-06-18,WH02,S1
2025-06-18,WH02,S2
2025-06-18,WH02,S3
2025-06-18,WH03,S1
2025-06-18,WH03,S2
2025-06-18,WH03,S3
2025-06-18,WH04,S1
2025-06-18,WH04,S2
2025-06-18,WH04,S3
2025-06-18,WH05,S1
2025-06-18,WH05,S2
2025-06-18,WH05,S3
2025-06-19,WH01,S1
2025-06-19,WH01,S2
2025-06-19,WH01,S3
2025-06-19,WH02,S1
2025-06-19,WH02,S2
2025-06-19,WH02,S3
2025-06-19,WH03,S1
2025-06-19,WH03,S2
2025-06-19,WH03,S3
2025-06-19,WH04,S1
2025-06-19,WH04,S2
2025-06-19,WH04,S3
2025-06-19,WH05,S1
2025-06-19,WH05,S2
2025-06-19,WH05,S3
2025-06-20,WH01,S1
2025-06-20,WH01,S2
2025-06-20,WH01,S3
2025-06-20,WH02,S1
2025-06-20,WH02,S2
2025-06-20,WH02,S3
2025-06-20,WH03,S1
2025-06-20,WH03,S2
2025-06-20,WH03,S3
2025-06-20,WH04,S1
2025-06-20,WH04,S2
2025-06-20,WH04,S3
2025-06-20,WH05,S1
2025-06-20,WH05,S2
2025-06-20,WH05,S3
2025-06-21,WH01,S1
2025-06-21,WH01,S2
2025-06-21,WH01,S3
2025-06-21,WH02,S1
2025-06-21,WH02,S2
2025-06-21,WH02,S3
2025-06-21,WH03,S1
2025-06-21,WH03,S2
2025-06-21,WH03,S3
2025-06-21,WH04,S1
2025-06-21,WH04,S2
2025-06-21,WH04,S3
2025-06-21,WH05,S1
2025-06-21,WH05,S2
2025-06-21,WH05,S3
2025-06-22,WH01,S1
2025-06-22,WH01,S2
2025-06-22,WH01,S3
2025-06-22,WH02,S1
2025-06-22,WH02,S2
2025-06-22,WH02,S3
2025-06-22,WH03,S1
2025-06-22,WH03,S2
2025-06-22,WH03,S3
2025-06-22,WH04,S1
2025-06-22,WH04,S2
2025-06-22,WH04,S3
2025-06-22,WH05,S1
2025-06-22,WH05,S2
2025-06-22,WH05,S3
2025-06-23,WH01,S1
2025-06-23,WH01,S2
2025-06-23,WH01,S3
2025-06-23,WH02,S1
2025-06-23,WH02,S2
2025-06-23,WH02,S3
2025-06-23,WH03,S1
2025-06-23,WH03,S2
2025-06-23,WH03,S3
2025-06-23,WH04,S1
2025-06-23,WH04,S2
2025-06-23,WH04,S3
2025-06-23,WH05,S1
2025-06-23,WH05,S2
2025-06-23,WH05,S3
2025-06-24,WH01,S1
2025-06-24,WH01,S2
2025-06-24,WH01,S3
2025-06-24,WH02,S1
2025-06-24,WH02,S2
2025-06-24,WH02,S3
2025-06-24,WH03,S1
2025-06-24,WH03,S2
2025-06-24,WH03,S3
2025-06-24,WH04,S1
2025-06-24,WH04,S2
2025-06-24,WH04,S3
2025-06-24,WH05,S1
2025-06-24,WH05,S2
2025-06-24,WH05,S3
2025-06-25,WH01,S1
2025-06-25,WH01,S2
2025-06-25,WH01,S3
2025-06-25,WH02,S1
2025-06-25,WH02,S2
2025-06-25,WH02,S3
2025-06-25,WH03,S1
2025-06-25,WH03,S2
2025-06-25,WH03,S3
2025-06-25,WH04,S1
2025-06-25,WH04,S2
2025-06-25,WH04,S3
2025-06-25,WH05,S1
2025-06-25,WH05,S2
2025-06-25,WH05,S3
2025-06-26,WH01,S1
2025-06-26,WH01,S2
2025-06-26,WH01,S3
2025-06-26,WH02,S1
2025-06-26,WH02,S2
2025-06-26,WH02,S3
2025-06-26,WH03,S1
2025-06-26,WH03,S2
2025-06-26,WH03,S3
2025-06-26,WH04,S1
2025-06-26,WH04,S2
2025-06-26,WH04,S3
2025-06-26,WH05,S1
2025-06-26,WH05,S2
2025-06-26,WH05,S3
2025-06-27,WH01,S1
2025-06-27,WH01,S2
2025-06-27,WH01,S3
2025-06-27,WH02,S1
2025-06-27,WH02,S2
2025-06-27,WH02,S3
2025-06-27,WH03,S1
2025-06-27,WH03,S2
2025-06-27,WH03,S3
2025-06-27,WH04,S1
2025-06-27,WH04,S2
2025-06-27,WH04,S3
2025-06-27,WH05,S1
2025-06-27,WH05,S2
2025-06-27,WH05,S3
2025-06-28,WH01,S1
2025-06-28,WH01,S2
2025-06-28,WH01,S3
2025-06-28,WH02,S1
2025-06-28,WH02,S2
2025-06-28,WH02,S3
2025-06-28,WH03,S1
2025-06-28,WH03,S2
2025-06-28,WH03,S3
2025-06-28,WH04,S1
2025-06-28,WH04,S2
2025-06-28,WH04,S3
2025-06-28,WH05,S1
2025-06-28,WH05,S2
2025-06-28,WH05,S3
2025-06-29,WH01,S1
2025-06-29,WH01,S2
2025-06-29,WH01,S3
2025-06-29,WH02,S1
2025-06-29,WH02,S2
2025-06-29,WH02,S3
2025-06-29,WH03,S1
2025-06-29,WH03,S2
2025-06-29,WH03,S3
2025-06-29,WH04,S1
2025-06-29,WH04,S2
2025-06-29,WH04,S3
2025-06-29,WH05,S1
2025-06-29,WH05,S2
2025-06-29,WH05,S3
2025-06-30,WH01,S1
2025-06-30,WH01,S2
2025-06-30,WH01,S3
2025-06-30,WH02,S1
2025-06-30,WH02,S2
2025-06-30,WH02,S3
2025-06-30,WH03,S1
2025-06-30,WH03,S2
2025-06-30,WH03,S3
2025-06-30,WH04,S1
2025-06-30,WH04,S2
2025-06-30,WH04,S3
2025-06-30,WH05,S1
2025-06-30,WH05,S2
2025-06-30,WH05,S3
2025-07-01,WH01,S1
2025-07-01,WH01,S2
2025-07-01,WH01,S3
2025-07-01,WH02,S1
2025-07-01,WH02,S2
2025-07-01,WH02,S3
2025-07-01,WH03,S1
2025-07-01,WH03,S2
2025-07-01,WH03,S3
2025-07-01,WH04,S1
2025-07-01,WH04,S2
2025-07-01,WH04,S3
2025-07-01,WH05,S1
2025-07-01,WH05,S2
2025-07-01,WH05,S3
2025-07-02,WH01,S1
2025-07-02,WH01,S2
2025-07-02,WH01,S3
2025-07-02,WH02,S1
2025-07-02,WH02,S2
2025-07-02,WH02,S3
2025-07-02,WH03,S1
2025-07-02,WH03,S2
2025-07-02,WH03,S3
2025-07-02,WH04,S1
2025-07-02,WH04,S2
2025-07-02,WH04,S3
2025-07-02,WH05,S1
2025-07-02,WH05,S2
2025-07-02,WH05,S3
2025-07-03,WH01,S1
2025-07-03,WH01,S2
2025-07-03,WH01,S3
2025-07-03,WH02,S1
2025-07-03,WH02,S2
2025-07-03,WH02,S3
2025-07-03,WH03,S1
2025-07-03,WH03,S2
2025-07-03,WH03,S3
2025-07-03,WH04,S1
2025-07-03,WH04,S2
2025-07-03,WH04,S3
2025-07-03,WH05,S1
2025-07-03,WH05,S2
2025-07-03,WH05,S3
2025-07-04,WH01,S1
2025-07-04,WH01,S2
2025-07-04,WH01,S3
2025-07-04,WH02,S1
2025-07-04,WH02,S2
2025-07-04,WH02,S3
2025-07-04,WH03,S1
2025-07-04,WH03,S2
2025-07-04,WH03,S3
2025-07-04,WH04,S1
2025-07-04,WH04,S2
2025-07-04,WH04,S3
2025-07-04,WH05,S1
2025-07-04,WH05,S2
2025-07-04,WH05,S3
2025-07-05,WH01,S1
2025-07-05,WH01,S2
2025-07-05,WH01,S3
2025-07-05,WH02,S1
2025-07-05,WH02,S2
2025-07-05,WH02,S3
2025-07-05,WH03,S1
2025-07-05,WH03,S2
2025-07-05,WH03,S3
2025-07-05,WH04,S1
2025-07-05,WH04,S2
2025-07-05,WH04,S3
2025-07-05,WH05,S1
2025-07-05,WH05,S2
2025-07-05,WH05,S3
2025-07-06,WH01,S1
2025-07-06,WH01,S2
2025-07-06,WH01,S3
2025-07-06,WH02,S1
2025-07-06,WH02,S2
2025-07-06,WH02,S3
2025-07-06,WH03,S1
2025-07-06,WH03,S2
2025-07-06,WH03,S3
2025-07-06,WH04,S1
2025-07-06,WH04,S2
2025-07-06,WH04,S3
2025-07-06,WH05,S1
2025-07-06,WH05,S2
2025-07-06,WH05,S3
2025-07-07,WH01,S1
2025-07-07,WH01,S2
2025-07-07,WH01,S3
2025-07-07,WH02,S1
2025-07-07,WH02,S2
2025-07-07,WH02,S3
2025-07-07,WH03,S1
2025-07-07,WH03,S2
2025-07-07,WH03,S3
2025-07-07,WH04,S1
2025-07-07,WH04,S2
2025-07-07,WH04,S3
2025-07-07,WH05,S1
2025-07-07,WH05,S2
2025-07-07,WH05,S3
2025-07-08,WH01,S1
2025-07-08,WH01,S2
2025-07-08,WH01,S3
2025-07-08,WH02,S1
2025-07-08,WH02,S2
2025-07-08,WH02,S3
2025-07-08,WH03,S1
2025-07-08,WH03,S2
2025-07-08,WH03,S3
2025-07-08,WH04,S1
2025-07-08,WH04,S2
2025-07-08,WH04,S3
2025-07-08,WH05,S1
2025-07-08,WH05,S2
2025-07-08,WH05,S3
2025-07-09,WH01,S1
2025-07-09,WH01,S2
2025-07-09,WH01,S3
2025-07-09,WH02,S1
2025-07-09,WH02,S2
2025-07-09,WH02,S3
2025-07-09,WH03,S1
2025-07-09,WH03,S2
2025-07-09,WH03,S3
2025-07-09,WH04,S1
2025-07-09,WH04,S2
2025-07-09,WH04,S3
2025-07-09,WH05,S1
2025-07-09,WH05,S2
2025-07-09,WH05,S3
2025-07-10,WH01,S1
2025-07-10,WH01,S2
2025-07-10,WH01,S3
2025-07-10,WH02,S1
2025-07-10,WH02,S2
2025-07-10,WH02,S3
2025-07-10,WH03,S1
2025-07-10,WH03,S2
2025-07-10,WH03,S3
2025-07-10,WH04,S1
2025-07-10,WH04,S2
2025-07-10,WH04,S3
2025-07-10,WH05,S1
2025-07-10,WH05,S2
2025-07-10,WH05,S3
2025-07-11,WH01,S1
2025-07-11,WH01,S2
2025-07-11,WH01,S3
2025-07-11,WH02,S1
2025-07-11,WH02,S2
2025-07-11,WH02,S3
2025-07-11,WH03,S1
2025-07-11,WH03,S2
2025-07-11,WH03,S3
2025-07-11,WH04,S1
2025-07-11,WH04,S2
2025-07-11,WH04,S3
2025-07-11,WH05,S1
2025-07-11,WH05,S2
2025-07-11,WH05,S3
2025-07-12,WH01,S1
2025-07-12,WH01,S2
2025-07-12,WH01,S3
2025-07-12,WH02,S1
2025-07-12,WH02,S2
2025-07-12,WH02,S3
2025-07-12,WH03,S1
2025-07-12,WH03,S2
2025-07-12,WH03,S3
2025-07-12,WH04,S1
2025-07-12,WH04,S2
2025-07-12,WH04,S3
2025-07-12,WH05,S1
2025-07-12,WH05,S2
2025-07-12,WH05,S3
2025-07-13,WH01,S1
2025-07-13,WH01,S2
2025-07-13,WH01,S3
2025-07-13,WH02,S1
2025-07-13,WH02,S2
2025-07-13,WH02,S3
2025-07-13,WH03,S1
2025-07-13,WH03,S2
2025-07-13,WH03,S3
2025-07-13,WH04,S1
2025-07-13,WH04,S2
2025-07-13,WH04,S3
2025-07-13,WH05,S1
2025-07-13,WH05,S2
2025-07-13,WH05,S3
2025-07-14,WH01,S1
2025-07-14,WH01,S2
2025-07-14,WH01,S3
2025-07-14,WH02,S1
2025-07-14,WH02,S2
2025-07-14,WH02,S3
2025-07-14,WH03,S1
2025-07-14,WH03,S2
2025-07-14,WH03,S3
2025-07-14,WH04,S1
2025-07-14,WH04,S2
2025-07-14,WH04,S3
2025-07-14,WH05,S1
2025-07-14,WH05,S2
2025-07-14,WH05,S3
2025-07-15,WH01,S1
2025-07-15,WH01,S2
2025-07-15,WH01,S3
2025-07-15,WH02,S1
2025-07-15,WH02,S2
2025-07-15,WH02,S3
2025-07-15,WH03,S1
2025-07-15,WH03,S2
2025-07-15,WH03,S3
2025-07-15,WH04,S1
2025-07-15,WH04,S2
2025-07-15,WH04,S3
2025-07-15,WH05,S1
2025-07-15,WH05,S2
2025-07-15,WH05,S3
2025-07-16,WH01,S1
2025-07-16,WH01,S2
2025-07-16,WH01,S3
2025-07-16,WH02,S1
2025-07-16,WH02,S2
2025-07-16,WH02,S3
2025-07-16,WH03,S1
2025-07-16,WH03,S2
2025-07-16,WH03,S3
2025-07-16,WH04,S1
2025-07-16,WH04,S2
2025-07-16,WH04,S3
2025-07-16,WH05,S1
2025-07-16,WH05,S2
2025-07-16,WH05,S3
2025-07-17,WH01,S1
2025-07-17,WH01,S2
2025-07-17,WH01,S3
2025-07-17,WH02,S1
2025-07-17,WH02,S2
2025-07-17,WH02,S3
2025-07-17,WH03,S1
2025-07-17,WH03,S2
2025-07-17,WH03,S3
2025-07-17,WH04,S1
2025-07-17,WH04,S2
2025-07-17,WH04,S3
2025-07-17,WH05,S1
2025-07-17,WH05,S2
2025-07-17,WH05,S3
2025-07-18,WH01,S1
2025-07-18,WH01,S2
2025-07-18,WH01,S3
2025-07-18,WH02,S1
2025-07-18,WH02,S2
2025-07-18,WH02,S3
2025-07-18,WH03,S1
2025-07-18,WH03,S2
2025-07-18,WH03,S3
2025-07-18,WH04,S1
2025-07-18,WH04,S2
2025-07-18,WH04,S3
2025-07-18,WH05,S1
2025-07-18,WH05,S2
2025-07-18,WH05,S3
2025-07-19,WH01,S1
2025-07-19,WH01,S2
2025-07-19,WH01,S3
2025-07-19,WH02,S1
2025-07-19,WH02,S2
2025-07-19,WH02,S3
2025-07-19,WH03,S1
2025-07-19,WH03,S2
2025-07-19,WH03,S3
2025-07-19,WH04,S1
2025-07-19,WH04,S2
2025-07-19,WH04,S3
2025-07-19,WH05,S1
2025-07-19,WH05,S2
2025-07-19,WH05,S3
2025-07-20,WH01,S1
2025-07-20,WH01,S2
2025-07-20,WH01,S3
2025-07-20,WH02,S1
2025-07-20,WH02,S2
2025-07-20,WH02,S3
2025-07-20,WH03,S1
2025-07-20,WH03,S2
2025-07-20,WH03,S3
2025-07-20,WH04,S1
2025-07-20,WH04,S2
2025-07-20,WH04,S3
2025-07-20,WH05,S1
2025-07-20,WH05,S2
2025-07-20,WH05,S3
2025-07-21,WH01,S1
2025-07-21,WH01,S2
2025-07-21,WH01,S3
2025-07-21,WH02,S1
2025-07-21,WH02,S2
2025-07-21,WH02,S3
2025-07-21,WH03,S1
2025-07-21,WH03,S2
2025-07-21,WH03,S3
2025-07-21,WH04,S1
2025-07-21,WH04,S2
2025-07-21,WH04,S3
2025-07-21,WH05,S1
2025-07-21,WH05,S2
2025-07-21,WH05,S3
2025-07-22,WH01,S1
2025-07-22,WH01,S2
2025-07-22,WH01,S3
2025-07-22,WH02,S1
2025-07-22,WH02,S2
2025-07-22,WH02,S3
2025-07-22,WH03,S1
2025-07-22,WH03,S2
2025-07-22,WH03,S3
2025-07-22,WH04,S1
2025-07-22,WH04,S2
2025-07-22,WH04,S3
2025-07-22,WH05,S1
2025-07-22,WH05,S2
2025-07-22,WH05,S3
2025-07-23,WH01,S1
2025-07-23,WH01,S2
2025-07-23,WH01,S3
2025-07-23,WH02,S1
2025-07-23,WH02,S2
2025-07-23,WH02,S3
2025-07-23,WH03,S1
2025-07-23,WH03,S2
2025-07-23,WH03,S3
2025-07-23,WH04,S1
2025-07-23,WH04,S2
2025-07-23,WH04,S3
2025-07-23,WH05,S1
2025-07-23,WH05,S2
2025-07-23,WH05,S3
2025-07-24,WH01,S1
2025-07-24,WH01,S2
2025-07-24,WH01,S3
2025-07-24,WH02,S1
2025-07-24,WH02,S2
2025-07-24,WH02,S3
2025-07-24,WH03,S1
2025-07-24,WH03,S2
2025-07-24,WH03,S3
2025-07-24,WH04,S1
2025-07-24,WH04,S2
2025-07-24,WH04,S3
2025-07-24,WH05,S1
2025-07-24,WH05,S2
2025-07-24,WH05,S3
2025-07-25,WH01,S1
2025-07-25,WH01,S2
2025-07-25,WH01,S3
2025-07-25,WH02,S1
2025-07-25,WH02,S2
2025-07-25,WH02,S3
2025-07-25,WH03,S1
2025-07-25,WH03,S2
2025-07-25,WH03,S3
2025-07-25,WH04,S1
2025-07-25,WH04,S2
2025-07-25,WH04,S3
2025-07-25,WH05,S1
2025-07-25,WH05,S2
2025-07-25,WH05,S3
2025-07-26,WH01,S1
2025-07-26,WH01,S2
2025-07-26,WH01,S3
2025-07-26,WH02,S1
2025-07-26,WH02,S2
2025-07-26,WH02,S3
2025-07-26,WH03,S1
2025-07-26,WH03,S2
2025-07-26,WH03,S3
2025-07-26,WH04,S1
2025-07-26,WH04,S2
2025-07-26,WH04,S3
2025-07-26,WH05,S1
2025-07-26,WH05,S2
2025-07-26,WH05,S3
2025-07-27,WH01,S1
2025-07-27,WH01,S2
2025-07-27,WH01,S3
2025-07-27,WH02,S1
2025-07-27,WH02,S2
2025-07-27,WH02,S3
2025-07-27,WH03,S1
2025-07-27,WH03,S2
2025-07-27,WH03,S3
2025-07-27,WH04,S1
2025-07-27,WH04,S2
2025-07-27,WH04,S3
2025-07-27,WH05,S1
2025-07-27,WH05,S2
2025-07-27,WH05,S3
2025-07-28,WH01,S1
2025-07-28,WH01,S2
2025-07-28,WH01,S3
2025-07-28,WH02,S1
2025-07-28,WH02,S2
2025-07-28,WH02,S3
2025-07-28,WH03,S1
2025-07-28,WH03,S2
2025-07-28,WH03,S3
2025-07-28,WH04,S1
2025-07-28,WH04,S2
2025-07-28,WH04,S3
2025-07-28,WH05,S1
2025-07-28,WH05,S2
2025-07-28,WH05,S3
2025-07-29,WH01,S1
2025-07-29,WH01,S2
2025-07-29,WH01,S3
2025-07-29,WH02,S1
2025-07-29,WH02,S2
2025-07-29,WH02,S3
2025-07-29,WH03,S1
2025-07-29,WH03,S2
2025-07-29,WH03,S3
2025-07-29,WH04,S1
2025-07-29,WH04,S2
2025-07-29,WH04,S3
2025-07-29,WH05,S1
2025-07-29,WH05,S2
2025-07-29,WH05,S3
2025-07-30,WH01,S1
2025-07-30,WH01,S2
2025-07-30,WH01,S3
2025-07-30,WH02,S1
2025-07-30,WH02,S2
2025-07-30,WH02,S3
2025-07-30,WH03,S1
2025-07-30,WH03,S2
2025-07-30,WH03,S3
2025-07-30,WH04,S1
2025-07-30,WH04,S2
2025-07-30,WH04,S3
2025-07-30,WH05,S1
2025-07-30,WH05,S2
2025-07-30,WH05,S3
2025-07-31,WH01,S1
2025-07-31,WH01,S2
2025-07-31,WH01,S3
2025-07-31,WH02,S1
2025-07-31,WH02,S2
2025-07-31,WH02,S3
2025-07-31,WH03,S1
2025-07-31,WH03,S2
2025-07-31,WH03,S3
2025-07-31,WH04,S1
2025-07-31,WH04,S2
2025-07-31,WH04,S3
2025-07-31,WH05,S1
2025-07-31,WH05,S2
2025-07-31,WH05,S3
2025-08-01,WH01,S1
2025-08-01,WH01,S2
2025-08-01,WH01,S3
2025-08-01,WH02,S1
2025-08-01,WH02,S2
2025-08-01,WH02,S3
2025-08-01,WH03,S1
2025-08-01,WH03,S2
2025-08-01,WH03,S3
2025-08-01,WH04,S1
2025-08-01,WH04,S2
2025-08-01,WH04,S3
2025-08-01,WH05,S1
2025-08-01,WH05,S2
2025-08-01,WH05,S3
2025-08-02,WH01,S1
2025-08-02,WH01,S2
2025-08-02,WH01,S3
2025-08-02,WH02,S1
2025-08-02,WH02,S2
2025-08-02,WH02,S3
2025-08-02,WH03,S1
2025-08-02,WH03,S2
2025-08-02,WH03,S3
2025-08-02,WH04,S1
2025-08-02,WH04,S2
2025-08-02,WH04,S3
2025-08-02,WH05,S1
2025-08-02,WH05,S2
2025-08-02,WH05,S3
2025-08-03,WH01,S1
2025-08-03,WH01,S2
2025-08-03,WH01,S3
2025-08-03,WH02,S1
2025-08-03,WH02,S2
2025-08-03,WH02,S3
2025-08-03,WH03,S1
2025-08-03,WH03,S2
2025-08-03,WH03,S3
2025-08-03,WH04,S1
2025-08-03,WH04,S2
2025-08-03,WH04,S3
2025-08-03,WH05,S1
2025-08-03,WH05,S2
2025-08-03,WH05,S3
2025-08-04,WH01,S1
2025-08-04,WH01,S2
2025-08-04,WH01,S3
2025-08-04,WH02,S1
2025-08-04,WH02,S2
2025-08-04,WH02,S3
2025-08-04,WH03,S1
2025-08-04,WH03,S2
2025-08-04,WH03,S3
2025-08-04,WH04,S1
2025-08-04,WH04,S2
2025-08-04,WH04,S3
2025-08-04,WH05,S1
2025-08-04,WH05,S2
2025-08-04,WH05,S3
2025-08-05,WH01,S1
2025-08-05,WH01,S2
2025-08-05,WH01,S3
2025-08-05,WH02,S1
2025-08-05,WH02,S2
2025-08-05,WH02,S3
2025-08-05,WH03,S1
2025-08-05,WH03,S2
2025-08-05,WH03,S3
2025-08-05,WH04,S1
2025-08-05,WH04,S2
2025-08-05,WH04,S3
2025-08-05,WH05,S1
2025-08-05,WH05,S2
2025-08-05,WH05,S3
2025-08-06,WH01,S1
2025-08-06,WH01,S2
2025-08-06,WH01,S3
2025-08-06,WH02,S1
2025-08-06,WH02,S2
2025-08-06,WH02,S3
2025-08-06,WH03,S1
2025-08-06,WH03,S2
2025-08-06,WH03,S3
2025-08-06,WH04,S1
2025-08-06,WH04,S2
2025-08-06,WH04,S3
2025-08-06,WH05,S1
2025-08-06,WH05,S2
2025-08-06,WH05,S3
2025-08-07,WH01,S1
2025-08-07,WH01,S2
2025-08-07,WH01,S3
2025-08-07,WH02,S1
2025-08-07,WH02,S2
2025-08-07,WH02,S3
2025-08-07,WH03,S1
2025-08-07,WH03,S2
2025-08-07,WH03,S3
2025-08-07,WH04,S1
2025-08-07,WH04,S2
2025-08-07,WH04,S3
2025-08-07,WH05,S1
2025-08-07,WH05,S2
2025-08-07,WH05,S3
2025-08-08,WH01,S1
2025-08-08,WH01,S2
2025-08-08,WH01,S3
2025-08-08,WH02,S1
2025-08-08,WH02,S2
2025-08-08,WH02,S3
2025-08-08,WH03,S1
2025-08-08,WH03,S2
2025-08-08,WH03,S3
2025-08-08,WH04,S1
2025-08-08,WH04,S2
2025-08-08,WH04,S3
2025-08-08,WH05,S1
2025-08-08,WH05,S2
2025-08-08,WH05,S3
2025-08-09,WH01,S1
2025-08-09,WH01,S2
2025-08-09,WH01,S3
2025-08-09,WH02,S1
2025-08-09,WH02,S2
2025-08-09,WH02,S3
2025-08-09,WH03,S1
2025-08-09,WH03,S2
2025-08-09,WH03,S3
2025-08-09,WH04,S1
2025-08-09,WH04,S2
2025-08-09,WH04,S3
2025-08-09,WH05,S1
2025-08-09,WH05,S2
2025-08-09,WH05,S3
2025-08-10,WH01,S1
2025-08-10,WH01,S2
2025-08-10,WH01,S3
2025-08-10,WH02,S1
2025-08-10,WH02,S2
2025-08-10,WH02,S3
2025-08-10,WH03,S1
2025-08-10,WH03,S2
2025-08-10,WH03,S3
2025-08-10,WH04,S1
2025-08-10,WH04,S2
2025-08-10,WH04,S3
2025-08-10,WH05,S1
2025-08-10,WH05,S2
2025-08-10,WH05,S3
2025-08-11,WH01,S1
2025-08-11,WH01,S2
2025-08-11,WH01,S3
2025-08-11,WH02,S1
2025-08-11,WH02,S2
2025-08-11,WH02,S3
2025-08-11,WH03,S1
2025-08-11,WH03,S2
2025-08-11,WH03,S3
2025-08-11,WH04,S1
2025-08-11,WH04,S2
2025-08-11,WH04,S3
2025-08-11,WH05,S1
2025-08-11,WH05,S2
2025-08-11,WH05,S3
2025-08-12,WH01,S1
2025-08-12,WH01,S2
2025-08-12,WH01,S3
2025-08-12,WH02,S1
2025-08-12,WH02,S2
2025-08-12,WH02,S3
2025-08-12,WH03,S1
2025-08-12,WH03,S2
2025-08-12,WH03,S3
2025-08-12,WH04,S1
2025-08-12,WH04,S2
2025-08-12,WH04,S3
2025-08-12,WH05,S1
2025-08-12,WH05,S2
2025-08-12,WH05,S3
2025-08-13,WH01,S1
2025-08-13,WH01,S2
2025-08-13,WH01,S3
2025-08-13,WH02,S1
2025-08-13,WH02,S2
2025-08-13,WH02,S3
2025-08-13,WH03,S1
2025-08-13,WH03,S2
2025-08-13,WH03,S3
2025-08-13,WH04,S1
2025-08-13,WH04,S2
2025-08-13,WH04,S3
2025-08-13,WH05,S1
2025-08-13,WH05,S2
2025-08-13,WH05,S3
2025-08-14,WH01,S1
2025-08-14,WH01,S2
2025-08-14,WH01,S3
2025-08-14,WH02,S1
2025-08-14,WH02,S2
2025-08-14,WH02,S3
2025-08-14,WH03,S1
2025-08-14,WH03,S2
2025-08-14,WH03,S3
2025-08-14,WH04,S1
2025-08-14,WH04,S2
2025-08-14,WH04,S3
2025-08-14,WH05,S1
2025-08-14,WH05,S2
2025-08-14,WH05,S3
2025-08-15,WH01,S1
2025-08-15,WH01,S2
2025-08-15,WH01,S3
2025-08-15,WH02,S1
2025-08-15,WH02,S2
2025-08-15,WH02,S3
2025-08-15,WH03,S1
2025-08-15,WH03,S2
2025-08-15,WH03,S3
2025-08-15,WH04,S1
2025-08-15,WH04,S2
2025-08-15,WH04,S3
2025-08-15,WH05,S1
2025-08-15,WH05,S2
2025-08-15,WH05,S3
2025-08-16,WH01,S1
2025-08-16,WH01,S2
2025-08-16,WH01,S3
2025-08-16,WH02,S1
2025-08-16,WH02,S2
2025-08-16,WH02,S3
2025-08-16,WH03,S1
2025-08-16,WH03,S2
2025-08-16,WH03,S3
2025-08-16,WH04,S1
2025-08-16,WH04,S2
2025-08-16,WH04,S3
2025-08-16,WH05,S1
2025-08-16,WH05,S2
2025-08-16,WH05,S3
2025-08-17,WH01,S1
2025-08-17,WH01,S2
2025-08-17,WH01,S3
2025-08-17,WH02,S1
2025-08-17,WH02,S2
2025-08-17,WH02,S3
2025-08-17,WH03,S1
2025-08-17,WH03,S2
2025-08-17,WH03,S3
2025-08-17,WH04,S1
2025-08-17,WH04,S2
2025-08-17,WH04,S3
2025-08-17,WH05,S1
2025-08-17,WH05,S2
2025-08-17,WH05,S3
2025-08-18,WH01,S1
2025-08-18,WH01,S2
2025-08-18,WH01,S3
2025-08-18,WH02,S1
2025-08-18,WH02,S2
2025-08-18,WH02,S3
2025-08-18,WH03,S1
2025-08-18,WH03,S2
2025-08-18,WH03,S3
2025-08-18,WH04,S1
2025-08-18,WH04,S2
2025-08-18,WH04,S3
2025-08-18,WH05,S1
2025-08-18,WH05,S2
2025-08-18,WH05,S3
2025-08-19,WH01,S1
2025-08-19,WH01,S2
2025-08-19,WH01,S3
2025-08-19,WH02,S1
2025-08-19,WH02,S2
2025-08-19,WH02,S3
2025-08-19,WH03,S1
2025-08-19,WH03,S2
2025-08-19,WH03,S3
2025-08-19,WH04,S1
2025-08-19,WH04,S2
2025-08-19,WH04,S3
2025-08-19,WH05,S1
2025-08-19,WH05,S2
2025-08-19,WH05,S3
2025-08-20,WH01,S1
2025-08-20,WH01,S2
2025-08-20,WH01,S3
2025-08-20,WH02,S1
2025-08-20,WH02,S2
2025-08-20,WH02,S3
2025-08-20,WH03,S1
2025-08-20,WH03,S2
2025-08-20,WH03,S3
2025-08-20,WH04,S1
2025-08-20,WH04,S2
2025-08-20,WH04,S3
2025-08-20,WH05,S1
2025-08-20,WH05,S2
2025-08-20,WH05,S3
2025-08-21,WH01,S1
2025-08-21,WH01,S2
2025-08-21,WH01,S3
2025-08-21,WH02,S1
2025-08-21,WH02,S2
2025-08-21,WH02,S3
2025-08-21,WH03,S1
2025-08-21,WH03,S2
2025-08-21,WH03,S3
2025-08-21,WH04,S1
2025-08-21,WH04,S2
2025-08-21,WH04,S3
2025-08-21,WH05,S1
2025-08-21,WH05,S2
2025-08-21,WH05,S3
2025-08-22,WH01,S1
2025-08-22,WH01,S2
2025-08-22,WH01,S3
2025-08-22,WH02,S1
2025-08-22,WH02,S2
2025-08-22,WH02,S3
2025-08-22,WH03,S1
2025-08-22,WH03,S2
2025-08-22,WH03,S3
2025-08-22,WH04,S1
2025-08-22,WH04,S2
2025-08-22,WH04,S3
2025-08-22,WH05,S1
2025-08-22,WH05,S2
2025-08-22,WH05,S3
2025-08-23,WH01,S1
2025-08-23,WH01,S2
2025-08-23,WH01,S3
2025-08-23,WH02,S1
2025-08-23,WH02,S2
2025-08-23,WH02,S3
2025-08-23,WH03,S1
2025-08-23,WH03,S2
2025-08-23,WH03,S3
2025-08-23,WH04,S1
2025-08-23,WH04,S2
2025-08-23,WH04,S3
2025-08-23,WH05,S1
2025-08-23,WH05,S2
2025-08-23,WH05,S3
2025-08-24,WH01,S1
2025-08-24,WH01,S2
2025-08-24,WH01,S3
2025-08-24,WH02,S1
2025-08-24,WH02,S2
2025-08-24,WH02,S3
2025-08-24,WH03,S1
2025-08-24,WH03,S2
2025-08-24,WH03,S3
2025-08-24,WH04,S1
2025-08-24,WH04,S2
2025-08-24,WH04,S3
2025-08-24,WH05,S1
2025-08-24,WH05,S2
2025-08-24,WH05,S3
2025-08-25,WH01,S1
2025-08-25,WH01,S2
2025-08-25,WH01,S3
2025-08-25,WH02,S1
2025-08-25,WH02,S2
2025-08-25,WH02,S3
2025-08-25,WH03,S1
2025-08-25,WH03,S2
2025-08-25,WH03,S3
2025-08-25,WH04,S1
2025-08-25,WH04,S2
2025-08-25,WH04,S3
2025-08-25,WH05,S1
2025-08-25,WH05,S2
2025-08-25,WH05,S3
2025-08-26,WH01,S1
2025-08-26,WH01,S2
2025-08-26,WH01,S3
2025-08-26,WH02,S1
2025-08-26,WH02,S2
2025-08-26,WH02,S3
2025-08-26,WH03,S1
2025-08-26,WH03,S2
2025-08-26,WH03,S3
2025-08-26,WH04,S1
2025-08-26,WH04,S2
2025-08-26,WH04,S3
2025-08-26,WH05,S1
2025-08-26,WH05,S2
2025-08-26,WH05,S3
2025-08-27,WH01,S1
2025-08-27,WH01,S2
2025-08-27,WH01,S3
2025-08-27,WH02,S1
2025-08-27,WH02,S2
2025-08-27,WH02,S3
2025-08-27,WH03,S1
2025-08-27,WH03,S2
2025-08-27,WH03,S3
2025-08-27,WH04,S1
2025-08-27,WH04,S2
2025-08-27,WH04,S3
2025-08-27,WH05,S1
2025-08-27,WH05,S2
2025-08-27,WH05,S3
2025-08-28,WH01,S1
2025-08-28,WH01,S2
2025-08-28,WH01,S3
2025-08-28,WH02,S1
2025-08-28,WH02,S2
2025-08-28,WH02,S3
2025-08-28,WH03,S1
2025-08-28,WH03,S2
2025-08-28,WH03,S3
2025-08-28,WH04,S1
2025-08-28,WH04,S2
2025-08-28,WH04,S3
2025-08-28,WH05,S1
2025-08-28,WH05,S2
2025-08-28,WH05,S3
2025-08-29,WH01,S1
2025-08-29,WH01,S2
2025-08-29,WH01,S3
2025-08-29,WH02,S1
2025-08-29,WH02,S2
2025-08-29,WH02,S3
2025-08-29,WH03,S1
2025-08-29,WH03,S2
2025-08-29,WH03,S3
2025-08-29,WH04,S1
2025-08-29,WH04,S2
2025-08-29,WH04,S3
2025-08-29,WH05,S1
2025-08-29,WH05,S2
2025-08-29,WH05,S3
2025-08-30,WH01,S1
2025-08-30,WH01,S2
2025-08-30,WH01,S3
2025-08-30,WH02,S1
2025-08-30,WH02,S2
2025-08-30,WH02,S3
2025-08-30,WH03,S1
2025-08-30,WH03,S2
2025-08-30,WH03,S3
2025-08-30,WH04,S1
2025-08-30,WH04,S2
2025-08-30,WH04,S3
2025-08-30,WH05,S1
2025-08-30,WH05,S2
2025-08-30,WH05,S3
2025-08-31,WH01,S1
2025-08-31,WH01,S2
2025-08-31,WH01,S3
2025-08-31,WH02,S1
2025-08-31,WH02,S2
2025-08-31,WH02,S3
2025-08-31,WH03,S1
2025-08-31,WH03,S2
2025-08-31,WH03,S3
2025-08-31,WH04,S1
2025-08-31,WH04,S2
2025-08-31,WH04,S3
2025-08-31,WH05,S1
2025-08-31,WH05,S2
2025-08-31,WH05,S3
2025-09-01,WH01,S1
2025-09-01,WH01,S2
2025-09-01,WH01,S3
2025-09-01,WH02,S1
2025-09-01,WH02,S2
2025-09-01,WH02,S3
2025-09-01,WH03,S1
2025-09-01,WH03,S2
2025-09-01,WH03,S3
2025-09-01,WH04,S1
2025-09-01,WH04,S2
2025-09-01,WH04,S3
2025-09-01,WH05,S1
2025-09-01,WH05,S2
2025-09-01,WH05,S3
2025-09-02,WH01,S1
2025-09-02,WH01,S2
2025-09-02,WH01,S3
2025-09-02,WH02,S1
2025-09-02,WH02,S2
2025-09-02,WH02,S3
2025-09-02,WH03,S1
2025-09-02,WH03,S2
2025-09-02,WH03,S3
2025-09-02,WH04,S1
2025-09-02,WH04,S2
2025-09-02,WH04,S3
2025-09-02,WH05,S1
2025-09-02,WH05,S2
2025-09-02,WH05,S3
2025-09-03,WH01,S1
2025-09-03,WH01,S2
2025-09-03,WH01,S3
2025-09-03,WH02,S1
2025-09-03,WH02,S2
2025-09-03,WH02,S3
2025-09-03,WH03,S1
2025-09-03,WH03,S2
2025-09-03,WH03,S3
2025-09-03,WH04,S1
2025-09-03,WH04,S2
2025-09-03,WH04,S3
2025-09-03,WH05,S1
2025-09-03,WH05,S2
2025-09-03,WH05,S3
2025-09-04,WH01,S1
2025-09-04,WH01,S2
2025-09-04,WH01,S3
2025-09-04,WH02,S1
2025-09-04,WH02,S2
2025-09-04,WH02,S3
2025-09-04,WH03,S1
2025-09-04,WH03,S2
2025-09-04,WH03,S3
2025-09-04,WH04,S1
2025-09-04,WH04,S2
2025-09-04,WH04,S3
2025-09-04,WH05,S1
2025-09-04,WH05,S2
2025-09-04,WH05,S3
2025-09-05,WH01,S1
2025-09-05,WH01,S2
2025-09-05,WH01,S3
2025-09-05,WH02,S1
2025-09-05,WH02,S2
2025-09-05,WH02,S3
2025-09-05,WH03,S1
2025-09-05,WH03,S2
2025-09-05,WH03,S3
2025-09-05,WH04,S1
2025-09-05,WH04,S2
2025-09-05,WH04,S3
2025-09-05,WH05,S1
2025-09-05,WH05,S2
2025-09-05,WH05,S3
2025-09-06,WH01,S1
2025-09-06,WH01,S2
2025-09-06,WH01,S3
2025-09-06,WH02,S1
2025-09-06,WH02,S2
2025-09-06,WH02,S3
2025-09-06,WH03,S1
2025-09-06,WH03,S2
2025-09-06,WH03,S3
2025-09-06,WH04,S1
2025-09-06,WH04,S2
2025-09-06,WH04,S3
2025-09-06,WH05,S1
2025-09-06,WH05,S2
2025-09-06,WH05,S3
2025-09-07,WH01,S1
2025-09-07,WH01,S2
2025-09-07,WH01,S3
2025-09-07,WH02,S1
2025-09-07,WH02,S2
2025-09-07,WH02,S3
2025-09-07,WH03,S1
2025-09-07,WH03,S2
2025-09-07,WH03,S3
2025-09-07,WH04,S1
2025-09-07,WH04,S2
2025-09-07,WH04,S3
2025-09-07,WH05,S1
2025-09-07,WH05,S2
2025-09-07,WH05,S3
2025-09-08,WH01,S1
2025-09-08,WH01,S2
2025-09-08,WH01,S3
2025-09-08,WH02,S1
2025-09-08,WH02,S2
2025-09-08,WH02,S3
2025-09-08,WH03,S1
2025-09-08,WH03,S2
2025-09-08,WH03,S3
2025-09-08,WH04,S1
2025-09-08,WH04,S2
2025-09-08,WH04,S3
2025-09-08,WH05,S1
2025-09-08,WH05,S2
2025-09-08,WH05,S3
2025-09-09,WH01,S1
2025-09-09,WH01,S2
2025-09-09,WH01,S3
2025-09-09,WH02,S1
2025-09-09,WH02,S2
2025-09-09,WH02,S3
2025-09-09,WH03,S1
2025-09-09,WH03,S2
2025-09-09,WH03,S3
2025-09-09,WH04,S1
2025-09-09,WH04,S2
2025-09-09,WH04,S3
2025-09-09,WH05,S1
2025-09-09,WH05,S2
2025-09-09,WH05,S3
2025-09-10,WH01,S1
2025-09-10,WH01,S2
2025-09-10,WH01,S3
2025-09-10,WH02,S1
2025-09-10,WH02,S2
2025-09-10,WH02,S3
2025-09-10,WH03,S1
2025-09-10,WH03,S2
2025-09-10,WH03,S3
2025-09-10,WH04,S1
2025-09-10,WH04,S2
2025-09-10,WH04,S3
2025-09-10,WH05,S1
2025-09-10,WH05,S2
2025-09-10,WH05,S3
2025-09-11,WH01,S1
2025-09-11,WH01,S2
2025-09-11,WH01,S3
2025-09-11,WH02,S1
2025-09-11,WH02,S2
2025-09-11,WH02,S3
2025-09-11,WH03,S1
2025-09-11,WH03,S2
2025-09-11,WH03,S3
2025-09-11,WH04,S1
2025-09-11,WH04,S2
2025-09-11,WH04,S3
2025-09-11,WH05,S1
2025-09-11,WH05,S2
2025-09-11,WH05,S3
2025-09-12,WH01,S1
2025-09-12,WH01,S2
2025-09-12,WH01,S3
2025-09-12,WH02,S1
2025-09-12,WH02,S2
2025-09-12,WH02,S3
2025-09-12,WH03,S1
2025-09-12,WH03,S2
2025-09-12,WH03,S3
2025-09-12,WH04,S1
2025-09-12,WH04,S2
2025-09-12,WH04,S3
2025-09-12,WH05,S1
2025-09-12,WH05,S2
2025-09-12,WH05,S3
2025-09-13,WH01,S1
2025-09-13,WH01,S2
2025-09-13,WH01,S3
2025-09-13,WH02,S1
2025-09-13,WH02,S2
2025-09-13,WH02,S3
2025-09-13,WH03,S1
2025-09-13,WH03,S2
2025-09-13,WH03,S3
2025-09-13,WH04,S1
2025-09-13,WH04,S2
2025-09-13,WH04,S3
2025-09-13,WH05,S1
2025-09-13,WH05,S2
2025-09-13,WH05,S3
2025-09-14,WH01,S1
2025-09-14,WH01,S2
2025-09-14,WH01,S3
2025-09-14,WH02,S1
2025-09-14,WH02,S2
2025-09-14,WH02,S3
2025-09-14,WH03,S1
2025-09-14,WH03,S2
2025-09-14,WH03,S3
2025-09-14,WH04,S1
2025-09-14,WH04,S2
2025-09-14,WH04,S3
2025-09-14,WH05,S1
2025-09-14,WH05,S2
2025-09-14,WH05,S3
2025-09-15,WH01,S1
2025-09-15,WH01,S2
2025-09-15,WH01,S3
2025-09-15,WH02,S1
2025-09-15,WH02,S2
2025-09-15,WH02,S3
2025-09-15,WH03,S1
2025-09-15,WH03,S2
2025-09-15,WH03,S3
2025-09-15,WH04,S1
2025-09-15,WH04,S2
2025-09-15,WH04,S3
2025-09-15,WH05,S1
2025-09-15,WH05,S2
2025-09-15,WH05,S3
2025-09-16,WH01,S1
2025-09-16,WH01,S2
2025-09-16,WH01,S3
2025-09-16,WH02,S1
2025-09-16,WH02,S2
2025-09-16,WH02,S3
2025-09-16,WH03,S1
2025-09-16,WH03,S2
2025-09-16,WH03,S3
2025-09-16,WH04,S1
2025-09-16,WH04,S2
2025-09-16,WH04,S3
2025-09-16,WH05,S1
2025-09-16,WH05,S2
2025-09-16,WH05,S3
2025-09-17,WH01,S1
2025-09-17,WH01,S2
2025-09-17,WH01,S3
2025-09-17,WH02,S1
2025-09-17,WH02,S2
2025-09-17,WH02,S3
2025-09-17,WH03,S1
2025-09-17,WH03,S2
2025-09-17,WH03,S3
2025-09-17,WH04,S1
2025-09-17,WH04,S2
2025-09-17,WH04,S3
2025-09-17,WH05,S1
2025-09-17,WH05,S2
2025-09-17,WH05,S3
2025-09-18,WH01,S1
2025-09-18,WH01,S2
2025-09-18,WH01,S3
2025-09-18,WH02,S1
2025-09-18,WH02,S2
2025-09-18,WH02,S3
2025-09-18,WH03,S1
2025-09-18,WH03,S2
2025-09-18,WH03,S3
2025-09-18,WH04,S1
2025-09-18,WH04,S2
2025-09-18,WH04,S3
2025-09-18,WH05,S1
2025-09-18,WH05,S2
2025-09-18,WH05,S3
2025-09-19,WH01,S1
2025-09-19,WH01,S2
2025-09-19,WH01,S3
2025-09-19,WH02,S1
2025-09-19,WH02,S2
2025-09-19,WH02,S3
2025-09-19,WH03,S1
2025-09-19,WH03,S2
2025-09-19,WH03,S3
2025-09-19,WH04,S1
2025-09-19,WH04,S2
2025-09-19,WH04,S3
2025-09-19,WH05,S1
2025-09-19,WH05,S2
2025-09-19,WH05,S3
2025-09-20,WH01,S1
2025-09-20,WH01,S2
2025-09-20,WH01,S3
2025-09-20,WH02,S1
2025-09-20,WH02,S2
2025-09-20,WH02,S3
2025-09-20,WH03,S1
2025-09-20,WH03,S2
2025-09-20,WH03,S3
2025-09-20,WH04,S1
2025-09-20,WH04,S2
2025-09-20,WH04,S3
2025-09-20,WH05,S1
2025-09-20,WH05,S2
2025-09-20,WH05,S3
2025-09-21,WH01,S1
2025-09-21,WH01,S2
2025-09-21,WH01,S3
2025-09-21,WH02,S1
2025-09-21,WH02,S2
2025-09-21,WH02,S3
2025-09-21,WH03,S1
2025-09-21,WH03,S2
2025-09-21,WH03,S3
2025-09-21,WH04,S1
2025-09-21,WH04,S2
2025-09-21,WH04,S3
2025-09-21,WH05,S1
2025-09-21,WH05,S2
2025-09-21,WH05,S3
2025-09-22,WH01,S1
2025-09-22,WH01,S2
2025-09-22,WH01,S3
2025-09-22,WH02,S1
2025-09-22,WH02,S2
2025-09-22,WH02,S3
2025-09-22,WH03,S1
2025-09-22,WH03,S2
2025-09-22,WH03,S3
2025-09-22,WH04,S1
2025-09-22,WH04,S2
2025-09-22,WH04,S3
2025-09-22,WH05,S1
2025-09-22,WH05,S2
2025-09-22,WH05,S3
2025-09-23,WH01,S1
2025-09-23,WH01,S2
2025-09-23,WH01,S3
2025-09-23,WH02,S1
2025-09-23,WH02,S2
2025-09-23,WH02,S3
2025-09-23,WH03,S1
2025-09-23,WH03,S2
2025-09-23,WH03,S3
2025-09-23,WH04,S1
2025-09-23,WH04,S2
2025-09-23,WH04,S3
2025-09-23,WH05,S1
2025-09-23,WH05,S2
2025-09-23,WH05,S3
2025-09-24,WH01,S1
2025-09-24,WH01,S2
2025-09-24,WH01,S3
2025-09-24,WH02,S1
2025-09-24,WH02,S2
2025-09-24,WH02,S3
2025-09-24,WH03,S1
2025-09-24,WH03,S2
2025-09-24,WH03,S3
2025-09-24,WH04,S1
2025-09-24,WH04,S2
2025-09-24,WH04,S3
2025-09-24,WH05,S1
2025-09-24,WH05,S2
2025-09-24,WH05,S3
2025-09-25,WH01,S1
2025-09-25,WH01,S2
2025-09-25,WH01,S3
2025-09-25,WH02,S1
2025-09-25,WH02,S2
2025-09-25,WH02,S3
2025-09-25,WH03,S1
2025-09-25,WH03,S2
2025-09-25,WH03,S3
2025-09-25,WH04,S1
2025-09-25,WH04,S2
2025-09-25,WH04,S3
2025-09-25,WH05,S1
2025-09-25,WH05,S2
2025-09-25,WH05,S3
2025-09-26,WH01,S1
2025-09-26,WH01,S2
2025-09-26,WH01,S3
2025-09-26,WH02,S1
2025-09-26,WH02,S2
2025-09-26,WH02,S3
2025-09-26,WH03,S1
2025-09-26,WH03,S2
2025-09-26,WH03,S3
2025-09-26,WH04,S1
2025-09-26,WH04,S2
2025-09-26,WH04,S3
2025-09-26,WH05,S1
2025-09-26,WH05,S2
2025-09-26,WH05,S3
2025-09-27,WH01,S1
2025-09-27,WH01,S2
2025-09-27,WH01,S3
2025-09-27,WH02,S1
2025-09-27,WH02,S2
2025-09-27,WH02,S3
2025-09-27,WH03,S1
2025-09-27,WH03,S2
2025-09-27,WH03,S3
2025-09-27,WH04,S1
2025-09-27,WH04,S2
2025-09-27,WH04,S3
2025-09-27,WH05,S1
2025-09-27,WH05,S2
2025-09-27,WH05,S3
2025-09-28,WH01,S1
2025-09-28,WH01,S2
2025-09-28,WH01,S3
2025-09-28,WH02,S1
2025-09-28,WH02,S2
2025-09-28,WH02,S3
2025-09-28,WH03,S1
2025-09-28,WH03,S2
2025-09-28,WH03,S3
2025-09-28,WH04,S1
2025-09-28,WH04,S2
2025-09-28,WH04,S3
2025-09-28,WH05,S1
2025-09-28,WH05,S2
2025-09-28,WH05,S3
2025-09-29,WH01,S1
2025-09-29,WH01,S2
2025-09-29,WH01,S3
2025-09-29,WH02,S1
2025-09-29,WH02,S2
2025-09-29,WH02,S3
2025-09-29,WH03,S1
2025-09-29,WH03,S2
2025-09-29,WH03,S3
2025-09-29,WH04,S1
2025-09-29,WH04,S2
2025-09-29,WH04,S3
2025-09-29,WH05,S1
2025-09-29,WH05,S2
2025-09-29,WH05,S3
2025-09-30,WH01,S1
2025-09-30,WH01,S2
2025-09-30,WH01,S3
2025-09-30,WH02,S1
2025-09-30,WH02,S2
2025-09-30,WH02,S3
2025-09-30,WH03,S1
2025-09-30,WH03,S2
2025-09-30,WH03,S3
2025-09-30,WH04,S1
2025-09-30,WH04,S2
2025-09-30,WH04,S3
2025-09-30,WH05,S1
2025-09-30,WH05,S2
2025-09-30,WH05,S3
2025-10-01,WH01,S1
2025-10-01,WH01,S2
2025-10-01,WH01,S3
2025-10-01,WH02,S1
2025-10-01,WH02,S2
2025-10-01,WH02,S3
2025-10-01,WH03,S1
2025-10-01,WH03,S2
2025-10-01,WH03,S3
2025-10-01,WH04,S1
2025-10-01,WH04,S2
2025-10-01,WH04,S3
2025-10-01,WH05,S1
2025-10-01,WH05,S2
2025-10-01,WH05,S3
2025-10-02,WH01,S1
2025-10-02,WH01,S2
2025-10-02,WH01,S3
2025-10-02,WH02,S1
2025-10-02,WH02,S2
2025-10-02,WH02,S3
2025-10-02,WH03,S1
2025-10-02,WH03,S2
2025-10-02,WH03,S3
2025-10-02,WH04,S1
2025-10-02,WH04,S2
2025-10-02,WH04,S3
2025-10-02,WH05,S1
2025-10-02,WH05,S2
2025-10-02,WH05,S3
2025-10-03,WH01,S1
2025-10-03,WH01,S2
2025-10-03,WH01,S3
2025-10-03,WH02,S1
2025-10-03,WH02,S2
2025-10-03,WH02,S3
2025-10-03,WH03,S1
2025-10-03,WH03,S2
2025-10-03,WH03,S3
2025-10-03,WH04,S1
2025-10-03,WH04,S2
2025-10-03,WH04,S3
2025-10-03,WH05,S1
2025-10-03,WH05,S2
2025-10-03,WH05,S3
2025-10-04,WH01,S1
2025-10-04,WH01,S2
2025-10-04,WH01,S3
2025-10-04,WH02,S1
2025-10-04,WH02,S2
2025-10-04,WH02,S3
2025-10-04,WH03,S1
2025-10-04,WH03,S2
2025-10-04,WH03,S3
2025-10-04,WH04,S1
2025-10-04,WH04,S2
2025-10-04,WH04,S3
2025-10-04,WH05,S1
2025-10-04,WH05,S2
2025-10-04,WH05,S3
2025-10-05,WH01,S1
2025-10-05,WH01,S2
2025-10-05,WH01,S3
2025-10-05,WH02,S1
2025-10-05,WH02,S2
2025-10-05,WH02,S3
2025-10-05,WH03,S1
2025-10-05,WH03,S2
2025-10-05,WH03,S3
2025-10-05,WH04,S1
2025-10-05,WH04,S2
2025-10-05,WH04,S3
2025-10-05,WH05,S1
2025-10-05,WH05,S2
2025-10-05,WH05,S3
2025-10-06,WH01,S1
2025-10-06,WH01,S2
2025-10-06,WH01,S3
2025-10-06,WH02,S1
2025-10-06,WH02,S2
2025-10-06,WH02,S3
2025-10-06,WH03,S1
2025-10-06,WH03,S2
2025-10-06,WH03,S3
2025-10-06,WH04,S1
2025-10-06,WH04,S2
2025-10-06,WH04,S3
2025-10-06,WH05,S1
2025-10-06,WH05,S2
2025-10-06,WH05,S3
2025-10-07,WH01,S1
2025-10-07,WH01,S2
2025-10-07,WH01,S3
2025-10-07,WH02,S1
2025-10-07,WH02,S2
2025-10-07,WH02,S3
2025-10-07,WH03,S1
2025-10-07,WH03,S2
2025-10-07,WH03,S3
2025-10-07,WH04,S1
2025-10-07,WH04,S2
2025-10-07,WH04,S3
2025-10-07,WH05,S1
2025-10-07,WH05,S2
2025-10-07,WH05,S3
2025-10-08,WH01,S1
2025-10-08,WH01,S2
2025-10-08,WH01,S3
2025-10-08,WH02,S1
2025-10-08,WH02,S2
2025-10-08,WH02,S3
2025-10-08,WH03,S1
2025-10-08,WH03,S2
2025-10-08,WH03,S3
2025-10-08,WH04,S1
2025-10-08,WH04,S2
2025-10-08,WH04,S3
2025-10-08,WH05,S1
2025-10-08,WH05,S2
2025-10-08,WH05,S3
2025-10-09,WH01,S1
2025-10-09,WH01,S2
2025-10-09,WH01,S3
2025-10-09,WH02,S1
2025-10-09,WH02,S2
2025-10-09,WH02,S3
2025-10-09,WH03,S1
2025-10-09,WH03,S2
2025-10-09,WH03,S3
2025-10-09,WH04,S1
2025-10-09,WH04,S2
2025-10-09,WH04,S3
2025-10-09,WH05,S1
2025-10-09,WH05,S2
2025-10-09,WH05,S3
2025-10-10,WH01,S1
2025-10-10,WH01,S2
2025-10-10,WH01,S3
2025-10-10,WH02,S1
2025-10-10,WH02,S2
2025-10-10,WH02,S3
2025-10-10,WH03,S1
2025-10-10,WH03,S2
2025-10-10,WH03,S3
2025-10-10,WH04,S1
2025-10-10,WH04,S2
2025-10-10,WH04,S3
2025-10-10,WH05,S1
2025-10-10,WH05,S2
2025-10-10,WH05,S3
2025-10-11,WH01,S1
2025-10-11,WH01,S2
2025-10-11,WH01,S3
2025-10-11,WH02,S1
2025-10-11,WH02,S2
2025-10-11,WH02,S3
2025-10-11,WH03,S1
2025-10-11,WH03,S2
2025-10-11,WH03,S3
2025-10-11,WH04,S1
2025-10-11,WH04,S2
2025-10-11,WH04,S3
2025-10-11,WH05,S1
2025-10-11,WH05,S2
2025-10-11,WH05,S3
2025-10-12,WH01,S1
2025-10-12,WH01,S2
2025-10-12,WH01,S3
2025-10-12,WH02,S1
2025-10-12,WH02,S2
2025-10-12,WH02,S3
2025-10-12,WH03,S1
2025-10-12,WH03,S2
2025-10-12,WH03,S3
2025-10-12,WH04,S1
2025-10-12,WH04,S2
2025-10-12,WH04,S3
2025-10-12,WH05,S1
2025-10-12,WH05,S2
2025-10-12,WH05,S3
2025-10-13,WH01,S1
2025-10-13,WH01,S2
2025-10-13,WH01,S3
2025-10-13,WH02,S1
2025-10-13,WH02,S2
2025-10-13,WH02,S3
2025-10-13,WH03,S1
2025-10-13,WH03,S2
2025-10-13,WH03,S3
2025-10-13,WH04,S1
2025-10-13,WH04,S2
2025-10-13,WH04,S3
2025-10-13,WH05,S1
2025-10-13,WH05,S2
2025-10-13,WH05,S3
2025-10-14,WH01,S1
2025-10-14,WH01,S2
2025-10-14,WH01,S3
2025-10-14,WH02,S1
2025-10-14,WH02,S2
2025-10-14,WH02,S3
2025-10-14,WH03,S1
2025-10-14,WH03,S2
2025-10-14,WH03,S3
2025-10-14,WH04,S1
2025-10-14,WH04,S2
2025-10-14,WH04,S3
2025-10-14,WH05,S1
2025-10-14,WH05,S2
2025-10-14,WH05,S3
2025-10-15,WH01,S1
2025-10-15,WH01,S2
2025-10-15,WH01,S3
2025-10-15,WH02,S1
2025-10-15,WH02,S2
2025-10-15,WH02,S3
2025-10-15,WH03,S1
2025-10-15,WH03,S2
2025-10-15,WH03,S3
2025-10-15,WH04,S1
2025-10-15,WH04,S2
2025-10-15,WH04,S3
2025-10-15,WH05,S1
2025-10-15,WH05,S2
2025-10-15,WH05,S3
2025-10-16,WH01,S1
2025-10-16,WH01,S2
2025-10-16,WH01,S3
2025-10-16,WH02,S1
2025-10-16,WH02,S2
2025-10-16,WH02,S3
2025-10-16,WH03,S1
2025-10-16,WH03,S2
2025-10-16,WH03,S3
2025-10-16,WH04,S1
2025-10-16,WH04,S2
2025-10-16,WH04,S3
2025-10-16,WH05,S1
2025-10-16,WH05,S2
2025-10-16,WH05,S3
2025-10-17,WH01,S1
2025-10-17,WH01,S2
2025-10-17,WH01,S3
2025-10-17,WH02,S1
2025-10-17,WH02,S2
2025-10-17,WH02,S3
2025-10-17,WH03,S1
2025-10-17,WH03,S2
2025-10-17,WH03,S3
2025-10-17,WH04,S1
2025-10-17,WH04,S2
2025-10-17,WH04,S3
2025-10-17,WH05,S1
2025-10-17,WH05,S2
2025-10-17,WH05,S3
2025-10-18,WH01,S1
2025-10-18,WH01,S2
2025-10-18,WH01,S3
2025-10-18,WH02,S1
2025-10-18,WH02,S2
2025-10-18,WH02,S3
2025-10-18,WH03,S1
2025-10-18,WH03,S2
2025-10-18,WH03,S3
2025-10-18,WH04,S1
2025-10-18,WH04,S2
2025-10-18,WH04,S3
2025-10-18,WH05,S1
2025-10-18,WH05,S2
2025-10-18,WH05,S3
2025-10-19,WH01,S1
2025-10-19,WH01,S2
2025-10-19,WH01,S3
2025-10-19,WH02,S1
2025-10-19,WH02,S2
2025-10-19,WH02,S3
2025-10-19,WH03,S1
2025-10-19,WH03,S2
2025-10-19,WH03,S3
2025-10-19,WH04,S1
2025-10-19,WH04,S2
2025-10-19,WH04,S3
2025-10-19,WH05,S1
2025-10-19,WH05,S2
2025-10-19,WH05,S3
2025-10-20,WH01,S1
2025-10-20,WH01,S2
2025-10-20,WH01,S3
2025-10-20,WH02,S1
2025-10-20,WH02,S2
2025-10-20,WH02,S3
2025-10-20,WH03,S1
2025-10-20,WH03,S2
2025-10-20,WH03,S3
2025-10-20,WH04,S1
2025-10-20,WH04,S2
2025-10-20,WH04,S3
2025-10-20,WH05,S1
2025-10-20,WH05,S2
2025-10-20,WH05,S3
2025-10-21,WH01,S1
2025-10-21,WH01,S2
2025-10-21,WH01,S3
2025-10-21,WH02,S1
2025-10-21,WH02,S2
2025-10-21,WH02,S3
2025-10-21,WH03,S1
2025-10-21,WH03,S2
2025-10-21,WH03,S3
2025-10-21,WH04,S1
2025-10-21,WH04,S2
2025-10-21,WH04,S3
2025-10-21,WH05,S1
2025-10-21,WH05,S2
2025-10-21,WH05,S3
2025-10-22,WH01,S1
2025-10-22,WH01,S2
2025-10-22,WH01,S3
2025-10-22,WH02,S1
2025-10-22,WH02,S2
2025-10-22,WH02,S3
2025-10-22,WH03,S1
2025-10-22,WH03,S2
2025-10-22,WH03,S3
2025-10-22,WH04,S1
2025-10-22,WH04,S2
2025-10-22,WH04,S3
2025-10-22,WH05,S1
2025-10-22,WH05,S2
2025-10-22,WH05,S3
2025-10-23,WH01,S1
2025-10-23,WH01,S2
2025-10-23,WH01,S3
2025-10-23,WH02,S1
2025-10-23,WH02,S2
2025-10-23,WH02,S3
2025-10-23,WH03,S1
2025-10-23,WH03,S2
2025-10-23,WH03,S3
2025-10-23,WH04,S1
2025-10-23,WH04,S2
2025-10-23,WH04,S3
2025-10-23,WH05,S1
2025-10-23,WH05,S2
2025-10-23,WH05,S3
2025-10-24,WH01,S1
2025-10-24,WH01,S2
2025-10-24,WH01,S3
2025-10-24,WH02,S1
2025-10-24,WH02,S2
2025-10-24,WH02,S3
2025-10-24,WH03,S1
2025-10-24,WH03,S2
2025-10-24,WH03,S3
2025-10-24,WH04,S1
2025-10-24,WH04,S2
2025-10-24,WH04,S3
2025-10-24,WH05,S1
2025-10-24,WH05,S2
2025-10-24,WH05,S3
2025-10-25,WH01,S1
2025-10-25,WH01,S2
2025-10-25,WH01,S3
2025-10-25,WH02,S1
2025-10-25,WH02,S2
2025-10-25,WH02,S3
2025-10-25,WH03,S1
2025-10-25,WH03,S2
2025-10-25,WH03,S3
2025-10-25,WH04,S1
2025-10-25,WH04,S2
2025-10-25,WH04,S3
2025-10-25,WH05,S1
2025-10-25,WH05,S2
2025-10-25,WH05,S3
2025-10-26,WH01,S1
2025-10-26,WH01,S2
2025-10-26,WH01,S3
2025-10-26,WH02,S1
2025-10-26,WH02,S2
2025-10-26,WH02,S3
2025-10-26,WH03,S1
2025-10-26,WH03,S2
2025-10-26,WH03,S3
2025-10-26,WH04,S1
2025-10-26,WH04,S2
2025-10-26,WH04,S3
2025-10-26,WH05,S1
2025-10-26,WH05,S2
2025-10-26,WH05,S3
2025-10-27,WH01,S1
2025-10-27,WH01,S2
2025-10-27,WH01,S3
2025-10-27,WH02,S1
2025-10-27,WH02,S2
2025-10-27,WH02,S3
2025-10-27,WH03,S1
2025-10-27,WH03,S2
2025-10-27,WH03,S3
2025-10-27,WH04,S1
2025-10-27,WH04,S2
2025-10-27,WH04,S3
2025-10-27,WH05,S1
2025-10-27,WH05,S2
2025-10-27,WH05,S3
2025-10-28,WH01,S1
2025-10-28,WH01,S2
2025-10-28,WH01,S3
2025-10-28,WH02,S1
2025-10-28,WH02,S2
2025-10-28,WH02,S3
2025-10-28,WH03,S1
2025-10-28,WH03,S2
2025-10-28,WH03,S3
2025-10-28,WH04,S1
2025-10-28,WH04,S2
2025-10-28,WH04,S3
2025-10-28,WH05,S1
2025-10-28,WH05,S2
2025-10-28,WH05,S3
2025-10-29,WH01,S1
2025-10-29,WH01,S2
2025-10-29,WH01,S3
2025-10-29,WH02,S1
2025-10-29,WH02,S2
2025-10-29,WH02,S3
2025-10-29,WH03,S1
2025-10-29,WH03,S2
2025-10-29,WH03,S3
2025-10-29,WH04,S1
2025-10-29,WH04,S2
2025-10-29,WH04,S3
2025-10-29,WH05,S1
2025-10-29,WH05,S2
2025-10-29,WH05,S3
2025-10-30,WH01,S1
2025-10-30,WH01,S2
2025-10-30,WH01,S3
2025-10-30,WH02,S1
2025-10-30,WH02,S2
2025-10-30,WH02,S3
2025-10-30,WH03,S1
2025-10-30,WH03,S2
2025-10-30,WH03,S3
2025-10-30,WH04,S1
2025-10-30,WH04,S2
2025-10-30,WH04,S3
2025-10-30,WH05,S1
2025-10-30,WH05,S2
2025-10-30,WH05,S3
2025-10-31,WH01,S1
2025-10-31,WH01,S2
2025-10-31,WH01,S3
2025-10-31,WH02,S1
2025-10-31,WH02,S2
2025-10-31,WH02,S3
2025-10-31,WH03,S1
2025-10-31,WH03,S2
2025-10-31,WH03,S3
2025-10-31,WH04,S1
2025-10-31,WH04,S2
2025-10-31,WH04,S3
2025-10-31,WH05,S1
2025-10-31,WH05,S2
2025-10-31,WH05,S3
2025-11-01,WH01,S1
2025-11-01,WH01,S2
2025-11-01,WH01,S3
2025-11-01,WH02,S1
2025-11-01,WH02,S2
2025-11-01,WH02,S3
2025-11-01,WH03,S1
2025-11-01,WH03,S2
2025-11-01,WH03,S3
2025-11-01,WH04,S1
2025-11-01,WH04,S2
2025-11-01,WH04,S3
2025-11-01,WH05,S1
2025-11-01,WH05,S2
2025-11-01,WH05,S3
2025-11-02,WH01,S1
2025-11-02,WH01,S2
2025-11-02,WH01,S3
2025-11-02,WH02,S1
2025-11-02,WH02,S2
2025-11-02,WH02,S3
2025-11-02,WH03,S1
2025-11-02,WH03,S2
2025-11-02,WH03,S3
2025-11-02,WH04,S1
2025-11-02,WH04,S2
2025-11-02,WH04,S3
2025-11-02,WH05,S1
2025-11-02,WH05,S2
2025-11-02,WH05,S3
2025-11-03,WH01,S1
2025-11-03,WH01,S2
2025-11-03,WH01,S3
2025-11-03,WH02,S1
2025-11-03,WH02,S2
2025-11-03,WH02,S3
2025-11-03,WH03,S1
2025-11-03,WH03,S2
2025-11-03,WH03,S3
2025-11-03,WH04,S1
2025-11-03,WH04,S2
2025-11-03,WH04,S3
2025-11-03,WH05,S1
2025-11-03,WH05,S2
2025-11-03,WH05,S3
2025-11-04,WH01,S1
2025-11-04,WH01,S2
2025-11-04,WH01,S3
2025-11-04,WH02,S1
2025-11-04,WH02,S2
2025-11-04,WH02,S3
2025-11-04,WH03,S1
2025-11-04,WH03,S2
2025-11-04,WH03,S3
2025-11-04,WH04,S1
2025-11-04,WH04,S2
2025-11-04,WH04,S3
2025-11-04,WH05,S1
2025-11-04,WH05,S2
2025-11-04,WH05,S3
2025-11-05,WH01,S1
2025-11-05,WH01,S2
2025-11-05,WH01,S3
2025-11-05,WH02,S1
2025-11-05,WH02,S2
2025-11-05,WH02,S3
2025-11-05,WH03,S1
2025-11-05,WH03,S2
2025-11-05,WH03,S3
2025-11-05,WH04,S1
2025-11-05,WH04,S2
2025-11-05,WH04,S3
2025-11-05,WH05,S1
2025-11-05,WH05,S2
2025-11-05,WH05,S3
2025-11-06,WH01,S1
2025-11-06,WH01,S2
2025-11-06,WH01,S3
2025-11-06,WH02,S1
2025-11-06,WH02,S2
2025-11-06,WH02,S3
2025-11-06,WH03,S1
2025-11-06,WH03,S2
2025-11-06,WH03,S3
2025-11-06,WH04,S1
2025-11-06,WH04,S2
2025-11-06,WH04,S3
2025-11-06,WH05,S1
2025-11-06,WH05,S2
2025-11-06,WH05,S3
2025-11-07,WH01,S1
2025-11-07,WH01,S2
2025-11-07,WH01,S3
2025-11-07,WH02,S1
2025-11-07,WH02,S2
2025-11-07,WH02,S3
2025-11-07,WH03,S1
2025-11-07,WH03,S2
2025-11-07,WH03,S3
2025-11-07,WH04,S1
2025-11-07,WH04,S2
2025-11-07,WH04,S3
2025-11-07,WH05,S1
2025-11-07,WH05,S2
2025-11-07,WH05,S3
2025-11-08,WH01,S1
2025-11-08,WH01,S2
2025-11-08,WH01,S3
2025-11-08,WH02,S1
2025-11-08,WH02,S2
2025-11-08,WH02,S3
2025-11-08,WH03,S1
2025-11-08,WH03,S2
2025-11-08,WH03,S3
2025-11-08,WH04,S1
2025-11-08,WH04,S2
2025-11-08,WH04,S3
2025-11-08,WH05,S1
2025-11-08,WH05,S2
2025-11-08,WH05,S3
2025-11-09,WH01,S1
2025-11-09,WH01,S2
2025-11-09,WH01,S3
2025-11-09,WH02,S1
2025-11-09,WH02,S2
2025-11-09,WH02,S3
2025-11-09,WH03,S1
2025-11-09,WH03,S2
2025-11-09,WH03,S3
2025-11-09,WH04,S1
2025-11-09,WH04,S2
2025-11-09,WH04,S3
2025-11-09,WH05,S1
2025-11-09,WH05,S2
2025-11-09,WH05,S3
2025-11-10,WH01,S1
2025-11-10,WH01,S2
2025-11-10,WH01,S3
2025-11-10,WH02,S1
2025-11-10,WH02,S2
2025-11-10,WH02,S3
2025-11-10,WH03,S1
2025-11-10,WH03,S2
2025-11-10,WH03,S3
2025-11-10,WH04,S1
2025-11-10,WH04,S2
2025-11-10,WH04,S3
2025-11-10,WH05,S1
2025-11-10,WH05,S2
2025-11-10,WH05,S3
2025-11-11,WH01,S1
2025-11-11,WH01,S2
2025-11-11,WH01,S3
2025-11-11,WH02,S1
2025-11-11,WH02,S2
2025-11-11,WH02,S3
2025-11-11,WH03,S1
2025-11-11,WH03,S2
2025-11-11,WH03,S3
2025-11-11,WH04,S1
2025-11-11,WH04,S2
2025-11-11,WH04,S3
2025-11-11,WH05,S1
2025-11-11,WH05,S2
2025-11-11,WH05,S3
2025-11-12,WH01,S1
2025-11-12,WH01,S2
2025-11-12,WH01,S3
2025-11-12,WH02,S1
2025-11-12,WH02,S2
2025-11-12,WH02,S3
2025-11-12,WH03,S1
2025-11-12,WH03,S2
2025-11-12,WH03,S3
2025-11-12,WH04,S1
2025-11-12,WH04,S2
2025-11-12,WH04,S3
2025-11-12,WH05,S1
2025-11-12,WH05,S2
2025-11-12,WH05,S3
2025-11-13,WH01,S1
2025-11-13,WH01,S2
2025-11-13,WH01,S3
2025-11-13,WH02,S1
2025-11-13,WH02,S2
2025-11-13,WH02,S3
2025-11-13,WH03,S1
2025-11-13,WH03,S2
2025-11-13,WH03,S3
2025-11-13,WH04,S1
2025-11-13,WH04,S2
2025-11-13,WH04,S3
2025-11-13,WH05,S1
2025-11-13,WH05,S2
2025-11-13,WH05,S3
2025-11-14,WH01,S1
2025-11-14,WH01,S2
2025-11-14,WH01,S3
2025-11-14,WH02,S1
2025-11-14,WH02,S2
2025-11-14,WH02,S3
2025-11-14,WH03,S1
2025-11-14,WH03,S2
2025-11-14,WH03,S3
2025-11-14,WH04,S1
2025-11-14,WH04,S2
2025-11-14,WH04,S3
2025-11-14,WH05,S1
2025-11-14,WH05,S2
2025-11-14,WH05,S3
2025-11-15,WH01,S1
2025-11-15,WH01,S2
2025-11-15,WH01,S3
2025-11-15,WH02,S1
2025-11-15,WH02,S2
2025-11-15,WH02,S3
2025-11-15,WH03,S1
2025-11-15,WH03,S2
2025-11-15,WH03,S3
2025-11-15,WH04,S1
2025-11-15,WH04,S2
2025-11-15,WH04,S3
2025-11-15,WH05,S1
2025-11-15,WH05,S2
2025-11-15,WH05,S3
2025-11-16,WH01,S1
2025-11-16,WH01,S2
2025-11-16,WH01,S3
2025-11-16,WH02,S1
2025-11-16,WH02,S2
2025-11-16,WH02,S3
2025-11-16,WH03,S1
2025-11-16,WH03,S2
2025-11-16,WH03,S3
2025-11-16,WH04,S1
2025-11-16,WH04,S2
2025-11-16,WH04,S3
2025-11-16,WH05,S1
2025-11-16,WH05,S2
2025-11-16,WH05,S3
2025-11-17,WH01,S1
2025-11-17,WH01,S2
2025-11-17,WH01,S3
2025-11-17,WH02,S1
2025-11-17,WH02,S2
2025-11-17,WH02,S3
2025-11-17,WH03,S1
2025-11-17,WH03,S2
2025-11-17,WH03,S3
2025-11-17,WH04,S1
2025-11-17,WH04,S2
2025-11-17,WH04,S3
2025-11-17,WH05,S1
2025-11-17,WH05,S2
2025-11-17,WH05,S3
2025-11-18,WH01,S1
2025-11-18,WH01,S2
2025-11-18,WH01,S3
2025-11-18,WH02,S1
2025-11-18,WH02,S2
2025-11-18,WH02,S3
2025-11-18,WH03,S1
2025-11-18,WH03,S2
2025-11-18,WH03,S3
2025-11-18,WH04,S1
2025-11-18,WH04,S2
2025-11-18,WH04,S3
2025-11-18,WH05,S1
2025-11-18,WH05,S2
2025-11-18,WH05,S3
2025-11-19,WH01,S1
2025-11-19,WH01,S2
2025-11-19,WH01,S3
2025-11-19,WH02,S1
2025-11-19,WH02,S2
2025-11-19,WH02,S3
2025-11-19,WH03,S1
2025-11-19,WH03,S2
2025-11-19,WH03,S3
2025-11-19,WH04,S1
2025-11-19,WH04,S2
2025-11-19,WH04,S3
2025-11-19,WH05,S1
2025-11-19,WH05,S2
2025-11-19,WH05,S3
2025-11-20,WH01,S1
2025-11-20,WH01,S2
2025-11-20,WH01,S3
2025-11-20,WH02,S1
2025-11-20,WH02,S2
2025-11-20,WH02,S3
2025-11-20,WH03,S1
2025-11-20,WH03,S2
2025-11-20,WH03,S3
2025-11-20,WH04,S1
2025-11-20,WH04,S2
2025-11-20,WH04,S3
2025-11-20,WH05,S1
2025-11-20,WH05,S2
2025-11-20,WH05,S3
2025-11-21,WH01,S1
2025-11-21,WH01,S2
2025-11-21,WH01,S3
2025-11-21,WH02,S1
2025-11-21,WH02,S2
2025-11-21,WH02,S3
2025-11-21,WH03,S1
2025-11-21,WH03,S2
2025-11-21,WH03,S3
2025-11-21,WH04,S1
2025-11-21,WH04,S2
2025-11-21,WH04,S3
2025-11-21,WH05,S1
2025-11-21,WH05,S2
2025-11-21,WH05,S3
2025-11-22,WH01,S1
2025-11-22,WH01,S2
2025-11-22,WH01,S3
2025-11-22,WH02,S1
2025-11-22,WH02,S2
2025-11-22,WH02,S3
2025-11-22,WH03,S1
2025-11-22,WH03,S2
2025-11-22,WH03,S3
2025-11-22,WH04,S1
2025-11-22,WH04,S2
2025-11-22,WH04,S3
2025-11-22,WH05,S1
2025-11-22,WH05,S2
2025-11-22,WH05,S3
2025-11-23,WH01,S1
2025-11-23,WH01,S2
2025-11-23,WH01,S3
2025-11-23,WH02,S1
2025-11-23,WH02,S2
2025-11-23,WH02,S3
2025-11-23,WH03,S1
2025-11-23,WH03,S2
2025-11-23,WH03,S3
2025-11-23,WH04,S1
2025-11-23,WH04,S2
2025-11-23,WH04,S3
2025-11-23,WH05,S1
2025-11-23,WH05,S2
2025-11-23,WH05,S3
2025-11-24,WH01,S1
2025-11-24,WH01,S2
2025-11-24,WH01,S3
2025-11-24,WH02,S1
2025-11-24,WH02,S2
2025-11-24,WH02,S3
2025-11-24,WH03,S1
2025-11-24,WH03,S2
2025-11-24,WH03,S3
2025-11-24,WH04,S1
2025-11-24,WH04,S2
2025-11-24,WH04,S3
2025-11-24,WH05,S1
2025-11-24,WH05,S2
2025-11-24,WH05,S3
2025-11-25,WH01,S1
2025-11-25,WH01,S2
2025-11-25,WH01,S3
2025-11-25,WH02,S1
2025-11-25,WH02,S2
2025-11-25,WH02,S3
2025-11-25,WH03,S1
2025-11-25,WH03,S2
2025-11-25,WH03,S3
2025-11-25,WH04,S1
2025-11-25,WH04,S2
2025-11-25,WH04,S3
2025-11-25,WH05,S1
2025-11-25,WH05,S2
2025-11-25,WH05,S3
2025-11-26,WH01,S1
2025-11-26,WH01,S2
2025-11-26,WH01,S3
2025-11-26,WH02,S1
2025-11-26,WH02,S2
2025-11-26,WH02,S3
2025-11-26,WH03,S1
2025-11-26,WH03,S2
2025-11-26,WH03,S3
2025-11-26,WH04,S1
2025-11-26,WH04,S2
2025-11-26,WH04,S3
2025-11-26,WH05,S1
2025-11-26,WH05,S2
2025-11-26,WH05,S3
2025-11-27,WH01,S1
2025-11-27,WH01,S2
2025-11-27,WH01,S3
2025-11-27,WH02,S1
2025-11-27,WH02,S2
2025-11-27,WH02,S3
2025-11-27,WH03,S1
2025-11-27,WH03,S2
2025-11-27,WH03,S3
2025-11-27,WH04,S1
2025-11-27,WH04,S2
2025-11-27,WH04,S3
2025-11-27,WH05,S1
2025-11-27,WH05,S2
2025-11-27,WH05,S3
2025-11-28,WH01,S1
2025-11-28,WH01,S2
2025-11-28,WH01,S3
2025-11-28,WH02,S1
2025-11-28,WH02,S2
2025-11-28,WH02,S3
2025-11-28,WH03,S1
2025-11-28,WH03,S2
2025-11-28,WH03,S3
2025-11-28,WH04,S1
2025-11-28,WH04,S2
2025-11-28,WH04,S3
2025-11-28,WH05,S1
2025-11-28,WH05,S2
2025-11-28,WH05,S3
2025-11-29,WH01,S1
2025-11-29,WH01,S2
2025-11-29,WH01,S3
2025-11-29,WH02,S1
2025-11-29,WH02,S2
2025-11-29,WH02,S3
2025-11-29,WH03,S1
2025-11-29,WH03,S2
2025-11-29,WH03,S3
2025-11-29,WH04,S1
2025-11-29,WH04,S2
2025-11-29,WH04,S3
2025-11-29,WH05,S1
2025-11-29,WH05,S2
2025-11-29,WH05,S3
2025-11-30,WH01,S1
2025-11-30,WH01,S2
2025-11-30,WH01,S3
2025-11-30,WH02,S1
2025-11-30,WH02,S2
2025-11-30,WH02,S3
2025-11-30,WH03,S1
2025-11-30,WH03,S2
2025-11-30,WH03,S3
2025-11-30,WH04,S1
2025-11-30,WH04,S2
2025-11-30,WH04,S3
2025-11-30,WH05,S1
2025-11-30,WH05,S2
2025-11-30,WH05,S3
2025-12-01,WH01,S1
2025-12-01,WH01,S2
2025-12-01,WH01,S3
2025-12-01,WH02,S1
2025-12-01,WH02,S2
2025-12-01,WH02,S3
2025-12-01,WH03,S1
2025-12-01,WH03,S2
2025-12-01,WH03,S3
2025-12-01,WH04,S1
2025-12-01,WH04,S2
2025-12-01,WH04,S3
2025-12-01,WH05,S1
2025-12-01,WH05,S2
2025-12-01,WH05,S3
2025-12-02,WH01,S1
2025-12-02,WH01,S2
2025-12-02,WH01,S3
2025-12-02,WH02,S1
2025-12-02,WH02,S2
2025-12-02,WH02,S3
2025-12-02,WH03,S1
2025-12-02,WH03,S2
2025-12-02,WH03,S3
2025-12-02,WH04,S1
2025-12-02,WH04,S2
2025-12-02,WH04,S3
2025-12-02,WH05,S1
2025-12-02,WH05,S2
2025-12-02,WH05,S3
2025-12-03,WH01,S1
2025-12-03,WH01,S2
2025-12-03,WH01,S3
2025-12-03,WH02,S1
2025-12-03,WH02,S2
2025-12-03,WH02,S3
2025-12-03,WH03,S1
2025-12-03,WH03,S2
2025-12-03,WH03,S3
2025-12-03,WH04,S1
2025-12-03,WH04,S2
2025-12-03,WH04,S3
2025-12-03,WH05,S1
2025-12-03,WH05,S2
2025-12-03,WH05,S3
2025-12-04,WH01,S1
2025-12-04,WH01,S2
2025-12-04,WH01,S3
2025-12-04,WH02,S1
2025-12-04,WH02,S2
2025-12-04,WH02,S3
2025-12-04,WH03,S1
2025-12-04,WH03,S2
2025-12-04,WH03,S3
2025-12-04,WH04,S1
2025-12-04,WH04,S2
2025-12-04,WH04,S3
2025-12-04,WH05,S1
2025-12-04,WH05,S2
2025-12-04,WH05,S3
2025-12-05,WH01,S1
2025-12-05,WH01,S2
2025-12-05,WH01,S3
2025-12-05,WH02,S1
2025-12-05,WH02,S2
2025-12-05,WH02,S3
2025-12-05,WH03,S1
2025-12-05,WH03,S2
2025-12-05,WH03,S3
2025-12-05,WH04,S1
2025-12-05,WH04,S2
2025-12-05,WH04,S3
2025-12-05,WH05,S1
2025-12-05,WH05,S2
2025-12-05,WH05,S3
2025-12-06,WH01,S1
2025-12-06,WH01,S2
2025-12-06,WH01,S3
2025-12-06,WH02,S1
2025-12-06,WH02,S2
2025-12-06,WH02,S3
2025-12-06,WH03,S1
2025-12-06,WH03,S2
2025-12-06,WH03,S3
2025-12-06,WH04,S1
2025-12-06,WH04,S2
2025-12-06,WH04,S3
2025-12-06,WH05,S1
2025-12-06,WH05,S2
2025-12-06,WH05,S3
2025-12-07,WH01,S1
2025-12-07,WH01,S2
2025-12-07,WH01,S3
2025-12-07,WH02,S1
2025-12-07,WH02,S2
2025-12-07,WH02,S3
2025-12-07,WH03,S1
2025-12-07,WH03,S2
2025-12-07,WH03,S3
2025-12-07,WH04,S1
2025-12-07,WH04,S2
2025-12-07,WH04,S3
2025-12-07,WH05,S1
2025-12-07,WH05,S2
2025-12-07,WH05,S3
2025-12-08,WH01,S1
2025-12-08,WH01,S2
2025-12-08,WH01,S3
2025-12-08,WH02,S1
2025-12-08,WH02,S2
2025-12-08,WH02,S3
2025-12-08,WH03,S1
2025-12-08,WH03,S2
2025-12-08,WH03,S3
2025-12-08,WH04,S1
2025-12-08,WH04,S2
2025-12-08,WH04,S3
2025-12-08,WH05,S1
2025-12-08,WH05,S2
2025-12-08,WH05,S3
2025-12-09,WH01,S1
2025-12-09,WH01,S2
2025-12-09,WH01,S3
2025-12-09,WH02,S1
2025-12-09,WH02,S2
2025-12-09,WH02,S3
2025-12-09,WH03,S1
2025-12-09,WH03,S2
2025-12-09,WH03,S3
2025-12-09,WH04,S1
2025-12-09,WH04,S2
2025-12-09,WH04,S3
2025-12-09,WH05,S1
2025-12-09,WH05,S2
2025-12-09,WH05,S3
2025-12-10,WH01,S1
2025-12-10,WH01,S2
2025-12-10,WH01,S3
2025-12-10,WH02,S1
2025-12-10,WH02,S2
2025-12-10,WH02,S3
2025-12-10,WH03,S1
2025-12-10,WH03,S2
2025-12-10,WH03,S3
2025-12-10,WH04,S1
2025-12-10,WH04,S2
2025-12-10,WH04,S3
2025-12-10,WH05,S1
2025-12-10,WH05,S2
2025-12-10,WH05,S3
2025-12-11,WH01,S1
2025-12-11,WH01,S2
2025-12-11,WH01,S3
2025-12-11,WH02,S1
2025-12-11,WH02,S2
2025-12-11,WH02,S3
2025-12-11,WH03,S1
2025-12-11,WH03,S2
2025-12-11,WH03,S3
2025-12-11,WH04,S1
2025-12-11,WH04,S2
2025-12-11,WH04,S3
2025-12-11,WH05,S1
2025-12-11,WH05,S2
2025-12-11,WH05,S3
2025-12-12,WH01,S1
2025-12-12,WH01,S2
2025-12-12,WH01,S3
2025-12-12,WH02,S1
2025-12-12,WH02,S2
2025-12-12,WH02,S3
2025-12-12,WH03,S1
2025-12-12,WH03,S2
2025-12-12,WH03,S3
2025-12-12,WH04,S1
2025-12-12,WH04,S2
2025-12-12,WH04,S3
2025-12-12,WH05,S1
2025-12-12,WH05,S2
2025-12-12,WH05,S3
2025-12-13,WH01,S1
2025-12-13,WH01,S2
2025-12-13,WH01,S3
2025-12-13,WH02,S1
2025-12-13,WH02,S2
2025-12-13,WH02,S3
2025-12-13,WH03,S1
2025-12-13,WH03,S2
2025-12-13,WH03,S3
2025-12-13,WH04,S1
2025-12-13,WH04,S2
2025-12-13,WH04,S3
2025-12-13,WH05,S1
2025-12-13,WH05,S2
2025-12-13,WH05,S3
2025-12-14,WH01,S1
2025-12-14,WH01,S2
2025-12-14,WH01,S3
2025-12-14,WH02,S1
2025-12-14,WH02,S2
2025-12-14,WH02,S3
2025-12-14,WH03,S1
2025-12-14,WH03,S2
2025-12-14,WH03,S3
2025-12-14,WH04,S1
2025-12-14,WH04,S2
2025-12-14,WH04,S3
2025-12-14,WH05,S1
2025-12-14,WH05,S2
2025-12-14,WH05,S3
2025-12-15,WH01,S1
2025-12-15,WH01,S2
2025-12-15,WH01,S3
2025-12-15,WH02,S1
2025-12-15,WH02,S2
2025-12-15,WH02,S3
2025-12-15,WH03,S1
2025-12-15,WH03,S2
2025-12-15,WH03,S3
2025-12-15,WH04,S1
2025-12-15,WH04,S2
2025-12-15,WH04,S3
2025-12-15,WH05,S1
2025-12-15,WH05,S2
2025-12-15,WH05,S3
2025-12-16,WH01,S1
2025-12-16,WH01,S2
2025-12-16,WH01,S3
2025-12-16,WH02,S1
2025-12-16,WH02,S2
2025-12-16,WH02,S3
2025-12-16,WH03,S1
2025-12-16,WH03,S2
2025-12-16,WH03,S3
2025-12-16,WH04,S1
2025-12-16,WH04,S2
2025-12-16,WH04,S3
2025-12-16,WH05,S1
2025-12-16,WH05,S2
2025-12-16,WH05,S3
2025-12-17,WH01,S1
2025-12-17,WH01,S2
2025-12-17,WH01,S3
2025-12-17,WH02,S1
2025-12-17,WH02,S2
2025-12-17,WH02,S3
2025-12-17,WH03,S1
2025-12-17,WH03,S2
2025-12-17,WH03,S3
2025-12-17,WH04,S1
2025-12-17,WH04,S2
2025-12-17,WH04,S3
2025-12-17,WH05,S1
2025-12-17,WH05,S2
2025-12-17,WH05,S3
2025-12-18,WH01,S1
2025-12-18,WH01,S2
2025-12-18,WH01,S3
2025-12-18,WH02,S1
2025-12-18,WH02,S2
2025-12-18,WH02,S3
2025-12-18,WH03,S1
2025-12-18,WH03,S2
2025-12-18,WH03,S3
2025-12-18,WH04,S1
2025-12-18,WH04,S2
2025-12-18,WH04,S3
2025-12-18,WH05,S1
2025-12-18,WH05,S2
2025-12-18,WH05,S3
2025-12-19,WH01,S1
2025-12-19,WH01,S2
2025-12-19,WH01,S3
2025-12-19,WH02,S1
2025-12-19,WH02,S2
2025-12-19,WH02,S3
2025-12-19,WH03,S1
2025-12-19,WH03,S2
2025-12-19,WH03,S3
2025-12-19,WH04,S1
2025-12-19,WH04,S2
2025-12-19,WH04,S3
2025-12-19,WH05,S1
2025-12-19,WH05,S2
2025-12-19,WH05,S3
2025-12-20,WH01,S1
2025-12-20,WH01,S2
2025-12-20,WH01,S3
2025-12-20,WH02,S1
2025-12-20,WH02,S2
2025-12-20,WH02,S3
2025-12-20,WH03,S1
2025-12-20,WH03,S2
2025-12-20,WH03,S3
2025-12-20,WH04,S1
2025-12-20,WH04,S2
2025-12-20,WH04,S3
2025-12-20,WH05,S1
2025-12-20,WH05,S2
2025-12-20,WH05,S3
2025-12-21,WH01,S1
2025-12-21,WH01,S2
2025-12-21,WH01,S3
2025-12-21,WH02,S1
2025-12-21,WH02,S2
2025-12-21,WH02,S3
2025-12-21,WH03,S1
2025-12-21,WH03,S2
2025-12-21,WH03,S3
2025-12-21,WH04,S1
2025-12-21,WH04,S2
2025-12-21,WH04,S3
2025-12-21,WH05,S1
2025-12-21,WH05,S2
2025-12-21,WH05,S3
2025-12-22,WH01,S1
2025-12-22,WH01,S2
2025-12-22,WH01,S3
2025-12-22,WH02,S1
2025-12-22,WH02,S2
2025-12-22,WH02,S3
2025-12-22,WH03,S1
2025-12-22,WH03,S2
2025-12-22,WH03,S3
2025-12-22,WH04,S1
2025-12-22,WH04,S2
2025-12-22,WH04,S3
2025-12-22,WH05,S1
2025-12-22,WH05,S2
2025-12-22,WH05,S3
2025-12-23,WH01,S1
2025-12-23,WH01,S2
2025-12-23,WH01,S3
2025-12-23,WH02,S1
2025-12-23,WH02,S2
2025-12-23,WH02,S3
2025-12-23,WH03,S1
2025-12-23,WH03,S2
2025-12-23,WH03,S3
2025-12-23,WH04,S1
2025-12-23,WH04,S2
2025-12-23,WH04,S3
2025-12-23,WH05,S1
2025-12-23,WH05,S2
2025-12-23,WH05,S3
2025-12-24,WH01,S1
2025-12-24,WH01,S2
2025-12-24,WH01,S3
2025-12-24,WH02,S1
2025-12-24,WH02,S2
2025-12-24,WH02,S3
2025-12-24,WH03,S1
2025-12-24,WH03,S2
2025-12-24,WH03,S3
2025-12-24,WH04,S1
2025-12-24,WH04,S2
2025-12-24,WH04,S3
2025-12-24,WH05,S1
2025-12-24,WH05,S2
2025-12-24,WH05,S3
2025-12-25,WH01,S1
2025-12-25,WH01,S2
2025-12-25,WH01,S3
2025-12-25,WH02,S1
2025-12-25,WH02,S2
2025-12-25,WH02,S3
2025-12-25,WH03,S1
2025-12-25,WH03,S2
2025-12-25,WH03,S3
2025-12-25,WH04,S1
2025-12-25,WH04,S2
2025-12-25,WH04,S3
2025-12-25,WH05,S1
2025-12-25,WH05,S2
2025-12-25,WH05,S3
2025-12-26,WH01,S1
2025-12-26,WH01,S2
2025-12-26,WH01,S3
2025-12-26,WH02,S1
2025-12-26,WH02,S2
2025-12-26,WH02,S3
2025-12-26,WH03,S1
2025-12-26,WH03,S2
2025-12-26,WH03,S3
2025-12-26,WH04,S1
2025-12-26,WH04,S2
2025-12-26,WH04,S3
2025-12-26,WH05,S1
2025-12-26,WH05,S2
2025-12-26,WH05,S3
2025-12-27,WH01,S1
2025-12-27,WH01,S2
2025-12-27,WH01,S3
2025-12-27,WH02,S1
2025-12-27,WH02,S2
2025-12-27,WH02,S3
2025-12-27,WH03,S1
2025-12-27,WH03,S2
2025-12-27,WH03,S3
2025-12-27,WH04,S1
2025-12-27,WH04,S2
2025-12-27,WH04,S3
2025-12-27,WH05,S1
2025-12-27,WH05,S2
2025-12-27,WH05,S3
2025-12-28,WH01,S1
2025-12-28,WH01,S2
2025-12-28,WH01,S3
2025-12-28,WH02,S1
2025-12-28,WH02,S2
2025-12-28,WH02,S3
2025-12-28,WH03,S1
2025-12-28,WH03,S2
2025-12-28,WH03,S3
2025-12-28,WH04,S1
2025-12-28,WH04,S2
2025-12-28,WH04,S3
2025-12-28,WH05,S1
2025-12-28,WH05,S2
2025-12-28,WH05,S3
2025-12-29,WH01,S1
2025-12-29,WH01,S2
2025-12-29,WH01,S3
2025-12-29,WH02,S1
2025-12-29,WH02,S2
2025-12-29,WH02,S3
2025-12-29,WH03,S1
2025-12-29,WH03,S2
2025-12-29,WH03,S3
2025-12-29,WH04,S1
2025-12-29,WH04,S2
2025-12-29,WH04,S3
2025-12-29,WH05,S1
2025-12-29,WH05,S2
2025-12-29,WH05,S3
2025-12-30,WH01,S1
2025-12-30,WH01,S2
2025-12-30,WH01,S3
2025-12-30,WH02,S1
2025-12-30,WH02,S2
2025-12-30,WH02,S3
2025-12-30,WH03,S1
2025-12-30,WH03,S2
2025-12-30,WH03,S3
2025-12-30,WH04,S1
2025-12-30,WH04,S2
2025-12-30,WH04,S3
2025-12-30,WH05,S1
2025-12-30,WH05,S2
2025-12-30,WH05,S3
2025-12-31,WH01,S1
2025-12-31,WH01,S2
2025-12-31,WH01,S3
2025-12-31,WH02,S1
2025-12-31,WH02,S2
2025-12-31,WH02,S3
2025-12-31,WH03,S1
2025-12-31,WH03,S2
2025-12-31,WH03,S3
2025-12-31,WH04,S1
2025-12-31,WH04,S2
2025-12-31,WH04,S3
2025-12-31,WH05,S1
2025-12-31,WH05,S2
2025-12-31,WH05,S3
